{"frameRate":24,"name":"yuansuxiaochu","armature":[{"name":"yuansuxiaochuku/yuansuxiaochu","bone":[{"transform":{"skX":0,"scY":1,"x":2.05,"skY":0,"y":-1.05,"scX":1},"name":1},{"transform":{"skX":0,"scY":1.35,"x":0.6,"skY":0,"y":0.7,"scX":1.35},"name":12},{"transform":{"skX":0,"scY":0.41,"x":0.6,"skY":0,"y":0.7,"scX":0.41},"name":11},{"transform":{"skX":0,"scY":0.69,"x":0.65,"skY":0,"y":1.15,"scX":0.69},"name":10},{"transform":{"skX":10.97,"scY":0.85,"x":0.05,"skY":10.98,"y":-7.95,"scX":0.62},"name":9},{"transform":{"skX":92.56,"scY":0.85,"x":0.65,"skY":92.56,"y":9.9,"scX":0.62},"name":8},{"transform":{"skX":30.5,"scY":0.85,"x":7.85,"skY":30.5,"y":5.1,"scX":0.62},"name":7},{"transform":{"skX":-24.23,"scY":0.85,"x":-5.5,"skY":-24.23,"y":5.75,"scX":0.62},"name":6},{"transform":{"skX":3.22,"scY":0.85,"x":0.05,"skY":3.22,"y":1.65,"scX":0.62},"name":5},{"transform":{"skX":-24.23,"scY":0.85,"x":-8.55,"skY":-24.23,"y":-7.35,"scX":0.62},"name":4},{"transform":{"skX":16.49,"scY":1,"x":7.65,"skY":16.49,"y":-6.25,"scX":0.87},"name":3},{"transform":{"skX":16.49,"scY":0.73,"x":8.25,"skY":16.49,"y":-2.75,"scX":0.64},"name":2}],"skin":[{"slot":[{"name":1,"z":11,"display":[{"transform":{"pY":48.05,"scY":1,"x":0.05,"y":0.05,"skX":0,"skY":0,"pX":48,"scX":1},"name":"yuansuxiaochuku/ysxfangkuai","type":"image"},{"transform":{"pY":6.25,"scY":1,"x":0,"y":0,"skX":0,"skY":0,"pX":7,"scX":1},"name":"yuansuxiaochuku/ysxfangpian","type":"image"}],"blendMode":"add","parent":1},{"name":12,"z":0,"display":[{"transform":{"pY":50.3,"scY":1,"x":0,"y":0,"skX":0,"skY":0,"pX":50.3,"scX":1},"name":"yuansuxiaochuku/ysxguangdian","type":"image"}],"parent":12},{"name":11,"z":1,"display":[{"transform":{"pY":50.3,"scY":1,"x":0,"y":0,"skX":0,"skY":0,"pX":50.3,"scX":1},"name":"yuansuxiaochuku/ysxguangdian","type":"image"}],"parent":11},{"name":10,"z":2,"display":[{"transform":{"pY":27.9,"scY":1,"x":0,"y":0,"skX":0,"skY":0,"pX":27.9,"scX":1},"name":"yuansuxiaochuku/ysxyuanquan","type":"image"}],"parent":10},{"name":9,"z":3,"display":[{"transform":{"pY":6.25,"scY":1,"x":0,"y":0,"skX":0,"skY":0,"pX":7,"scX":1},"name":"yuansuxiaochuku/ysxfangpian","type":"image"}],"parent":9},{"name":8,"z":4,"display":[{"transform":{"pY":6.25,"scY":1,"x":0,"y":0,"skX":0,"skY":0,"pX":7,"scX":1},"name":"yuansuxiaochuku/ysxfangpian","type":"image"}],"parent":8},{"name":7,"z":5,"display":[{"transform":{"pY":6.25,"scY":1,"x":0,"y":0,"skX":0,"skY":0,"pX":7,"scX":1},"name":"yuansuxiaochuku/ysxfangpian","type":"image"}],"parent":7},{"name":6,"z":6,"display":[{"transform":{"pY":6.25,"scY":1,"x":0,"y":0,"skX":0,"skY":0,"pX":7,"scX":1},"name":"yuansuxiaochuku/ysxfangpian","type":"image"}],"parent":6},{"name":5,"z":7,"display":[{"transform":{"pY":6.25,"scY":1,"x":0,"y":0,"skX":0,"skY":0,"pX":7,"scX":1},"name":"yuansuxiaochuku/ysxfangpian","type":"image"}],"parent":5},{"name":4,"z":8,"display":[{"transform":{"pY":6.25,"scY":1,"x":0,"y":0,"skX":0,"skY":0,"pX":7,"scX":1},"name":"yuansuxiaochuku/ysxfangpian","type":"image"}],"parent":4},{"name":3,"z":9,"display":[{"transform":{"pY":6.25,"scY":1,"x":0,"y":0,"skX":0,"skY":0,"pX":7,"scX":1},"name":"yuansuxiaochuku/ysxfangpian","type":"image"}],"parent":3},{"name":2,"z":10,"display":[{"transform":{"pY":6.25,"scY":1,"x":0,"y":0,"skX":0,"skY":0,"pX":7,"scX":1},"name":"yuansuxiaochuku/ysxfangpian","type":"image"}],"parent":2}],"name":"default"}],"animation":[{"autoTween":1,"timeline":[{"name":1,"scale":1,"frame":[{"z":11,"duration":4,"transform":{"pY":0,"scY":1,"x":2.05,"y":-1.05,"skX":0,"skY":0,"pX":0,"scX":1},"colorTransform":{"aM":0,"rM":100,"aO":0,"gM":100,"rO":0,"bM":100,"gO":0,"bO":0},"tweenEasing":0},{"z":11,"duration":2,"transform":{"pY":0,"scY":1,"x":2.05,"y":-1.05,"skX":0,"skY":0,"pX":0,"scX":1},"tweenEasing":0},{"z":11,"duration":7,"transform":{"pY":0,"scY":1,"x":2.05,"y":-1.05,"skX":0,"skY":0,"pX":0,"scX":1},"colorTransform":{"aM":74,"rM":100,"aO":0,"gM":100,"rO":0,"bM":100,"gO":0,"bO":0},"tweenEasing":0},{"z":11,"duration":1,"transform":{"pY":0,"scY":1,"x":2.05,"y":-1.05,"skX":0,"skY":0,"pX":0,"scX":1},"colorTransform":{"aM":0,"rM":100,"aO":0,"gM":100,"rO":0,"bM":100,"gO":0,"bO":0},"tweenEasing":0}],"offset":0}],"duration":14,"scale":1,"loop":1,"tweenEasing":null,"name":"ue_clear_1","fadeInTime":0},{"autoTween":1,"timeline":[{"name":12,"scale":1,"frame":[{"z":0,"duration":3,"transform":{"pY":0,"scY":1.35,"x":0.6,"y":0.7,"skX":0,"skY":0,"pX":0,"scX":1.35},"tweenEasing":0},{"z":0,"duration":2,"transform":{"pY":0,"scY":1.1,"x":0.6,"y":0.7,"skX":0,"skY":0,"pX":0,"scX":1.1},"colorTransform":{"aM":60,"rM":100,"aO":0,"gM":100,"rO":0,"bM":100,"gO":0,"bO":0},"tweenEasing":0},{"z":0,"duration":1,"transform":{"pY":0,"scY":0.93,"x":0.6,"y":0.7,"skX":0,"skY":0,"pX":0,"scX":0.93},"colorTransform":{"aM":0,"rM":100,"aO":0,"gM":100,"rO":0,"bM":100,"gO":0,"bO":0}},{"duration":16,"displayIndex":-1}],"offset":0},{"name":11,"scale":1,"frame":[{"duration":3,"displayIndex":-1},{"z":1,"duration":1,"transform":{"pY":0,"scY":0.41,"x":0.6,"y":0.7,"skX":0,"skY":0,"pX":0,"scX":0.41},"colorTransform":{"aM":60,"rM":100,"aO":0,"gM":100,"rO":0,"bM":100,"gO":0,"bO":0},"tweenEasing":0},{"z":1,"duration":7,"transform":{"pY":0,"scY":1.3,"x":0.6,"y":0.7,"skX":0,"skY":0,"pX":0,"scX":1.3},"colorTransform":{"aM":80,"rM":100,"aO":0,"gM":100,"rO":0,"bM":100,"gO":0,"bO":0},"tweenEasing":0},{"z":1,"duration":10,"transform":{"pY":0,"scY":1.59,"x":0.6,"y":0.7,"skX":0,"skY":0,"pX":0,"scX":1.59},"colorTransform":{"aM":50,"rM":100,"aO":0,"gM":100,"rO":0,"bM":100,"gO":0,"bO":0},"tweenEasing":0},{"z":1,"duration":1,"transform":{"pY":0,"scY":1.75,"x":0.6,"y":0.7,"skX":0,"skY":0,"pX":0,"scX":1.75},"colorTransform":{"aM":0,"rM":100,"aO":0,"gM":100,"rO":0,"bM":100,"gO":0,"bO":0}}],"offset":0},{"name":10,"scale":1,"frame":[{"duration":3,"displayIndex":-1},{"z":2,"duration":2,"transform":{"pY":0,"scY":0.69,"x":0.65,"y":1.15,"skX":0,"skY":0,"pX":0,"scX":0.69},"colorTransform":{"aM":5,"rM":100,"aO":0,"gM":100,"rO":0,"bM":100,"gO":0,"bO":0},"tweenEasing":0},{"z":2,"duration":11,"transform":{"pY":0,"scY":1.01,"x":0.65,"y":1.15,"skX":0,"skY":0,"pX":0,"scX":1.01},"colorTransform":{"aM":70,"rM":100,"aO":0,"gM":100,"rO":0,"bM":100,"gO":0,"bO":0},"tweenEasing":0},{"z":2,"duration":1,"transform":{"pY":0,"scY":1.23,"x":0.65,"y":1.15,"skX":0,"skY":0,"pX":0,"scX":1.23},"colorTransform":{"aM":0,"rM":100,"aO":0,"gM":100,"rO":0,"bM":100,"gO":0,"bO":0}},{"duration":5,"displayIndex":-1}],"offset":0},{"name":9,"scale":1,"frame":[{"duration":2,"displayIndex":-1},{"transform":{"pY":0,"scY":0.85,"x":0.05,"y":-7.95,"skX":10.97,"skY":10.98,"pX":0,"scX":0.62},"z":3,"duration":1},{"z":3,"duration":1,"transform":{"pY":0,"scY":1.05,"x":1.3,"y":-15.4,"skX":10.97,"skY":10.98,"pX":0,"scX":0.77},"tweenEasing":0},{"z":3,"duration":16,"transform":{"pY":0,"scY":0.79,"x":2.5,"y":-23.95,"skX":10.97,"skY":10.98,"pX":0,"scX":0.9},"tweenEasing":0},{"z":3,"duration":1,"transform":{"pY":0,"scY":0.47,"x":3.45,"y":-25.05,"skX":10.97,"skY":10.97,"pX":0,"scX":0.54},"colorTransform":{"aM":0,"rM":100,"aO":0,"gM":100,"rO":0,"bM":100,"gO":0,"bO":0}},{"duration":1,"displayIndex":-1}],"offset":0},{"name":8,"scale":1,"frame":[{"duration":2,"displayIndex":-1},{"transform":{"pY":0,"scY":0.85,"x":0.65,"y":9.9,"skX":92.56,"skY":92.56,"pX":0,"scX":0.62},"z":4,"duration":1},{"z":4,"duration":2,"transform":{"pY":0,"scY":0.84,"x":5.2,"y":20.5,"skX":92.56,"skY":92.56,"pX":0,"scX":0.62},"tweenEasing":0},{"z":4,"duration":12,"transform":{"pY":0,"scY":0.99,"x":7.4,"y":28.4,"skX":92.56,"skY":92.56,"pX":0,"scX":0.58},"tweenEasing":0},{"z":4,"duration":1,"transform":{"pY":0,"scY":0.52,"x":7.95,"y":32.1,"skX":92.56,"skY":92.56,"pX":0,"scX":0.26},"colorTransform":{"aM":0,"rM":100,"aO":0,"gM":100,"rO":0,"bM":100,"gO":0,"bO":0}},{"duration":4,"displayIndex":-1}],"offset":0},{"name":7,"scale":1,"frame":[{"duration":2,"displayIndex":-1},{"transform":{"pY":0,"scY":0.85,"x":7.85,"y":5.1,"skX":30.5,"skY":30.5,"pX":0,"scX":0.62},"z":5,"duration":1},{"z":5,"duration":1,"transform":{"pY":0,"scY":1.09,"x":17.35,"y":11.95,"skX":30.5,"skY":30.5,"pX":0,"scX":0.98},"tweenEasing":0},{"z":5,"duration":12,"transform":{"pY":0,"scY":1.5,"x":27,"y":17,"skX":39.44,"skY":39.44,"pX":0,"scX":0.95},"tweenEasing":0},{"z":5,"duration":1,"transform":{"pY":0,"scY":0.78,"x":29.2,"y":20.25,"skX":39.44,"skY":39.44,"pX":0,"scX":0.43},"colorTransform":{"aM":0,"rM":100,"aO":0,"gM":100,"rO":0,"bM":100,"gO":0,"bO":0}},{"duration":5,"displayIndex":-1}],"offset":0},{"name":6,"scale":1,"frame":[{"duration":2,"displayIndex":-1},{"transform":{"pY":0,"scY":0.85,"x":-5.5,"y":5.75,"skX":-24.23,"skY":-24.23,"pX":0,"scX":0.62},"z":6,"duration":1},{"z":6,"duration":2,"transform":{"pY":0,"scY":0.96,"x":-17.6,"y":10.7,"skX":-24.23,"skY":-24.23,"pX":0,"scX":0.7},"tweenEasing":0},{"z":6,"duration":13,"transform":{"pY":0,"scY":1.12,"x":-24.2,"y":16.3,"skX":-24.23,"skY":-24.23,"pX":0,"scX":0.63},"tweenEasing":0},{"z":6,"duration":1,"transform":{"pY":0,"scY":0.47,"x":-26.5,"y":19.5,"skX":-24.23,"skY":-24.23,"pX":0,"scX":0.21},"colorTransform":{"aM":0,"rM":100,"aO":0,"gM":100,"rO":0,"bM":100,"gO":0,"bO":0}},{"duration":3,"displayIndex":-1}],"offset":0},{"name":5,"scale":1,"frame":[{"duration":2,"displayIndex":-1},{"transform":{"pY":0,"scY":0.85,"x":0.05,"y":1.65,"skX":3.22,"skY":3.22,"pX":0,"scX":0.62},"z":7,"duration":1},{"z":7,"duration":3,"transform":{"pY":0,"scY":1.1,"x":-2.75,"y":9.4,"skX":3.22,"skY":3.22,"pX":0,"scX":0.81},"tweenEasing":0},{"z":7,"duration":14,"transform":{"pY":0,"scY":1.06,"x":-7.05,"y":15.35,"skX":6.55,"skY":3.22,"pX":0,"scX":0.95},"tweenEasing":0},{"z":7,"duration":1,"transform":{"pY":0,"scY":0.47,"x":-9.55,"y":20.95,"skX":6.55,"skY":3.22,"pX":0,"scX":0.5},"colorTransform":{"aM":0,"rM":100,"aO":0,"gM":100,"rO":0,"bM":100,"gO":0,"bO":0}},{"duration":1,"displayIndex":-1}],"offset":0},{"name":4,"scale":1,"frame":[{"duration":2,"displayIndex":-1},{"transform":{"pY":0,"scY":0.85,"x":-8.55,"y":-7.35,"skX":-24.23,"skY":-24.23,"pX":0,"scX":0.62},"z":8,"duration":1},{"z":8,"duration":2,"transform":{"pY":0,"scY":0.85,"x":-19.15,"y":-10.1,"skX":-51.22,"skY":-51.22,"pX":0,"scX":0.7},"tweenEasing":0},{"z":8,"duration":13,"transform":{"pY":0,"scY":0.64,"x":-25.4,"y":-14.15,"skX":-51.22,"skY":-51.22,"pX":0,"scX":0.82},"tweenEasing":0},{"z":8,"duration":1,"transform":{"pY":0,"scY":0.53,"x":-27,"y":-16.25,"skX":-51.22,"skY":-51.22,"pX":0,"scX":0.69},"colorTransform":{"aM":0,"rM":100,"aO":0,"gM":100,"rO":0,"bM":100,"gO":0,"bO":0}},{"duration":3,"displayIndex":-1}],"offset":0},{"name":3,"scale":1,"frame":[{"duration":2,"displayIndex":-1},{"transform":{"pY":0,"scY":1,"x":7.65,"y":-6.25,"skX":16.49,"skY":16.49,"pX":0,"scX":0.87},"z":9,"duration":1},{"z":9,"duration":2,"transform":{"pY":0,"scY":1.12,"x":18.2,"y":-10.7,"skX":16.49,"skY":16.49,"pX":0,"scX":0.98},"tweenEasing":0},{"z":9,"duration":14,"transform":{"pY":0,"scY":1.32,"x":29.4,"y":-14.6,"skX":2.29,"skY":2.29,"pX":0,"scX":1.15},"tweenEasing":0},{"z":9,"duration":1,"transform":{"pY":0,"scY":0.74,"x":33,"y":-11.65,"skX":2.29,"skY":2.29,"pX":0,"scX":0.57},"colorTransform":{"aM":0,"rM":100,"aO":0,"gM":100,"rO":0,"bM":100,"gO":0,"bO":0}},{"duration":2,"displayIndex":-1}],"offset":0},{"name":2,"scale":1,"frame":[{"duration":4,"displayIndex":-1},{"z":10,"duration":2,"transform":{"pY":0,"scY":0.73,"x":8.25,"y":-2.75,"skX":16.49,"skY":16.49,"pX":0,"scX":0.64},"colorTransform":{"aM":53,"rM":100,"aO":0,"gM":100,"rO":0,"bM":100,"gO":0,"bO":0},"tweenEasing":0},{"z":10,"duration":12,"transform":{"pY":0,"scY":1.41,"x":9.75,"y":-2.75,"skX":16.49,"skY":16.49,"pX":0,"scX":1.23},"tweenEasing":0},{"z":10,"duration":1,"transform":{"pY":0,"scY":1.07,"x":11.95,"y":0.25,"skX":16.49,"skY":16.49,"pX":0,"scX":0.93},"colorTransform":{"aM":0,"rM":100,"aO":0,"gM":100,"rO":0,"bM":100,"gO":0,"bO":0}},{"duration":3,"displayIndex":-1}],"offset":0},{"name":1,"scale":1,"frame":[{"duration":6,"displayIndex":-1},{"z":11,"duration":2,"transform":{"pY":0,"scY":0.73,"x":-6.2,"y":-4.35,"skX":16.49,"skY":16.49,"pX":0,"scX":0.64},"colorTransform":{"aM":53,"rM":100,"aO":0,"gM":100,"rO":0,"bM":100,"gO":0,"bO":0},"displayIndex":1,"tweenEasing":0},{"z":11,"duration":12,"transform":{"pY":0,"scY":0.56,"x":-9.9,"y":-6.45,"skX":16.49,"skY":16.49,"pX":0,"scX":0.49},"colorTransform":{"aM":53,"rM":100,"aO":0,"gM":100,"rO":0,"bM":100,"gO":0,"bO":0},"displayIndex":1,"tweenEasing":0},{"z":11,"duration":1,"transform":{"pY":0,"scY":0.42,"x":-12.15,"y":-4.8,"skX":16.49,"skY":16.49,"pX":0,"scX":0.37},"colorTransform":{"aM":0,"rM":100,"aO":0,"gM":100,"rO":0,"bM":100,"gO":0,"bO":0},"displayIndex":1},{"duration":1,"displayIndex":-1}],"offset":0}],"duration":22,"scale":1,"loop":1,"tweenEasing":null,"name":"ue_clear_2","fadeInTime":0}]}],"version":2.3}