{"frameRate":30,"name":"baida","armature":[{"name":"baidaku/baida","bone":[{"transform":{"skX":0,"scY":1.38,"x":6.8,"skY":0,"y":-70.1,"scX":1.38},"name":12},{"transform":{"skX":0,"scY":1.07,"x":4.55,"skY":0,"y":-2.4,"scX":1.07},"name":11},{"transform":{"skX":0,"scY":2,"x":7.35,"skY":0,"y":-87.9,"scX":2.43},"name":10},{"transform":{"skX":0,"scY":1.45,"x":4.45,"skY":0,"y":-11.8,"scX":1.28},"name":9},{"transform":{"skX":-51.67,"scY":0.62,"x":-18.65,"skY":-51.68,"y":-6.2,"scX":0.57},"name":8},{"transform":{"skX":39.47,"scY":1.14,"x":29.15,"skY":39.47,"y":-7.25,"scX":0.72},"name":7},{"transform":{"skX":27.53,"scY":0.77,"x":11.1,"skY":27.53,"y":-10.55,"scX":0.77},"name":6},{"transform":{"skX":0,"scY":1.19,"x":5.3,"skY":0,"y":-1.65,"scX":1.19},"name":5},{"transform":{"skX":41.78,"scY":0.93,"x":13.95,"skY":41.77,"y":-28.2,"scX":0.59},"name":4},{"transform":{"skX":70.28,"scY":0.68,"x":4.25,"skY":70.28,"y":1.15,"scX":0.58},"name":3},{"transform":{"skX":118.52,"scY":0.8,"x":-15.15,"skY":118.52,"y":4.45,"scX":0.69},"name":2},{"transform":{"skX":45.04,"scY":0.73,"x":17.35,"skY":45.04,"y":9.8,"scX":0.63},"name":1}],"skin":[{"slot":[{"name":12,"z":0,"display":[{"transform":{"pY":29.5,"scY":1,"x":0,"y":0,"skX":0,"skY":0,"pX":29.5,"scX":1},"name":"baidaku/baidayuansu","type":"image"}],"parent":12},{"name":11,"z":1,"display":[{"transform":{"pY":32.95,"scY":1,"x":0.05,"y":0.05,"skX":0,"skY":0,"pX":33,"scX":1},"name":"baidaku/baidalunkuo","type":"image"}],"parent":11},{"name":10,"z":2,"display":[{"transform":{"pY":34,"scY":1,"x":0,"y":0,"skX":0,"skY":0,"pX":24.75,"scX":1},"name":"baidaku/baidadiguang","type":"image"}],"parent":10},{"name":9,"z":3,"display":[{"transform":{"pY":34,"scY":1,"x":0,"y":0,"skX":0,"skY":0,"pX":24.75,"scX":1},"name":"baidaku/baidadiguang","type":"image"}],"parent":9},{"name":8,"z":4,"display":[{"transform":{"pY":6.95,"scY":1,"x":0,"y":0,"skX":0,"skY":0,"pX":6.95,"scX":1},"name":"baidaku/baidafangkuai","type":"image"}],"blendMode":"add","parent":8},{"name":7,"z":5,"display":[{"transform":{"pY":6.95,"scY":1,"x":0,"y":0,"skX":0,"skY":0,"pX":6.95,"scX":1},"name":"baidaku/baidafangkuai","type":"image"}],"blendMode":"add","parent":7},{"name":6,"z":6,"display":[{"transform":{"pY":6.95,"scY":1,"x":0,"y":0,"skX":0,"skY":0,"pX":6.95,"scX":1},"name":"baidaku/baidafangkuai","type":"image"}],"blendMode":"add","parent":6},{"name":5,"z":7,"display":[{"transform":{"pY":6.95,"scY":1,"x":0,"y":0,"skX":0,"skY":0,"pX":6.95,"scX":1},"name":"baidaku/baidafangkuai","type":"image"},{"transform":{"pY":37,"scY":1,"x":0,"y":0,"skX":0,"skY":0,"pX":35.5,"scX":1},"name":"baidaku/baidaguding","type":"image"}],"blendMode":"add","parent":5},{"name":4,"z":8,"display":[{"transform":{"pY":6.95,"scY":1,"x":0,"y":0,"skX":0,"skY":0,"pX":6.95,"scX":1},"name":"baidaku/baidafangkuai","type":"image"},{"transform":{"pY":13,"scY":1,"x":0,"y":0,"skX":0,"skY":0,"pX":12.5,"scX":1},"name":"baidaku/baidaliuguang2","type":"image"},{"transform":{"pY":18.5,"scY":1,"x":0,"y":0,"skX":0,"skY":0,"pX":17,"scX":1},"name":"baidaku/baidaliuguang3","type":"image"},{"transform":{"pY":23.5,"scY":1,"x":0,"y":0,"skX":0,"skY":0,"pX":24,"scX":1},"name":"baidaku/baidaliuguang4","type":"image"},{"transform":{"pY":28,"scY":1,"x":0,"y":0,"skX":0,"skY":0,"pX":28.5,"scX":1},"name":"baidaku/baidaliuguang5","type":"image"},{"transform":{"pY":32.5,"scY":1,"x":0,"y":0,"skX":0,"skY":0,"pX":32.5,"scX":1},"name":"baidaku/baidaliuguang6","type":"image"},{"transform":{"pY":33,"scY":1,"x":0,"y":0,"skX":0,"skY":0,"pX":32.5,"scX":1},"name":"baidaku/baidaliuguang7","type":"image"},{"transform":{"pY":33,"scY":1,"x":0,"y":0,"skX":0,"skY":0,"pX":32.5,"scX":1},"name":"baidaku/baidaliuguang8","type":"image"},{"transform":{"pY":8.5,"scY":1,"x":0,"y":0,"skX":0,"skY":0,"pX":7,"scX":1},"name":"baidaku/baidaliuguang1","type":"image"}],"blendMode":"add","parent":4},{"name":3,"z":9,"display":[{"transform":{"pY":6.95,"scY":1,"x":0,"y":0,"skX":0,"skY":0,"pX":6.95,"scX":1},"name":"baidaku/baidafangkuai","type":"image"},{"transform":{"pY":22.6,"scY":1,"x":0,"y":0,"skX":0,"skY":0,"pX":19.95,"scX":1},"name":"baidaku/baidagaoguang","type":"image"}],"blendMode":"add","parent":3},{"name":2,"z":10,"display":[{"transform":{"pY":6.95,"scY":1,"x":0,"y":0,"skX":0,"skY":0,"pX":6.95,"scX":1},"name":"baidaku/baidafangkuai","type":"image"},{"transform":{"pY":-4.2,"scY":1,"x":-32.4,"y":-33.15,"skX":0,"skY":0,"pX":-4.9,"scX":1},"name":"baidaku/baidaxingxing","type":"image"}],"blendMode":"add","parent":2},{"name":1,"z":11,"display":[{"transform":{"pY":6.95,"scY":1,"x":0,"y":0,"skX":0,"skY":0,"pX":6.95,"scX":1},"name":"baidaku/baidafangkuai","type":"image"},{"transform":{"pY":19.05,"scY":1,"x":0,"y":0,"skX":0,"skY":0,"pX":19.1,"scX":1},"name":"baidaku/baidaxingguang","type":"image"}],"blendMode":"add","parent":1}],"name":"default"}],"animation":[{"autoTween":1,"timeline":[{"name":12,"scale":1,"frame":[{"z":0,"duration":5,"transform":{"pY":0,"scY":1.38,"x":6.8,"y":-70.1,"skX":0,"skY":0,"pX":0,"scX":1.38},"colorTransform":{"aM":20,"rM":100,"aO":0,"gM":100,"rO":0,"bM":100,"gO":0,"bO":0},"tweenEasing":0},{"z":0,"duration":3,"transform":{"pY":0,"scY":0.9,"x":4.8,"y":2.25,"skX":0,"skY":0,"pX":0,"scX":1.05},"tweenEasing":0},{"z":0,"duration":2,"transform":{"pY":0,"scY":1.17,"x":4.8,"y":-4.4,"skX":0,"skY":0,"pX":0,"scX":1.04},"tweenEasing":0},{"z":0,"duration":2,"transform":{"pY":0,"scY":0.93,"x":4.8,"y":1.4,"skX":0,"skY":0,"pX":0,"scX":1.06},"tweenEasing":0},{"transform":{"pY":0,"scY":1,"x":4.8,"y":-1.1,"skX":0,"skY":0,"pX":0,"scX":1},"z":0,"duration":15},{"transform":{"pY":0,"scY":1,"x":4.8,"y":-1.1,"skX":0,"skY":0,"pX":0,"scX":1},"z":0,"duration":1}],"offset":0},{"name":11,"scale":1,"frame":[{"duration":5,"displayIndex":-1},{"z":1,"duration":2,"transform":{"pY":0,"scY":1.07,"x":4.55,"y":-2.4,"skX":0,"skY":0,"pX":0,"scX":1.07},"colorTransform":{"aM":65,"rM":100,"aO":0,"gM":100,"rO":0,"bM":100,"gO":0,"bO":0},"tweenEasing":0},{"z":1,"duration":6,"transform":{"pY":-0.05,"scY":1.28,"x":4.55,"y":-2.35,"skX":0,"skY":0,"pX":0,"scX":1.28},"colorTransform":{"aM":65,"rM":100,"aO":0,"gM":100,"rO":0,"bM":100,"gO":0,"bO":0},"tweenEasing":0},{"z":1,"duration":1,"transform":{"pY":-0.05,"scY":1.31,"x":4.55,"y":-2.35,"skX":0,"skY":0,"pX":0,"scX":1.31},"colorTransform":{"aM":0,"rM":100,"aO":0,"gM":100,"rO":0,"bM":100,"gO":0,"bO":0},"tweenEasing":0},{"duration":14,"displayIndex":-1}],"offset":0},{"name":10,"scale":1,"frame":[{"z":2,"duration":5,"transform":{"pY":0,"scY":2,"x":7.35,"y":-87.9,"skX":0,"skY":0,"pX":0,"scX":2.43},"colorTransform":{"aM":27,"rM":100,"aO":0,"gM":100,"rO":0,"bM":100,"gO":0,"bO":0},"tweenEasing":0},{"z":2,"duration":5,"transform":{"pY":0,"scY":2,"x":4.15,"y":-17.6,"skX":0,"skY":0,"pX":0,"scX":2},"colorTransform":{"aM":50,"rM":100,"aO":0,"gM":100,"rO":0,"bM":100,"gO":0,"bO":0},"tweenEasing":0},{"z":2,"duration":5,"transform":{"pY":0,"scY":1.65,"x":4.1,"y":-13.75,"skX":0,"skY":0,"pX":0,"scX":2.13},"colorTransform":{"aM":34,"rM":100,"aO":0,"gM":100,"rO":0,"bM":100,"gO":0,"bO":0},"tweenEasing":0},{"z":2,"duration":1,"transform":{"pY":0,"scY":1.59,"x":4.15,"y":-11.3,"skX":0,"skY":0,"pX":0,"scX":2},"colorTransform":{"aM":0,"rM":100,"aO":0,"gM":100,"rO":0,"bM":100,"gO":0,"bO":0}},{"duration":12,"displayIndex":-1}],"offset":0},{"name":9,"scale":1,"frame":[{"duration":5,"displayIndex":-1},{"z":3,"duration":5,"transform":{"pY":0,"scY":1.45,"x":4.45,"y":-11.8,"skX":0,"skY":0,"pX":0,"scX":1.28},"colorTransform":{"aM":50,"rM":100,"aO":0,"gM":100,"rO":0,"bM":100,"gO":0,"bO":0},"tweenEasing":0},{"z":3,"duration":4,"transform":{"pY":0,"scY":0.96,"x":4.5,"y":1.9,"skX":0,"skY":0,"pX":0,"scX":1.11},"colorTransform":{"aM":31,"rM":100,"aO":0,"gM":100,"rO":0,"bM":100,"gO":0,"bO":0},"tweenEasing":0},{"z":3,"duration":6,"transform":{"pY":0,"scY":1.45,"x":4.35,"y":-11.8,"skX":0,"skY":0,"pX":0,"scX":1.48},"colorTransform":{"aM":46,"rM":100,"aO":0,"gM":100,"rO":0,"bM":100,"gO":0,"bO":0},"tweenEasing":0},{"z":3,"duration":6,"transform":{"pY":0,"scY":1.45,"x":4.35,"y":-11.8,"skX":0,"skY":0,"pX":0,"scX":1.48},"colorTransform":{"aM":29,"rM":100,"aO":0,"gM":100,"rO":0,"bM":100,"gO":0,"bO":0},"tweenEasing":0},{"z":3,"duration":1,"transform":{"pY":0,"scY":1.45,"x":4.35,"y":-11.8,"skX":0,"skY":0,"pX":0,"scX":1.48},"colorTransform":{"aM":0,"rM":100,"aO":0,"gM":100,"rO":0,"bM":100,"gO":0,"bO":0}},{"duration":1,"displayIndex":-1}],"offset":0},{"name":8,"scale":1,"frame":[{"duration":5,"displayIndex":-1},{"z":4,"duration":4,"transform":{"pY":0,"scY":0.62,"x":-18.65,"y":-6.2,"skX":-51.67,"skY":-51.68,"pX":0,"scX":0.57},"tweenEasing":0},{"z":4,"duration":5,"transform":{"pY":0,"scY":0.68,"x":-21.45,"y":-13.25,"skX":-65.63,"skY":-65.63,"pX":0,"scX":0.62},"tweenEasing":0},{"z":4,"duration":1,"transform":{"pY":0,"scY":0.6,"x":-21.7,"y":-9,"skX":-65.63,"skY":-65.63,"pX":0,"scX":0.55},"colorTransform":{"aM":0,"rM":100,"aO":0,"gM":100,"rO":0,"bM":100,"gO":0,"bO":0}},{"duration":13,"displayIndex":-1}],"offset":0},{"name":7,"scale":1,"frame":[{"duration":5,"displayIndex":-1},{"z":5,"duration":4,"transform":{"pY":0,"scY":1.14,"x":29.15,"y":-7.25,"skX":39.47,"skY":39.47,"pX":0,"scX":0.72},"tweenEasing":0},{"z":5,"duration":4,"transform":{"pY":0,"scY":0.99,"x":32.6,"y":-4.05,"skX":39.47,"skY":39.47,"pX":0,"scX":0.76},"tweenEasing":0},{"z":5,"duration":1,"transform":{"pY":0,"scY":0.81,"x":33.35,"y":2.2,"skX":39.47,"skY":39.47,"pX":0,"scX":0.62},"colorTransform":{"aM":0,"rM":100,"aO":0,"gM":100,"rO":0,"bM":100,"gO":0,"bO":0}},{"duration":14,"displayIndex":-1}],"offset":0},{"name":6,"scale":1,"frame":[{"duration":5,"displayIndex":-1},{"z":6,"duration":4,"transform":{"pY":0,"scY":0.77,"x":11.1,"y":-10.55,"skX":27.53,"skY":27.53,"pX":0,"scX":0.77},"tweenEasing":0},{"z":6,"duration":7,"transform":{"pY":0,"scY":0.77,"x":24.95,"y":-14.5,"skX":27.53,"skY":27.53,"pX":0,"scX":0.77},"tweenEasing":0},{"z":6,"duration":1,"transform":{"pY":0,"scY":0.58,"x":27.7,"y":-7.65,"skX":27.53,"skY":27.53,"pX":0,"scX":0.59},"colorTransform":{"aM":0,"rM":100,"aO":0,"gM":100,"rO":0,"bM":100,"gO":0,"bO":0}},{"duration":11,"displayIndex":-1}],"offset":0},{"name":5,"scale":1,"frame":[{"duration":5,"displayIndex":-1},{"z":7,"duration":4,"transform":{"pY":0,"scY":0.53,"x":-11.5,"y":-24.9,"skX":-49.39,"skY":-49.39,"pX":0,"scX":0.48},"tweenEasing":0},{"z":7,"duration":5,"transform":{"pY":0,"scY":0.64,"x":-13,"y":-27.55,"skX":-49.39,"skY":-49.39,"pX":0,"scX":0.58},"tweenEasing":0},{"z":7,"duration":1,"transform":{"pY":0,"scY":0.64,"x":-15.15,"y":-22.2,"skX":-49.39,"skY":-49.39,"pX":0,"scX":0.58},"colorTransform":{"aM":0,"rM":100,"aO":0,"gM":100,"rO":0,"bM":100,"gO":0,"bO":0}},{"duration":13,"displayIndex":-1}],"offset":0},{"name":4,"scale":1,"frame":[{"duration":5,"displayIndex":-1},{"z":8,"duration":4,"transform":{"pY":0,"scY":0.93,"x":13.95,"y":-28.2,"skX":41.78,"skY":41.77,"pX":0,"scX":0.59},"tweenEasing":0},{"z":8,"duration":6,"transform":{"pY":0,"scY":0.98,"x":16.8,"y":-31.55,"skX":41.78,"skY":41.77,"pX":0,"scX":0.61},"tweenEasing":0},{"z":8,"duration":1,"transform":{"pY":0,"scY":0.51,"x":20.95,"y":-23.7,"skX":45.01,"skY":45,"pX":0,"scX":0.49},"colorTransform":{"aM":0,"rM":100,"aO":0,"gM":100,"rO":0,"bM":100,"gO":0,"bO":0}},{"duration":12,"displayIndex":-1}],"offset":0},{"name":3,"scale":1,"frame":[{"duration":5,"displayIndex":-1},{"z":9,"duration":4,"transform":{"pY":0,"scY":0.68,"x":4.25,"y":1.15,"skX":70.28,"skY":70.28,"pX":0,"scX":0.58},"tweenEasing":0},{"z":9,"duration":5,"transform":{"pY":0,"scY":0.97,"x":6.4,"y":-5.95,"skX":70.28,"skY":70.28,"pX":0,"scX":0.83},"tweenEasing":0},{"z":9,"duration":1,"transform":{"pY":0,"scY":0.74,"x":6.4,"y":2.4,"skX":70.28,"skY":70.28,"pX":0,"scX":0.63},"colorTransform":{"aM":0,"rM":100,"aO":0,"gM":100,"rO":0,"bM":100,"gO":0,"bO":0}},{"duration":13,"displayIndex":-1}],"offset":0},{"name":2,"scale":1,"frame":[{"duration":5,"displayIndex":-1},{"z":10,"duration":4,"transform":{"pY":0,"scY":0.8,"x":-15.15,"y":4.45,"skX":118.52,"skY":118.52,"pX":0,"scX":0.69},"tweenEasing":0},{"z":10,"duration":4,"transform":{"pY":0,"scY":1.01,"x":-18.8,"y":1.8,"skX":118.52,"skY":118.52,"pX":0,"scX":0.86},"tweenEasing":0},{"z":10,"duration":1,"transform":{"pY":0,"scY":0.68,"x":-24.3,"y":13.85,"skX":118.52,"skY":118.52,"pX":0,"scX":0.59},"colorTransform":{"aM":0,"rM":100,"aO":0,"gM":100,"rO":0,"bM":100,"gO":0,"bO":0}},{"duration":14,"displayIndex":-1}],"offset":0},{"name":1,"scale":1,"frame":[{"duration":5,"displayIndex":-1},{"z":11,"duration":4,"transform":{"pY":0,"scY":0.73,"x":17.35,"y":9.8,"skX":45.04,"skY":45.04,"pX":0,"scX":0.63},"tweenEasing":0},{"z":11,"duration":6,"transform":{"pY":0,"scY":0.81,"x":20,"y":10,"skX":45.04,"skY":45.04,"pX":0,"scX":0.7},"tweenEasing":0},{"z":11,"duration":1,"transform":{"pY":0,"scY":0.46,"x":23.55,"y":17.05,"skX":45.04,"skY":45.04,"pX":0,"scX":0.4},"colorTransform":{"aM":0,"rM":100,"aO":0,"gM":100,"rO":0,"bM":100,"gO":0,"bO":0}},{"duration":12,"displayIndex":-1}],"offset":0}],"duration":28,"scale":1,"loop":1,"tweenEasing":null,"name":"bonus_03_01_cast","fadeInTime":0},{"autoTween":1,"timeline":[{"name":5,"scale":1,"frame":[{"z":7,"duration":4,"transform":{"pY":0,"scY":1.19,"x":5.3,"y":-1.65,"skX":0,"skY":0,"pX":0,"scX":1.19},"colorTransform":{"aM":0,"rM":100,"aO":0,"gM":100,"rO":0,"bM":100,"gO":0,"bO":0},"displayIndex":1,"tweenEasing":0},{"z":7,"duration":3,"transform":{"pY":0,"scY":0.95,"x":5.3,"y":-1.65,"skX":0,"skY":0,"pX":0,"scX":0.95},"displayIndex":1,"tweenEasing":0},{"z":7,"duration":3,"transform":{"pY":0,"scY":1.06,"x":5.3,"y":-1.65,"skX":0,"skY":0,"pX":0,"scX":1.06},"displayIndex":1,"tweenEasing":0},{"z":7,"duration":40,"transform":{"pY":0,"scY":1,"x":5.3,"y":-1.65,"skX":0,"skY":0,"pX":0,"scX":1},"displayIndex":1}],"offset":0},{"name":4,"scale":1,"frame":[{"duration":12,"displayIndex":-1},{"z":8,"duration":2,"transform":{"pY":0,"scY":1,"x":-17,"y":-24,"skX":0,"skY":0,"pX":0,"scX":1},"displayIndex":1},{"z":8,"duration":2,"transform":{"pY":0,"scY":1,"x":-11.9,"y":-18.9,"skX":0,"skY":0,"pX":0,"scX":1},"displayIndex":2},{"z":8,"duration":2,"transform":{"pY":0,"scY":1,"x":-4.9,"y":-12.9,"skX":0,"skY":0,"pX":0,"scX":1},"displayIndex":3},{"z":8,"duration":2,"transform":{"pY":0,"scY":1,"x":-1.9,"y":-8.9,"skX":0,"skY":0,"pX":0,"scX":1},"displayIndex":4},{"z":8,"duration":2,"transform":{"pY":0,"scY":1,"x":1.1,"y":-4.4,"skX":0,"skY":0,"pX":0,"scX":1},"displayIndex":5},{"z":8,"duration":1,"transform":{"pY":0,"scY":1,"x":3.1,"y":-4.4,"skX":0,"skY":0,"pX":0,"scX":1},"displayIndex":6},{"z":8,"duration":1,"transform":{"pY":0,"scY":1,"x":3.6,"y":-4.4,"skX":0,"skY":0,"pX":0,"scX":1},"displayIndex":7},{"z":8,"duration":2,"transform":{"pY":0,"scY":1,"x":6.1,"y":-1.4,"skX":180,"skY":180,"pX":0,"scX":1},"displayIndex":6},{"z":8,"duration":2,"transform":{"pY":0,"scY":1,"x":8.3,"y":-1.25,"skX":180,"skY":180,"pX":0,"scX":1},"displayIndex":5},{"z":8,"duration":2,"transform":{"pY":0,"scY":1,"x":11.15,"y":1.9,"skX":180,"skY":180,"pX":0,"scX":1},"displayIndex":4},{"z":8,"duration":2,"transform":{"pY":0,"scY":1,"x":13.75,"y":7.4,"skX":180,"skY":180,"pX":0,"scX":1},"displayIndex":3},{"z":8,"duration":2,"transform":{"pY":0,"scY":1,"x":21.85,"y":13.35,"skX":180,"skY":180,"pX":0,"scX":1},"displayIndex":2},{"z":8,"duration":2,"transform":{"pY":0,"scY":1,"x":26.75,"y":18,"skX":180,"skY":180,"pX":0,"scX":1},"displayIndex":1},{"z":8,"duration":1,"transform":{"pY":0,"scY":1,"x":33.25,"y":24.75,"skX":180,"skY":180,"pX":0,"scX":1},"displayIndex":8},{"z":8,"duration":1,"transform":{"pY":0,"scY":1,"x":33.25,"y":24.75,"skX":180,"skY":180,"pX":0,"scX":1},"colorTransform":{"aM":0,"rM":100,"aO":0,"gM":100,"rO":0,"bM":100,"gO":0,"bO":0},"displayIndex":8},{"duration":12,"displayIndex":-1}],"offset":0},{"name":3,"scale":1,"frame":[{"duration":32,"displayIndex":-1},{"z":9,"duration":7,"transform":{"pY":0,"scY":1,"x":-8.7,"y":-14.5,"skX":0,"skY":0,"pX":0,"scX":1},"colorTransform":{"aM":0,"rM":100,"aO":0,"gM":100,"rO":0,"bM":100,"gO":0,"bO":0},"displayIndex":1,"tweenEasing":0},{"z":9,"duration":10,"transform":{"pY":0,"scY":1,"x":-8.7,"y":-14.5,"skX":0,"skY":0,"pX":0,"scX":1},"displayIndex":1,"tweenEasing":0},{"z":9,"duration":1,"transform":{"pY":0,"scY":1,"x":-8.7,"y":-14.5,"skX":0,"skY":0,"pX":0,"scX":1},"colorTransform":{"aM":0,"rM":100,"aO":0,"gM":100,"rO":0,"bM":100,"gO":0,"bO":0},"displayIndex":1}],"offset":0},{"name":2,"scale":1,"frame":[{"duration":32,"displayIndex":-1},{"z":10,"duration":7,"transform":{"pY":0,"scY":0.54,"x":-15.15,"y":-26.1,"skX":-5.68,"skY":-5.68,"pX":0,"scX":0.54},"colorTransform":{"aM":0,"rM":100,"aO":0,"gM":100,"rO":0,"bM":100,"gO":0,"bO":0},"displayIndex":1,"tweenEasing":0},{"z":10,"duration":8,"transform":{"pY":-0.15,"scY":0.78,"x":-15.15,"y":-26.1,"skX":3.29,"skY":3.29,"pX":-0.05,"scX":0.78},"displayIndex":1,"tweenEasing":0},{"z":10,"duration":1,"transform":{"pY":-0.1,"scY":0.55,"x":-15.15,"y":-26.1,"skX":13.81,"skY":13.81,"pX":-0.2,"scX":0.55},"colorTransform":{"aM":0,"rM":100,"aO":0,"gM":100,"rO":0,"bM":100,"gO":0,"bO":0},"displayIndex":1,"tweenEasing":0},{"duration":2,"displayIndex":-1}],"offset":0},{"name":1,"scale":1,"frame":[{"duration":32,"displayIndex":-1},{"z":11,"duration":7,"transform":{"pY":0,"scY":0.77,"x":-15.5,"y":-26.15,"skX":0,"skY":0,"pX":0,"scX":0.77},"colorTransform":{"aM":0,"rM":100,"aO":0,"gM":100,"rO":0,"bM":100,"gO":0,"bO":0},"displayIndex":1,"tweenEasing":0},{"z":11,"duration":8,"transform":{"pY":0,"scY":1.32,"x":-15.5,"y":-26.15,"skX":0,"skY":0,"pX":0,"scX":1.32},"colorTransform":{"aM":39,"rM":100,"aO":0,"gM":100,"rO":0,"bM":100,"gO":0,"bO":0},"displayIndex":1,"tweenEasing":0},{"z":11,"duration":1,"transform":{"pY":0,"scY":1,"x":-15.5,"y":-26.15,"skX":0,"skY":0,"pX":0,"scX":1},"colorTransform":{"aM":0,"rM":100,"aO":0,"gM":100,"rO":0,"bM":100,"gO":0,"bO":0},"displayIndex":1},{"duration":2,"displayIndex":-1}],"offset":0}],"duration":50,"scale":1,"loop":1,"tweenEasing":null,"name":"bonus_03_02_cast","fadeInTime":0}]}],"version":2.3}