{"name":"baida","SubTexture":[{"name":"baidaku/baidayuansu","x":64,"width":59,"y":136,"height":59},{"name":"baidaku/baidalunkuo","x":73,"width":66,"y":0,"height":67},{"name":"baidaku/baidadiguang","x":183,"width":50,"y":136,"height":68},{"name":"baidaku/baidafangkuai","x":235,"width":17,"y":81,"height":16},{"name":"baidaku/baidaguding","x":0,"width":71,"y":0,"height":74},{"name":"baidaku/baidaliuguang2","x":208,"width":25,"y":81,"height":26},{"name":"baidaku/baidaliuguang3","x":208,"width":34,"y":42,"height":37},{"name":"baidaku/baidaliuguang4","x":59,"width":48,"y":197,"height":47},{"name":"baidaku/baidaliuguang5","x":0,"width":57,"y":142,"height":56},{"name":"baidaku/baidaliuguang6","x":73,"width":65,"y":69,"height":65},{"name":"baidaku/baidaliuguang7","x":141,"width":65,"y":0,"height":66},{"name":"baidaku/baidaliuguang8","x":141,"width":65,"y":68,"height":66},{"name":"baidaku/baidaliuguang1","x":235,"width":14,"y":99,"height":17},{"name":"baidaku/baidagaoguang","x":0,"width":62,"y":76,"height":64},{"name":"baidaku/baidaxingxing","x":125,"width":56,"y":136,"height":62},{"name":"baidaku/baidaxingguang","x":208,"width":37,"y":0,"height":40}],"imagePath":"texture.png"}