{"frameRate":30,"name":"caihongxiao","armature":[{"name":"caihongxiaoku/caihongxiao","bone":[{"transform":{"skX":0,"scY":1,"x":-0.65,"skY":0,"y":-20.45,"scX":1},"name":11},{"transform":{"skX":0,"scY":1,"x":3.55,"skY":0,"y":-36.45,"scX":1},"name":10},{"transform":{"skX":0,"scY":1,"x":3.4,"skY":0,"y":-38.4,"scX":-1},"name":"10_0"},{"transform":{"skX":-25.44,"scY":0.75,"x":-133.65,"skY":-25.44,"y":-51.35,"scX":0.75},"name":8},{"transform":{"skX":-65.42,"scY":0.75,"x":-74.95,"skY":-65.42,"y":-75.25,"scX":0.75},"name":6},{"transform":{"skX":-30.17,"scY":0.75,"x":-31.55,"skY":-30.17,"y":-33.25,"scX":0.75},"name":5},{"transform":{"skX":-30.17,"scY":0.75,"x":108.05,"skY":-30.17,"y":-13.5,"scX":0.75},"name":4},{"transform":{"skX":-30.17,"scY":0.75,"x":74.65,"skY":-30.17,"y":-72,"scX":0.75},"name":3},{"transform":{"skX":-30.17,"scY":0.75,"x":160.05,"skY":-30.17,"y":-30,"scX":0.75},"name":2},{"transform":{"skX":-30.17,"scY":0.75,"x":14.65,"skY":-30.17,"y":-83.5,"scX":0.75},"name":1}],"skin":[{"slot":[{"name":11,"z":0,"display":[{"transform":{"pY":71.5,"scY":1,"x":0,"y":0,"skX":0,"skY":0,"pX":208.5,"scX":1},"name":"caihongxiaoku/chxcaihong","type":"image"}],"parent":11},{"name":10,"z":1,"display":[{"transform":{"pY":74.7,"scY":1,"x":0.05,"y":0.05,"skX":0,"skY":0,"pX":207.7,"scX":1},"name":"caihongxiaoku/chxgaoguang","type":"image"}],"blendMode":"add","parent":10},{"name":"10_0","z":2,"display":[{"transform":{"pY":74.7,"scY":1,"x":0.05,"y":0.05,"skX":0,"skY":0,"pX":207.7,"scX":1},"name":"caihongxiaoku/chxgaoguang","type":"image"}],"blendMode":"add","parent":"10_0"},{"name":8,"z":3,"display":[{"transform":{"pY":15.05,"scY":1,"x":-0.1,"y":0.05,"skX":0,"skY":0,"pX":16.75,"scX":1},"name":"caihongxiaoku/chxxingxing","type":"image"}],"blendMode":"add","parent":8},{"name":6,"z":4,"display":[{"transform":{"pY":15.05,"scY":1,"x":-0.1,"y":0,"skX":0,"skY":0,"pX":16.75,"scX":1},"name":"caihongxiaoku/chxxingxing","type":"image"}],"blendMode":"add","parent":6},{"name":5,"z":5,"display":[{"transform":{"pY":15.05,"scY":1,"x":-0.05,"y":0.05,"skX":0,"skY":0,"pX":16.75,"scX":1},"name":"caihongxiaoku/chxxingxing","type":"image"}],"blendMode":"add","parent":5},{"name":4,"z":6,"display":[{"transform":{"pY":15.05,"scY":1,"x":-0.05,"y":0.1,"skX":0,"skY":0,"pX":16.75,"scX":1},"name":"caihongxiaoku/chxxingxing","type":"image"}],"blendMode":"add","parent":4},{"name":3,"z":7,"display":[{"transform":{"pY":15.05,"scY":1,"x":-0.05,"y":0.05,"skX":0,"skY":0,"pX":16.75,"scX":1},"name":"caihongxiaoku/chxxingxing","type":"image"}],"blendMode":"add","parent":3},{"name":2,"z":8,"display":[{"transform":{"pY":15.05,"scY":1,"x":-0.05,"y":0.1,"skX":0,"skY":0,"pX":16.75,"scX":1},"name":"caihongxiaoku/chxxingxing","type":"image"}],"blendMode":"add","parent":2},{"name":1,"z":9,"display":[{"transform":{"pY":15.05,"scY":1,"x":-0.05,"y":0.05,"skX":0,"skY":0,"pX":16.75,"scX":1},"name":"caihongxiaoku/chxxingxing","type":"image"}],"blendMode":"add","parent":1}],"name":"default"}],"animation":[{"autoTween":1,"timeline":[{"name":11,"scale":1,"frame":[{"z":0,"duration":13,"transform":{"pY":0,"scY":1,"x":-0.65,"y":-20.45,"skX":0,"skY":0,"pX":0,"scX":1},"colorTransform":{"aM":0,"rM":100,"aO":0,"gM":100,"rO":0,"bM":100,"gO":0,"bO":0},"tweenEasing":0},{"z":0,"duration":10,"transform":{"pY":0,"scY":1,"x":-0.65,"y":-20.45,"skX":0,"skY":0,"pX":0,"scX":1},"tweenEasing":0},{"z":0,"duration":12,"transform":{"pY":0,"scY":1,"x":-0.65,"y":-20.45,"skX":0,"skY":0,"pX":0,"scX":1},"colorTransform":{"aM":89,"rM":100,"aO":0,"gM":100,"rO":0,"bM":100,"gO":0,"bO":0},"tweenEasing":0},{"transform":{"pY":0,"scY":1,"x":-0.65,"y":-20.45,"skX":0,"skY":0,"pX":0,"scX":1},"z":0,"duration":25},{"z":0,"duration":13,"transform":{"pY":0,"scY":1,"x":-0.65,"y":-20.45,"skX":0,"skY":0,"pX":0,"scX":1},"tweenEasing":0},{"z":0,"duration":1,"transform":{"pY":0,"scY":1,"x":-0.65,"y":-20.45,"skX":0,"skY":0,"pX":0,"scX":1},"colorTransform":{"aM":0,"rM":100,"aO":0,"gM":100,"rO":0,"bM":100,"gO":0,"bO":0}}],"offset":0},{"name":10,"scale":1,"frame":[{"duration":13,"displayIndex":-1},{"z":1,"duration":14,"transform":{"pY":0,"scY":1,"x":3.55,"y":-36.45,"skX":0,"skY":0,"pX":0,"scX":1},"colorTransform":{"aM":0,"rM":100,"aO":0,"gM":100,"rO":0,"bM":100,"gO":0,"bO":0},"tweenEasing":0},{"z":1,"duration":14,"transform":{"pY":0,"scY":1,"x":3.55,"y":-36.45,"skX":0,"skY":0,"pX":0,"scX":1},"tweenEasing":0},{"z":1,"duration":1,"transform":{"pY":0,"scY":1,"x":3.55,"y":-36.45,"skX":0,"skY":0,"pX":0,"scX":1},"colorTransform":{"aM":0,"rM":100,"aO":0,"gM":100,"rO":0,"bM":100,"gO":0,"bO":0}},{"duration":32,"displayIndex":-1}],"offset":0},{"name":"10_0","scale":1,"frame":[{"duration":27,"displayIndex":-1},{"z":2,"duration":15,"transform":{"pY":0,"scY":1,"x":3.4,"y":-38.4,"skX":0,"skY":0,"pX":0,"scX":-1},"colorTransform":{"aM":0,"rM":100,"aO":0,"gM":100,"rO":0,"bM":100,"gO":0,"bO":0},"tweenEasing":0},{"z":2,"duration":16,"transform":{"pY":0,"scY":1,"x":3.4,"y":-38.4,"skX":0,"skY":0,"pX":0,"scX":-1},"tweenEasing":0},{"z":2,"duration":1,"transform":{"pY":0,"scY":1,"x":3.4,"y":-38.4,"skX":0,"skY":0,"pX":0,"scX":-1},"colorTransform":{"aM":0,"rM":100,"aO":0,"gM":100,"rO":0,"bM":100,"gO":0,"bO":0}},{"duration":15,"displayIndex":-1}],"offset":0},{"name":8,"scale":1,"frame":[{"duration":14,"displayIndex":-1},{"z":3,"duration":8,"transform":{"pY":0,"scY":0.75,"x":-133.65,"y":-51.35,"skX":-25.44,"skY":-25.44,"pX":0,"scX":0.75},"colorTransform":{"aM":0,"rM":100,"aO":0,"gM":100,"rO":0,"bM":100,"gO":0,"bO":0},"tweenEasing":0},{"z":3,"duration":8,"transform":{"pY":0,"scY":1,"x":-133.7,"y":-51.35,"skX":0,"skY":0,"pX":0.1,"scX":1},"tweenEasing":0},{"z":3,"duration":1,"transform":{"pY":0,"scY":0.85,"x":-133.7,"y":-51.35,"skX":13.71,"skY":13.71,"pX":0.1,"scX":0.85},"colorTransform":{"aM":0,"rM":100,"aO":0,"gM":100,"rO":0,"bM":100,"gO":0,"bO":0}},{"duration":43,"displayIndex":-1}],"offset":0},{"name":6,"scale":1,"frame":[{"duration":23,"displayIndex":-1},{"z":4,"duration":7,"transform":{"pY":0,"scY":0.75,"x":-74.95,"y":-75.25,"skX":-65.42,"skY":-65.42,"pX":0,"scX":0.75},"colorTransform":{"aM":0,"rM":100,"aO":0,"gM":100,"rO":0,"bM":100,"gO":0,"bO":0},"tweenEasing":0},{"z":4,"duration":9,"transform":{"pY":0.05,"scY":1,"x":-75,"y":-75.2,"skX":-39.97,"skY":-39.97,"pX":0.15,"scX":1},"tweenEasing":0},{"z":4,"duration":1,"transform":{"pY":0.1,"scY":0.85,"x":-75.05,"y":-75.25,"skX":-26.26,"skY":-26.26,"pX":0.2,"scX":0.85},"colorTransform":{"aM":0,"rM":100,"aO":0,"gM":100,"rO":0,"bM":100,"gO":0,"bO":0}},{"duration":34,"displayIndex":-1}],"offset":0},{"name":5,"scale":1,"frame":[{"duration":17,"displayIndex":-1},{"z":5,"duration":7,"transform":{"pY":0,"scY":0.75,"x":-31.55,"y":-33.25,"skX":-30.17,"skY":-30.17,"pX":0,"scX":0.75},"colorTransform":{"aM":0,"rM":100,"aO":0,"gM":100,"rO":0,"bM":100,"gO":0,"bO":0},"tweenEasing":0},{"z":5,"duration":8,"transform":{"pY":0,"scY":1,"x":-31.6,"y":-33.25,"skX":-4.73,"skY":-4.73,"pX":0.1,"scX":1},"tweenEasing":0},{"z":5,"duration":1,"transform":{"pY":0.1,"scY":0.85,"x":-31.6,"y":-33.3,"skX":8.98,"skY":8.98,"pX":0.15,"scX":0.85},"colorTransform":{"aM":0,"rM":100,"aO":0,"gM":100,"rO":0,"bM":100,"gO":0,"bO":0}},{"duration":41,"displayIndex":-1}],"offset":0},{"name":4,"scale":1,"frame":[{"duration":38,"displayIndex":-1},{"z":6,"duration":7,"transform":{"pY":0,"scY":0.75,"x":108.05,"y":-13.5,"skX":-30.17,"skY":-30.17,"pX":0,"scX":0.75},"colorTransform":{"aM":0,"rM":100,"aO":0,"gM":100,"rO":0,"bM":100,"gO":0,"bO":0},"tweenEasing":0},{"z":6,"duration":8,"transform":{"pY":-0.05,"scY":1,"x":108,"y":-13.5,"skX":-4.73,"skY":-4.73,"pX":0.1,"scX":1},"tweenEasing":0},{"z":6,"duration":1,"transform":{"pY":0,"scY":0.85,"x":108,"y":-13.55,"skX":8.98,"skY":8.98,"pX":0.15,"scX":0.85},"colorTransform":{"aM":0,"rM":100,"aO":0,"gM":100,"rO":0,"bM":100,"gO":0,"bO":0}},{"duration":20,"displayIndex":-1}],"offset":0},{"name":3,"scale":1,"frame":[{"duration":40,"displayIndex":-1},{"z":7,"duration":8,"transform":{"pY":0,"scY":0.75,"x":74.65,"y":-72,"skX":-30.17,"skY":-30.17,"pX":0,"scX":0.75},"colorTransform":{"aM":0,"rM":100,"aO":0,"gM":100,"rO":0,"bM":100,"gO":0,"bO":0},"tweenEasing":0},{"z":7,"duration":8,"transform":{"pY":0,"scY":1,"x":74.6,"y":-72,"skX":-4.73,"skY":-4.73,"pX":0.1,"scX":1},"tweenEasing":0},{"z":7,"duration":1,"transform":{"pY":0.05,"scY":0.85,"x":74.6,"y":-72.05,"skX":8.98,"skY":8.98,"pX":0.1,"scX":0.85},"colorTransform":{"aM":0,"rM":100,"aO":0,"gM":100,"rO":0,"bM":100,"gO":0,"bO":0}},{"duration":17,"displayIndex":-1}],"offset":0},{"name":2,"scale":1,"frame":[{"duration":32,"displayIndex":-1},{"z":8,"duration":8,"transform":{"pY":0,"scY":0.75,"x":160.05,"y":-30,"skX":-30.17,"skY":-30.17,"pX":0,"scX":0.75},"colorTransform":{"aM":0,"rM":100,"aO":0,"gM":100,"rO":0,"bM":100,"gO":0,"bO":0},"tweenEasing":0},{"z":8,"duration":8,"transform":{"pY":-0.05,"scY":1,"x":160,"y":-30,"skX":-4.73,"skY":-4.73,"pX":0.1,"scX":1},"tweenEasing":0},{"z":8,"duration":1,"transform":{"pY":0,"scY":0.85,"x":160,"y":-30.05,"skX":8.98,"skY":8.98,"pX":0.15,"scX":0.85},"colorTransform":{"aM":0,"rM":100,"aO":0,"gM":100,"rO":0,"bM":100,"gO":0,"bO":0}},{"duration":25,"displayIndex":-1}],"offset":0},{"name":1,"scale":1,"frame":[{"duration":43,"displayIndex":-1},{"z":9,"duration":7,"transform":{"pY":0,"scY":0.75,"x":14.65,"y":-83.5,"skX":-30.17,"skY":-30.17,"pX":0,"scX":0.75},"colorTransform":{"aM":0,"rM":100,"aO":0,"gM":100,"rO":0,"bM":100,"gO":0,"bO":0},"tweenEasing":0},{"z":9,"duration":8,"transform":{"pY":0,"scY":1,"x":14.6,"y":-83.5,"skX":-4.73,"skY":-4.73,"pX":0.1,"scX":1},"tweenEasing":0},{"z":9,"duration":1,"transform":{"pY":0.05,"scY":0.85,"x":14.6,"y":-83.55,"skX":8.98,"skY":8.98,"pX":0.2,"scX":0.85},"colorTransform":{"aM":0,"rM":100,"aO":0,"gM":100,"rO":0,"bM":100,"gO":0,"bO":0}},{"duration":15,"displayIndex":-1}],"offset":0}],"duration":74,"scale":1,"loop":1,"tweenEasing":null,"name":"bonus_03_06_cast","fadeInTime":0}]}],"version":2.3}