{"frameRate":24,"name":"duijiaobianse","armature":[{"name":"duijiaobianseku/duijiaobianse","bone":[{"transform":{"skX":44.05,"scY":0.44,"x":-171.25,"skY":44.05,"y":-195.7,"scX":0.31},"name":18},{"transform":{"skX":44.05,"scY":0.44,"x":-171.25,"skY":44.05,"y":-195.7,"scX":0.31},"name":17},{"transform":{"skX":44.05,"scY":0.8,"x":-168.55,"skY":44.05,"y":-193.05,"scX":0.39},"name":16},{"transform":{"skX":0,"scY":1,"x":-166.35,"skY":0,"y":-186.6,"scX":1},"name":15},{"transform":{"skX":102.66,"scY":0.66,"x":-81,"skY":110.28,"y":-150.8,"scX":0.62},"name":14},{"transform":{"skX":102.66,"scY":0.66,"x":-81.65,"skY":110.28,"y":-112.2,"scX":0.62},"name":13},{"transform":{"skX":-162.26,"scY":0.72,"x":-131.85,"skY":-170.35,"y":-129.35,"scX":0.57},"name":12},{"transform":{"skX":-162.26,"scY":0.72,"x":-85.15,"skY":-170.35,"y":-86.4,"scX":0.57},"name":11},{"transform":{"skX":102.66,"scY":0.66,"x":-25.95,"skY":110.28,"y":-79.35,"scX":0.62},"name":10},{"transform":{"skX":102.66,"scY":0.66,"x":-39.05,"skY":110.28,"y":-35,"scX":0.62},"name":9},{"transform":{"skX":102.66,"scY":0.66,"x":-56.5,"skY":110.28,"y":-65.05,"scX":0.62},"name":8},{"transform":{"skX":102.66,"scY":0.66,"x":14.5,"skY":110.28,"y":-26.5,"scX":0.62},"name":7},{"transform":{"skX":102.66,"scY":0.66,"x":65.15,"skY":110.28,"y":26.85,"scX":0.62},"name":6},{"transform":{"skX":102.66,"scY":0.66,"x":17.25,"skY":110.28,"y":12.25,"scX":0.62},"name":5},{"transform":{"skX":102.66,"scY":0.66,"x":55.05,"skY":110.28,"y":47.85,"scX":0.62},"name":4},{"transform":{"skX":102.66,"scY":0.66,"x":98.1,"skY":110.28,"y":60.95,"scX":0.62},"name":3},{"transform":{"skX":102.66,"scY":0.66,"x":104.5,"skY":110.28,"y":99.75,"scX":0.62},"name":2},{"transform":{"skX":102.66,"scY":0.66,"x":141.5,"skY":110.28,"y":109.2,"scX":0.62},"name":1}],"skin":[{"slot":[{"name":18,"z":0,"display":[{"transform":{"pY":94.95,"scY":1,"x":0,"y":0,"skX":0,"skY":0,"pX":271.95,"scX":1},"name":"duijiaobianseku/djbsxian","type":"image"}],"parent":18},{"name":17,"z":1,"display":[{"transform":{"pY":94.95,"scY":1,"x":0,"y":0,"skX":0,"skY":0,"pX":271.95,"scX":1},"name":"duijiaobianseku/djbsxian","type":"image"}],"parent":17},{"name":16,"z":2,"display":[{"transform":{"pY":94.95,"scY":1,"x":0,"y":0,"skX":0,"skY":0,"pX":271.95,"scX":1},"name":"duijiaobianseku/djbsxian","type":"image"}],"parent":16},{"name":15,"z":3,"display":[{"transform":{"pY":35.55,"scY":1,"x":0,"y":0,"skX":0,"skY":0,"pX":37.2,"scX":1},"name":"duijiaobianseku/djbsguangdian","type":"image"}],"parent":15},{"name":14,"z":4,"display":[{"transform":{"pY":6.95,"scY":1,"x":0,"y":0,"skX":0,"skY":0,"pX":6.95,"scX":1},"name":"duijiaobianseku/djbsfangkuai","type":"image"}],"parent":14},{"name":13,"z":5,"display":[{"transform":{"pY":6.95,"scY":1,"x":0,"y":0,"skX":0,"skY":0,"pX":6.95,"scX":1},"name":"duijiaobianseku/djbsfangkuai","type":"image"}],"parent":13},{"name":12,"z":6,"display":[{"transform":{"pY":6.95,"scY":1,"x":0,"y":0,"skX":0,"skY":0,"pX":6.95,"scX":1},"name":"duijiaobianseku/djbsfangkuai","type":"image"}],"parent":12},{"name":11,"z":7,"display":[{"transform":{"pY":6.95,"scY":1,"x":0,"y":0,"skX":0,"skY":0,"pX":6.95,"scX":1},"name":"duijiaobianseku/djbsfangkuai","type":"image"}],"parent":11},{"name":10,"z":8,"display":[{"transform":{"pY":6.95,"scY":1,"x":0,"y":0,"skX":0,"skY":0,"pX":6.95,"scX":1},"name":"duijiaobianseku/djbsfangkuai","type":"image"}],"parent":10},{"name":9,"z":9,"display":[{"transform":{"pY":6.95,"scY":1,"x":0,"y":0,"skX":0,"skY":0,"pX":6.95,"scX":1},"name":"duijiaobianseku/djbsfangkuai","type":"image"}],"parent":9},{"name":8,"z":10,"display":[{"transform":{"pY":6.95,"scY":1,"x":0,"y":0,"skX":0,"skY":0,"pX":6.95,"scX":1},"name":"duijiaobianseku/djbsfangkuai","type":"image"}],"parent":8},{"name":7,"z":11,"display":[{"transform":{"pY":6.95,"scY":1,"x":0,"y":0,"skX":0,"skY":0,"pX":6.95,"scX":1},"name":"duijiaobianseku/djbsfangkuai","type":"image"}],"parent":7},{"name":6,"z":12,"display":[{"transform":{"pY":6.95,"scY":1,"x":0,"y":0,"skX":0,"skY":0,"pX":6.95,"scX":1},"name":"duijiaobianseku/djbsfangkuai","type":"image"}],"parent":6},{"name":5,"z":13,"display":[{"transform":{"pY":6.95,"scY":1,"x":0,"y":0,"skX":0,"skY":0,"pX":6.95,"scX":1},"name":"duijiaobianseku/djbsfangkuai","type":"image"}],"parent":5},{"name":4,"z":14,"display":[{"transform":{"pY":6.95,"scY":1,"x":0,"y":0,"skX":0,"skY":0,"pX":6.95,"scX":1},"name":"duijiaobianseku/djbsfangkuai","type":"image"}],"parent":4},{"name":3,"z":15,"display":[{"transform":{"pY":6.95,"scY":1,"x":0,"y":0,"skX":0,"skY":0,"pX":6.95,"scX":1},"name":"duijiaobianseku/djbsfangkuai","type":"image"}],"parent":3},{"name":2,"z":16,"display":[{"transform":{"pY":6.95,"scY":1,"x":0,"y":0,"skX":0,"skY":0,"pX":6.95,"scX":1},"name":"duijiaobianseku/djbsfangkuai","type":"image"}],"parent":2},{"name":1,"z":17,"display":[{"transform":{"pY":6.95,"scY":1,"x":0,"y":0,"skX":0,"skY":0,"pX":6.95,"scX":1},"name":"duijiaobianseku/djbsfangkuai","type":"image"}],"parent":1}],"name":"default"}],"animation":[{"autoTween":1,"timeline":[{"name":18,"scale":1,"frame":[{"duration":4,"displayIndex":-1},{"z":0,"duration":3,"transform":{"pY":0,"scY":0.44,"x":-171.25,"y":-195.7,"skX":44.05,"skY":44.05,"pX":0,"scX":0.31},"colorTransform":{"aM":18,"rM":100,"aO":0,"gM":100,"rO":0,"bM":100,"gO":0,"bO":0},"tweenEasing":0},{"z":0,"duration":13,"transform":{"pY":0,"scY":0.44,"x":-2.4,"y":-32.35,"skX":44.05,"skY":44.05,"pX":0,"scX":1.47},"tweenEasing":0},{"z":0,"duration":1,"transform":{"pY":0,"scY":0.12,"x":21.25,"y":-9.45,"skX":44.05,"skY":44.05,"pX":0.1,"scX":1.65},"colorTransform":{"aM":0,"rM":100,"aO":0,"gM":100,"rO":0,"bM":100,"gO":0,"bO":0}},{"duration":1,"displayIndex":-1}],"offset":0},{"name":17,"scale":1,"frame":[{"duration":4,"displayIndex":-1},{"z":1,"duration":3,"transform":{"pY":0,"scY":0.44,"x":-171.25,"y":-195.7,"skX":44.05,"skY":44.05,"pX":0,"scX":0.31},"colorTransform":{"aM":18,"rM":100,"aO":0,"gM":100,"rO":0,"bM":100,"gO":0,"bO":0},"tweenEasing":0},{"z":1,"duration":13,"transform":{"pY":0,"scY":0.44,"x":-2.4,"y":-32.35,"skX":44.05,"skY":44.05,"pX":0,"scX":1.47},"tweenEasing":0},{"z":1,"duration":1,"transform":{"pY":0,"scY":0.12,"x":21.25,"y":-9.45,"skX":44.05,"skY":44.05,"pX":0.1,"scX":1.65},"colorTransform":{"aM":0,"rM":100,"aO":0,"gM":100,"rO":0,"bM":100,"gO":0,"bO":0}},{"duration":1,"displayIndex":-1}],"offset":0},{"name":16,"scale":1,"frame":[{"duration":4,"displayIndex":-1},{"z":2,"duration":3,"transform":{"pY":0,"scY":0.8,"x":-168.55,"y":-193.05,"skX":44.05,"skY":44.05,"pX":0,"scX":0.39},"colorTransform":{"aM":18,"rM":100,"aO":0,"gM":100,"rO":0,"bM":100,"gO":0,"bO":0},"tweenEasing":0},{"z":2,"duration":13,"transform":{"pY":-0.1,"scY":0.8,"x":-32.2,"y":-61.05,"skX":44.05,"skY":44.05,"pX":-0.05,"scX":1.51},"colorTransform":{"aM":44,"rM":100,"aO":0,"gM":100,"rO":0,"bM":100,"gO":0,"bO":0},"tweenEasing":0},{"z":2,"duration":1,"transform":{"pY":0,"scY":0.45,"x":0,"y":-30,"skX":44.05,"skY":44.05,"pX":-0.1,"scX":1.5},"colorTransform":{"aM":0,"rM":100,"aO":0,"gM":100,"rO":0,"bM":100,"gO":0,"bO":0}},{"duration":1,"displayIndex":-1}],"offset":0},{"name":15,"scale":1,"frame":[{"z":3,"duration":4,"transform":{"pY":0,"scY":1,"x":-166.35,"y":-186.6,"skX":0,"skY":0,"pX":0,"scX":1},"colorTransform":{"aM":39,"rM":100,"aO":0,"gM":100,"rO":0,"bM":100,"gO":0,"bO":0},"tweenEasing":0},{"z":3,"duration":3,"transform":{"pY":0,"scY":1.58,"x":-166.35,"y":-186.6,"skX":-23.19,"skY":-23.19,"pX":0,"scX":1.58},"tweenEasing":0},{"z":3,"duration":1,"transform":{"pY":0,"scY":3.52,"x":-166.35,"y":-186.6,"skX":-38.59,"skY":0,"pX":0,"scX":1.92},"colorTransform":{"aM":0,"rM":100,"aO":0,"gM":100,"rO":0,"bM":100,"gO":0,"bO":0}},{"duration":14,"displayIndex":-1}],"offset":0},{"name":14,"scale":1,"frame":[{"duration":4,"displayIndex":-1},{"z":4,"duration":3,"transform":{"pY":0,"scY":0.66,"x":-81,"y":-150.8,"skX":102.66,"skY":110.28,"pX":0,"scX":0.62},"colorTransform":{"aM":0,"rM":100,"aO":0,"gM":100,"rO":0,"bM":100,"gO":0,"bO":0},"tweenEasing":0},{"z":4,"duration":11,"transform":{"pY":0,"scY":0.85,"x":-85.85,"y":-167.75,"skX":104.68,"skY":107.46,"pX":0,"scX":0.75},"tweenEasing":0},{"z":4,"duration":1,"transform":{"pY":0,"scY":0.92,"x":-89.25,"y":-178,"skX":106.01,"skY":106.01,"pX":0,"scX":0.79},"colorTransform":{"aM":0,"rM":100,"aO":0,"gM":100,"rO":0,"bM":100,"gO":0,"bO":0}},{"duration":3,"displayIndex":-1}],"offset":0},{"name":13,"scale":1,"frame":[{"duration":4,"displayIndex":-1},{"z":5,"duration":3,"transform":{"pY":0,"scY":0.66,"x":-81.65,"y":-112.2,"skX":102.66,"skY":110.28,"pX":0,"scX":0.62},"colorTransform":{"aM":0,"rM":100,"aO":0,"gM":100,"rO":0,"bM":100,"gO":0,"bO":0},"tweenEasing":0},{"z":5,"duration":11,"transform":{"pY":0,"scY":0.85,"x":-83.45,"y":-120,"skX":104.68,"skY":107.46,"pX":0,"scX":0.75},"tweenEasing":0},{"z":5,"duration":1,"transform":{"pY":0,"scY":0.92,"x":-86.5,"y":-127.85,"skX":106.01,"skY":106.01,"pX":0,"scX":0.79},"colorTransform":{"aM":0,"rM":100,"aO":0,"gM":100,"rO":0,"bM":100,"gO":0,"bO":0}},{"duration":3,"displayIndex":-1}],"offset":0},{"name":12,"scale":1,"frame":[{"duration":4,"displayIndex":-1},{"z":6,"duration":3,"transform":{"pY":0,"scY":0.72,"x":-131.85,"y":-129.35,"skX":-162.26,"skY":-170.35,"pX":0,"scX":0.57},"colorTransform":{"aM":0,"rM":100,"aO":0,"gM":100,"rO":0,"bM":100,"gO":0,"bO":0},"tweenEasing":0},{"z":6,"duration":11,"transform":{"pY":0,"scY":0.87,"x":-153.4,"y":-137.7,"skX":-165.24,"skY":-168.2,"pX":0,"scX":0.73},"tweenEasing":0},{"z":6,"duration":1,"transform":{"pY":0,"scY":0.92,"x":-164.65,"y":-146.4,"skX":-166.78,"skY":-166.78,"pX":0,"scX":0.79},"colorTransform":{"aM":0,"rM":100,"aO":0,"gM":100,"rO":0,"bM":100,"gO":0,"bO":0}},{"duration":3,"displayIndex":-1}],"offset":0},{"name":11,"scale":1,"frame":[{"duration":4,"displayIndex":-1},{"z":7,"duration":3,"transform":{"pY":0,"scY":0.72,"x":-85.15,"y":-86.4,"skX":-162.26,"skY":-170.35,"pX":0,"scX":0.57},"colorTransform":{"aM":0,"rM":100,"aO":0,"gM":100,"rO":0,"bM":100,"gO":0,"bO":0},"tweenEasing":0},{"z":7,"duration":11,"transform":{"pY":0,"scY":0.87,"x":-90.05,"y":-80.65,"skX":-165.24,"skY":-168.2,"pX":0,"scX":0.73},"tweenEasing":0},{"z":7,"duration":1,"transform":{"pY":0,"scY":0.92,"x":-94.65,"y":-84.1,"skX":-166.78,"skY":-166.78,"pX":0,"scX":0.79},"colorTransform":{"aM":0,"rM":100,"aO":0,"gM":100,"rO":0,"bM":100,"gO":0,"bO":0}},{"duration":3,"displayIndex":-1}],"offset":0},{"name":10,"scale":1,"frame":[{"duration":4,"displayIndex":-1},{"z":8,"duration":3,"transform":{"pY":0,"scY":0.66,"x":-25.95,"y":-79.35,"skX":102.66,"skY":110.28,"pX":0,"scX":0.62},"colorTransform":{"aM":0,"rM":100,"aO":0,"gM":100,"rO":0,"bM":100,"gO":0,"bO":0},"tweenEasing":0},{"z":8,"duration":11,"transform":{"pY":0,"scY":0.85,"x":-9.85,"y":-75.85,"skX":104.68,"skY":107.46,"pX":0,"scX":0.75},"tweenEasing":0},{"z":8,"duration":1,"transform":{"pY":0,"scY":0.92,"x":-4.9,"y":-74.85,"skX":106.01,"skY":106.01,"pX":0,"scX":0.79},"colorTransform":{"aM":0,"rM":100,"aO":0,"gM":100,"rO":0,"bM":100,"gO":0,"bO":0}},{"duration":3,"displayIndex":-1}],"offset":0},{"name":9,"scale":1,"frame":[{"duration":4,"displayIndex":-1},{"z":9,"duration":3,"transform":{"pY":0,"scY":0.66,"x":-39.05,"y":-35,"skX":102.66,"skY":110.28,"pX":0,"scX":0.62},"colorTransform":{"aM":0,"rM":100,"aO":0,"gM":100,"rO":0,"bM":100,"gO":0,"bO":0},"tweenEasing":0},{"z":9,"duration":11,"transform":{"pY":0,"scY":0.85,"x":-28.25,"y":-16.2,"skX":104.68,"skY":107.46,"pX":0,"scX":0.75},"tweenEasing":0},{"z":9,"duration":1,"transform":{"pY":0,"scY":0.92,"x":-25.55,"y":-11.7,"skX":106.01,"skY":106.01,"pX":0,"scX":0.79},"colorTransform":{"aM":0,"rM":100,"aO":0,"gM":100,"rO":0,"bM":100,"gO":0,"bO":0}},{"duration":3,"displayIndex":-1}],"offset":0},{"name":8,"scale":1,"frame":[{"duration":4,"displayIndex":-1},{"z":10,"duration":3,"transform":{"pY":0,"scY":0.66,"x":-56.5,"y":-65.05,"skX":102.66,"skY":110.28,"pX":0,"scX":0.62},"colorTransform":{"aM":0,"rM":100,"aO":0,"gM":100,"rO":0,"bM":100,"gO":0,"bO":0},"tweenEasing":0},{"z":10,"duration":11,"transform":{"pY":0,"scY":0.85,"x":-52.15,"y":-51.8,"skX":104.68,"skY":107.46,"pX":0,"scX":0.75},"tweenEasing":0},{"z":10,"duration":1,"transform":{"pY":0,"scY":0.92,"x":-52.85,"y":-50.55,"skX":106.01,"skY":106.01,"pX":0,"scX":0.79},"colorTransform":{"aM":0,"rM":100,"aO":0,"gM":100,"rO":0,"bM":100,"gO":0,"bO":0}},{"duration":3,"displayIndex":-1}],"offset":0},{"name":7,"scale":1,"frame":[{"duration":4,"displayIndex":-1},{"z":11,"duration":3,"transform":{"pY":0,"scY":0.66,"x":14.5,"y":-26.5,"skX":102.66,"skY":110.28,"pX":0,"scX":0.62},"colorTransform":{"aM":0,"rM":100,"aO":0,"gM":100,"rO":0,"bM":100,"gO":0,"bO":0},"tweenEasing":0},{"z":11,"duration":11,"transform":{"pY":0,"scY":0.85,"x":42.5,"y":-7.65,"skX":104.68,"skY":107.46,"pX":0,"scX":0.75},"tweenEasing":0},{"z":11,"duration":1,"transform":{"pY":0,"scY":0.92,"x":56.25,"y":-2.65,"skX":106.01,"skY":106.01,"pX":0,"scX":0.79},"colorTransform":{"aM":0,"rM":100,"aO":0,"gM":100,"rO":0,"bM":100,"gO":0,"bO":0}},{"duration":3,"displayIndex":-1}],"offset":0},{"name":6,"scale":1,"frame":[{"duration":4,"displayIndex":-1},{"z":12,"duration":3,"transform":{"pY":0,"scY":0.66,"x":65.15,"y":26.85,"skX":102.66,"skY":110.28,"pX":0,"scX":0.62},"colorTransform":{"aM":0,"rM":100,"aO":0,"gM":100,"rO":0,"bM":100,"gO":0,"bO":0},"tweenEasing":0},{"z":12,"duration":11,"transform":{"pY":0,"scY":0.85,"x":111.55,"y":61.15,"skX":104.68,"skY":107.46,"pX":0,"scX":0.75},"tweenEasing":0},{"z":12,"duration":1,"transform":{"pY":0,"scY":0.92,"x":129.9,"y":71.7,"skX":106.01,"skY":106.01,"pX":0,"scX":0.79},"colorTransform":{"aM":0,"rM":100,"aO":0,"gM":100,"rO":0,"bM":100,"gO":0,"bO":0}},{"duration":3,"displayIndex":-1}],"offset":0},{"name":5,"scale":1,"frame":[{"duration":4,"displayIndex":-1},{"z":13,"duration":3,"transform":{"pY":0,"scY":0.66,"x":17.25,"y":12.25,"skX":102.66,"skY":110.28,"pX":0,"scX":0.62},"colorTransform":{"aM":0,"rM":100,"aO":0,"gM":100,"rO":0,"bM":100,"gO":0,"bO":0},"tweenEasing":0},{"z":13,"duration":11,"transform":{"pY":0,"scY":0.85,"x":46.25,"y":45.25,"skX":104.68,"skY":107.46,"pX":0,"scX":0.75},"tweenEasing":0},{"z":13,"duration":1,"transform":{"pY":0,"scY":0.92,"x":56.25,"y":55.45,"skX":106.01,"skY":106.01,"pX":0,"scX":0.79},"colorTransform":{"aM":0,"rM":100,"aO":0,"gM":100,"rO":0,"bM":100,"gO":0,"bO":0}},{"duration":3,"displayIndex":-1}],"offset":0},{"name":4,"scale":1,"frame":[{"duration":4,"displayIndex":-1},{"z":14,"duration":3,"transform":{"pY":0,"scY":0.66,"x":55.05,"y":47.85,"skX":102.66,"skY":110.28,"pX":0,"scX":0.62},"colorTransform":{"aM":0,"rM":100,"aO":0,"gM":100,"rO":0,"bM":100,"gO":0,"bO":0},"tweenEasing":0},{"z":14,"duration":11,"transform":{"pY":0,"scY":0.85,"x":101.1,"y":91.95,"skX":104.68,"skY":107.46,"pX":0,"scX":0.75},"tweenEasing":0},{"z":14,"duration":1,"transform":{"pY":0,"scY":0.92,"x":116.75,"y":106.95,"skX":106.01,"skY":106.01,"pX":0,"scX":0.79},"colorTransform":{"aM":0,"rM":100,"aO":0,"gM":100,"rO":0,"bM":100,"gO":0,"bO":0}},{"duration":3,"displayIndex":-1}],"offset":0},{"name":3,"scale":1,"frame":[{"duration":4,"displayIndex":-1},{"z":15,"duration":3,"transform":{"pY":0,"scY":0.66,"x":98.1,"y":60.95,"skX":102.66,"skY":110.28,"pX":0,"scX":0.62},"colorTransform":{"aM":0,"rM":100,"aO":0,"gM":100,"rO":0,"bM":100,"gO":0,"bO":0},"tweenEasing":0},{"z":15,"duration":11,"transform":{"pY":0,"scY":0.85,"x":156.55,"y":105.65,"skX":104.68,"skY":107.46,"pX":0,"scX":0.75},"tweenEasing":0},{"z":15,"duration":1,"transform":{"pY":0,"scY":0.92,"x":179.4,"y":120.7,"skX":106.01,"skY":106.01,"pX":0,"scX":0.79},"colorTransform":{"aM":0,"rM":100,"aO":0,"gM":100,"rO":0,"bM":100,"gO":0,"bO":0}},{"duration":3,"displayIndex":-1}],"offset":0},{"name":2,"scale":1,"frame":[{"duration":4,"displayIndex":-1},{"z":16,"duration":3,"transform":{"pY":0,"scY":0.66,"x":104.5,"y":99.75,"skX":102.66,"skY":110.28,"pX":0,"scX":0.62},"colorTransform":{"aM":0,"rM":100,"aO":0,"gM":100,"rO":0,"bM":100,"gO":0,"bO":0},"tweenEasing":0},{"z":16,"duration":11,"transform":{"pY":0,"scY":0.85,"x":166.55,"y":161.05,"skX":104.68,"skY":107.46,"pX":0,"scX":0.75},"tweenEasing":0},{"z":16,"duration":1,"transform":{"pY":0,"scY":0.92,"x":189.5,"y":182.5,"skX":106.01,"skY":106.01,"pX":0,"scX":0.79},"colorTransform":{"aM":0,"rM":100,"aO":0,"gM":100,"rO":0,"bM":100,"gO":0,"bO":0}},{"duration":3,"displayIndex":-1}],"offset":0},{"name":1,"scale":1,"frame":[{"duration":4,"displayIndex":-1},{"z":17,"duration":3,"transform":{"pY":0,"scY":0.66,"x":141.5,"y":109.2,"skX":102.66,"skY":110.28,"pX":0,"scX":0.62},"colorTransform":{"aM":0,"rM":100,"aO":0,"gM":100,"rO":0,"bM":100,"gO":0,"bO":0},"tweenEasing":0},{"z":17,"duration":11,"transform":{"pY":0,"scY":0.85,"x":217.85,"y":166.3,"skX":104.68,"skY":107.46,"pX":0,"scX":0.75},"tweenEasing":0},{"z":17,"duration":1,"transform":{"pY":0,"scY":0.92,"x":246.15,"y":187.6,"skX":106.01,"skY":106.01,"pX":0,"scX":0.79},"colorTransform":{"aM":0,"rM":100,"aO":0,"gM":100,"rO":0,"bM":100,"gO":0,"bO":0}},{"duration":3,"displayIndex":-1}],"offset":0}],"duration":22,"scale":1,"loop":5,"tweenEasing":null,"name":"bonus_01_03_cast","fadeInTime":0}]}],"version":2.3}