{"frameRate":24,"name":"bounstishi","armature":[{"name":"bounstishiku/bounstishi","bone":[{"transform":{"scX":0.25,"skX":0,"x":1,"scY":0.25,"y":5,"skY":0},"name":1},{"transform":{"scX":0.45,"skX":15.94,"x":-49.9,"scY":0.45,"y":0.7,"skY":15.94},"name":2},{"transform":{"scX":0.45,"skX":149.52,"x":35.35,"scY":0.45,"y":-68.1,"skY":149.52},"name":3},{"transform":{"scX":-0.96,"skX":-29.34,"x":3.65,"scY":0.96,"y":-11.55,"skY":-29.34},"name":4},{"transform":{"scX":-0.45,"skX":0,"x":-1.85,"scY":0.45,"y":-36,"skY":0},"name":5},{"transform":{"scX":-0.45,"skX":172.53,"x":27.45,"scY":0.45,"y":8.3,"skY":172.53},"name":6},{"transform":{"scX":-0.43,"skX":62.81,"x":5.55,"scY":0.43,"y":1.7,"skY":62.81},"name":7},{"transform":{"scX":0.49,"skX":0,"x":50.55,"scY":0.49,"y":10.75,"skY":0},"name":8},{"transform":{"scX":1.98,"skX":0,"x":-300.05,"scY":1,"y":12.05,"skY":0},"name":9},{"transform":{"scX":1,"skX":0,"x":0,"scY":1,"y":-351.05,"skY":0},"name":10},{"transform":{"scX":0.71,"skX":0,"x":3.6,"scY":0.71,"y":1.6,"skY":0},"name":11}],"skin":[{"slot":[{"name":1,"z":0,"display":[{"transform":{"pY":120,"scX":1,"x":0,"scY":1,"y":0,"skX":0,"pX":113,"skY":0},"name":"bounstishiku/jingcaishikeguangquan","type":"image"},{"transform":{"pY":93.3,"scX":1,"x":0,"scY":1,"y":0,"skX":0,"pX":89.3,"skY":0},"name":"bounstishiku/mianfeijiangliguangquan","type":"image"}],"parent":1},{"name":2,"z":1,"display":[{"transform":{"pY":31.75,"scX":1,"x":0,"scY":1,"y":0,"skX":0,"pX":16.35,"skY":0},"name":"bounstishiku/xingxing","type":"image"}],"parent":2},{"name":3,"z":2,"display":[{"transform":{"pY":31.75,"scX":1,"x":0,"scY":1,"y":0,"skX":0,"pX":16.35,"skY":0},"name":"bounstishiku/xingxing","type":"image"}],"parent":3},{"name":4,"z":3,"display":[{"transform":{"pY":31.75,"scX":1,"x":0,"scY":1,"y":0,"skX":0,"pX":16.35,"skY":0},"name":"bounstishiku/xingxing","type":"image"}],"parent":4},{"name":5,"z":4,"display":[{"transform":{"pY":31.75,"scX":1,"x":0,"scY":1,"y":0,"skX":0,"pX":16.35,"skY":0},"name":"bounstishiku/xingxing","type":"image"}],"parent":5},{"name":6,"z":5,"display":[{"transform":{"pY":31.75,"scX":1,"x":0,"scY":1,"y":0,"skX":0,"pX":16.35,"skY":0},"name":"bounstishiku/xingxing","type":"image"}],"parent":6},{"name":7,"z":6,"display":[{"transform":{"pY":31.75,"scX":1,"x":0,"scY":1,"y":0,"skX":0,"pX":16.35,"skY":0},"name":"bounstishiku/xingxing","type":"image"},{"transform":{"pY":93.3,"scX":1,"x":0,"scY":1,"y":0,"skX":0,"pX":89.3,"skY":0},"name":"bounstishiku/mianfeijiangliguangquan","type":"image"}],"parent":7},{"name":8,"z":7,"display":[{"transform":{"pY":32,"scX":1,"x":0,"scY":1,"y":0,"skX":0,"pX":32,"skY":0},"name":"bounstishiku/xingdian","type":"image"},{"transform":{"pY":21.05,"scX":1,"x":0,"scY":1,"y":0,"skX":0,"pX":127.55,"skY":0},"name":"bounstishiku/hengfu","type":"image"}],"parent":8},{"name":9,"z":8,"display":[{"transform":{"pY":32,"scX":1,"x":0,"scY":1,"y":0,"skX":0,"pX":32,"skY":0},"name":"bounstishiku/xingdian","type":"image"},{"transform":{"pY":23,"scX":1,"x":0,"scY":1,"y":0,"skX":0,"pX":40.5,"skY":0},"name":"bounstishiku/mianfei","type":"image"}],"parent":9},{"name":10,"z":9,"display":[{"transform":{"pY":32.5,"scX":1,"x":0,"scY":1,"y":0,"skX":0,"pX":98,"skY":0},"name":"bounstishiku/jingcaishike","type":"image"},{"transform":{"pY":23,"scX":1,"x":0,"scY":1,"y":0,"skX":0,"pX":40.5,"skY":0},"name":"bounstishiku/jiangli","type":"image"},{"transform":{"pY":29,"scX":1,"x":0,"scY":1,"y":0,"skX":0,"pX":93,"skY":0},"name":"bounstishiku/haoyunlailing","type":"image"}],"parent":10},{"name":11,"z":10,"display":[{"transform":{"pY":124.1,"scX":1,"x":0,"scY":1,"y":0,"skX":0,"pX":124.1,"skY":0},"name":"bounstishiku/guangdian","type":"image"}],"parent":11}],"name":"default"}],"animation":[{"autoTween":1,"timeline":[{"name":1,"scale":1,"frame":[{"z":0,"duration":1,"transform":{"pY":0,"scX":0.25,"x":1,"scY":0.25,"y":5,"skX":0,"pX":0,"skY":0},"tweenEasing":0},{"z":0,"duration":1,"transform":{"pY":0,"scX":0.5,"x":1,"scY":0.5,"y":5,"skX":0,"pX":0,"skY":0},"tweenEasing":0},{"z":0,"duration":1,"transform":{"pY":0,"scX":0.75,"x":1,"scY":0.75,"y":5,"skX":0,"pX":0,"skY":0},"tweenEasing":0},{"tweenRotate":2,"z":0,"duration":1,"transform":{"pY":0,"scX":1,"x":1,"scY":1,"y":5,"skX":0,"pX":0,"skY":0},"tweenEasing":0},{"z":0,"duration":1,"transform":{"pY":0,"scX":1,"x":1,"scY":1,"y":5,"skX":4.05,"pX":0,"skY":4.05},"tweenEasing":0},{"z":0,"duration":1,"transform":{"pY":0,"scX":1,"x":1,"scY":1,"y":5,"skX":8.28,"pX":0,"skY":8.28},"tweenEasing":0},{"z":0,"duration":1,"transform":{"pY":0,"scX":1,"x":1,"scY":1,"y":5,"skX":12.52,"pX":0,"skY":12.52},"tweenEasing":0},{"z":0,"duration":1,"transform":{"pY":0,"scX":1,"x":1,"scY":1,"y":5,"skX":16.58,"pX":0,"skY":16.58},"tweenEasing":0},{"z":0,"duration":1,"transform":{"pY":0,"scX":1,"x":1,"scY":1,"y":5,"skX":20.82,"pX":0,"skY":20.82},"tweenEasing":0},{"z":0,"duration":1,"transform":{"pY":0,"scX":1,"x":1,"scY":1,"y":5,"skX":25.06,"pX":0,"skY":25.06},"tweenEasing":0},{"z":0,"duration":1,"transform":{"pY":0,"scX":1,"x":1,"scY":1,"y":5,"skX":29.31,"pX":0,"skY":29.31},"tweenEasing":0},{"z":0,"duration":1,"transform":{"pY":0,"scX":1,"x":1,"scY":1,"y":5,"skX":33.37,"pX":0,"skY":33.37},"tweenEasing":0},{"z":0,"duration":1,"transform":{"pY":0,"scX":1,"x":1,"scY":1,"y":5,"skX":37.61,"pX":0,"skY":37.61},"tweenEasing":0},{"z":0,"duration":1,"transform":{"pY":0,"scX":1,"x":1,"scY":1,"y":5,"skX":41.86,"pX":0,"skY":41.86},"tweenEasing":0},{"z":0,"duration":1,"transform":{"pY":0,"scX":1,"x":1,"scY":1,"y":5,"skX":46.11,"pX":0,"skY":46.11},"tweenEasing":0},{"z":0,"duration":1,"transform":{"pY":0,"scX":1,"x":1,"scY":1,"y":5,"skX":50.17,"pX":0,"skY":50.17},"tweenEasing":0},{"z":0,"duration":1,"transform":{"pY":0,"scX":1,"x":1,"scY":1,"y":5,"skX":54.42,"pX":0,"skY":54.42},"tweenEasing":0},{"z":0,"duration":1,"transform":{"pY":0,"scX":1,"x":1,"scY":1,"y":5,"skX":58.66,"pX":0,"skY":58.66},"tweenEasing":0},{"z":0,"duration":1,"transform":{"pY":0,"scX":1,"x":1,"scY":1,"y":5,"skX":62.91,"pX":0,"skY":62.91},"tweenEasing":0},{"z":0,"duration":1,"transform":{"pY":0,"scX":1,"x":1,"scY":1,"y":5,"skX":66.97,"pX":0,"skY":66.97},"tweenEasing":0},{"z":0,"duration":1,"transform":{"pY":0,"scX":1,"x":1,"scY":1,"y":5,"skX":71.21,"pX":0,"skY":71.21},"tweenEasing":0},{"z":0,"duration":1,"transform":{"pY":0,"scX":1,"x":1,"scY":1,"y":5,"skX":75.45,"pX":0,"skY":75.45},"tweenEasing":0},{"z":0,"duration":1,"transform":{"pY":0,"scX":1,"x":1,"scY":1,"y":5,"skX":79.69,"pX":0,"skY":79.69},"tweenEasing":0},{"z":0,"duration":1,"transform":{"pY":0,"scX":1,"x":1,"scY":1,"y":5,"skX":83.74,"pX":0,"skY":83.74},"tweenEasing":0},{"z":0,"duration":1,"transform":{"pY":0,"scX":1,"x":1,"scY":1,"y":5,"skX":87.98,"pX":0,"skY":87.98},"tweenEasing":0},{"z":0,"duration":1,"transform":{"pY":0,"scX":1,"x":1,"scY":1,"y":5,"skX":92.02,"pX":0,"skY":92.02},"tweenEasing":0},{"z":0,"duration":1,"transform":{"pY":0,"scX":1,"x":1,"scY":1,"y":5,"skX":96.26,"pX":0,"skY":96.26},"tweenEasing":0},{"z":0,"duration":1,"transform":{"pY":0,"scX":1,"x":1,"scY":1,"y":5,"skX":100.31,"pX":0,"skY":100.31},"tweenEasing":0},{"z":0,"duration":1,"transform":{"pY":0,"scX":1,"x":1,"scY":1,"y":5,"skX":104.55,"pX":0,"skY":104.55},"tweenEasing":0},{"z":0,"duration":1,"transform":{"pY":0,"scX":1,"x":1,"scY":1,"y":5,"skX":108.79,"pX":0,"skY":108.79},"tweenEasing":0},{"z":0,"duration":1,"transform":{"pY":0,"scX":1,"x":1,"scY":1,"y":5,"skX":113.03,"pX":0,"skY":113.03},"tweenEasing":0},{"z":0,"duration":1,"transform":{"pY":0,"scX":1,"x":1,"scY":1,"y":5,"skX":117.09,"pX":0,"skY":117.09},"tweenEasing":0},{"z":0,"duration":1,"transform":{"pY":0,"scX":1,"x":1,"scY":1,"y":5,"skX":121.34,"pX":0,"skY":121.34},"tweenEasing":0},{"z":0,"duration":1,"transform":{"pY":0,"scX":1,"x":1,"scY":1,"y":5,"skX":125.58,"pX":0,"skY":125.58},"tweenEasing":0},{"z":0,"duration":1,"transform":{"pY":0,"scX":1,"x":1,"scY":1,"y":5,"skX":129.83,"pX":0,"skY":129.83},"tweenEasing":0},{"z":0,"duration":1,"transform":{"pY":0,"scX":1,"x":1,"scY":1,"y":5,"skX":133.89,"pX":0,"skY":133.89},"tweenEasing":0},{"z":0,"duration":1,"transform":{"pY":0,"scX":1,"x":1,"scY":1,"y":5,"skX":138.14,"pX":0,"skY":138.14},"tweenEasing":0},{"z":0,"duration":1,"transform":{"pY":0,"scX":1,"x":1,"scY":1,"y":5,"skX":142.39,"pX":0,"skY":142.39},"tweenEasing":0},{"z":0,"duration":1,"transform":{"pY":0,"scX":1,"x":1,"scY":1,"y":5,"skX":146.63,"pX":0,"skY":146.63},"tweenEasing":0},{"z":0,"duration":1,"transform":{"pY":0,"scX":1,"x":1,"scY":1,"y":5,"skX":150.69,"pX":0,"skY":150.69},"tweenEasing":0},{"z":0,"duration":1,"transform":{"pY":0,"scX":1,"x":1,"scY":1,"y":5,"skX":154.94,"pX":0,"skY":154.94},"tweenEasing":0},{"z":0,"duration":1,"transform":{"pY":0,"scX":1,"x":1,"scY":1,"y":5,"skX":159.18,"pX":0,"skY":159.18},"tweenEasing":0},{"z":0,"duration":1,"transform":{"pY":0,"scX":1,"x":1,"scY":1,"y":5,"skX":163.42,"pX":0,"skY":163.42},"tweenEasing":0},{"z":0,"duration":1,"transform":{"pY":0,"scX":1,"x":1.05,"scY":1,"y":5,"skX":165.72,"pX":0,"skY":165.72},"colorTransform":{"bO":0,"aM":91,"rM":100,"aO":0,"gM":100,"rO":0,"bM":100,"gO":0},"tweenEasing":0},{"z":0,"duration":1,"transform":{"pY":0,"scX":1,"x":1.05,"scY":1,"y":5,"skX":167.98,"pX":0,"skY":167.98},"colorTransform":{"bO":0,"aM":82,"rM":100,"aO":0,"gM":100,"rO":0,"bM":100,"gO":0},"tweenEasing":0},{"z":0,"duration":1,"transform":{"pY":0,"scX":1,"x":1.05,"scY":1,"y":4.95,"skX":170.23,"pX":0,"skY":170.23},"colorTransform":{"bO":0,"aM":73,"rM":100,"aO":0,"gM":100,"rO":0,"bM":100,"gO":0},"tweenEasing":0},{"z":0,"duration":1,"transform":{"pY":0,"scX":1,"x":1.05,"scY":1,"y":5,"skX":172.49,"pX":0,"skY":172.49},"colorTransform":{"bO":0,"aM":64,"rM":100,"aO":0,"gM":100,"rO":0,"bM":100,"gO":0},"tweenEasing":0},{"z":0,"duration":1,"transform":{"pY":0,"scX":1,"x":1.05,"scY":1,"y":4.95,"skX":174.74,"pX":0,"skY":174.74},"colorTransform":{"bO":0,"aM":55,"rM":100,"aO":0,"gM":100,"rO":0,"bM":100,"gO":0},"tweenEasing":0},{"z":0,"duration":1,"transform":{"pY":0,"scX":1,"x":1.05,"scY":1,"y":4.95,"skX":177,"pX":0,"skY":177},"colorTransform":{"bO":0,"aM":45,"rM":100,"aO":0,"gM":100,"rO":0,"bM":100,"gO":0},"tweenEasing":0},{"z":0,"duration":1,"transform":{"pY":0,"scX":1,"x":1.05,"scY":1,"y":4.95,"skX":179.25,"pX":0,"skY":179.25},"colorTransform":{"bO":0,"aM":36,"rM":100,"aO":0,"gM":100,"rO":0,"bM":100,"gO":0},"tweenEasing":0},{"z":0,"duration":1,"transform":{"pY":0,"scX":1,"x":1.05,"scY":1,"y":4.95,"skX":-178.5,"pX":0,"skY":-178.5},"colorTransform":{"bO":0,"aM":27,"rM":100,"aO":0,"gM":100,"rO":0,"bM":100,"gO":0},"tweenEasing":0},{"z":0,"duration":1,"transform":{"pY":0,"scX":1,"x":1.05,"scY":1,"y":5,"skX":-176.25,"pX":0,"skY":-176.25},"colorTransform":{"bO":0,"aM":18,"rM":100,"aO":0,"gM":100,"rO":0,"bM":100,"gO":0},"tweenEasing":0},{"z":0,"duration":1,"transform":{"pY":0,"scX":1,"x":1.05,"scY":1,"y":5,"skX":-173.99,"pX":0,"skY":-173.99},"colorTransform":{"bO":0,"aM":9,"rM":100,"aO":0,"gM":100,"rO":0,"bM":100,"gO":0},"tweenEasing":0},{"z":0,"duration":1,"transform":{"pY":0,"scX":1,"x":1,"scY":1,"y":5,"skX":-171.72,"pX":0,"skY":-171.72},"colorTransform":{"bO":0,"aM":0,"rM":100,"aO":0,"gM":100,"rO":0,"bM":100,"gO":0},"tweenEasing":0}],"offset":0},{"name":2,"scale":1,"frame":[{"duration":2,"displayIndex":-1},{"z":1,"duration":4,"transform":{"pY":0,"scX":0.45,"x":-49.9,"scY":0.45,"y":0.7,"skX":15.94,"pX":0,"skY":15.94},"tweenEasing":0},{"z":1,"duration":8,"transform":{"pY":0,"scX":0.78,"x":7.45,"scY":0.78,"y":-14.55,"skX":49.63,"pX":0,"skY":49.63},"tweenEasing":0},{"z":1,"duration":16,"transform":{"pY":0,"scX":0.9,"x":92.75,"scY":0.9,"y":-53.3,"skX":-133.04,"pX":0,"skY":-133.04},"tweenEasing":0},{"z":1,"duration":1,"transform":{"pY":0,"scX":0.36,"x":184.95,"scY":0.36,"y":-92.5,"skX":9.66,"pX":0,"skY":9.66},"tweenEasing":0},{"z":1,"duration":1,"transform":{"pY":0,"scX":0.36,"x":184.95,"scY":0.36,"y":-92.5,"skX":9.66,"pX":0,"skY":9.66},"colorTransform":{"bO":0,"aM":0,"rM":100,"aO":0,"gM":100,"rO":0,"bM":100,"gO":0},"tweenEasing":0},{"duration":22,"displayIndex":-1}],"offset":0},{"name":3,"scale":1,"frame":[{"duration":2,"displayIndex":-1},{"z":2,"duration":3,"transform":{"pY":0,"scX":0.45,"x":35.35,"scY":0.45,"y":-68.1,"skX":149.52,"pX":0,"skY":149.52},"tweenEasing":0},{"z":2,"duration":6,"transform":{"pY":0,"scX":0.78,"x":6.8,"scY":0.78,"y":-16.1,"skX":-176.8,"pX":0,"skY":-176.8},"tweenEasing":0},{"z":2,"duration":12,"transform":{"pY":0,"scX":0.9,"x":-23.85,"scY":0.9,"y":72.5,"skX":0.53,"pX":0,"skY":0.53},"tweenEasing":0},{"z":2,"duration":1,"transform":{"pY":0,"scX":0.36,"x":-43.7,"scY":0.36,"y":121.4,"skX":143.24,"pX":0,"skY":143.24},"tweenEasing":0},{"z":2,"duration":1,"transform":{"pY":0,"scX":0.36,"x":-43.7,"scY":0.36,"y":121.4,"skX":143.24,"pX":0,"skY":143.24},"colorTransform":{"bO":0,"aM":0,"rM":100,"aO":0,"gM":100,"rO":0,"bM":100,"gO":0},"tweenEasing":0},{"duration":29,"displayIndex":-1}],"offset":0},{"name":4,"scale":1,"frame":[{"duration":2,"displayIndex":-1},{"z":3,"duration":6,"transform":{"pY":0,"scX":-0.96,"x":3.65,"scY":0.96,"y":-11.55,"skX":-29.34,"pX":0,"skY":-29.34},"tweenEasing":0},{"z":3,"duration":8,"transform":{"pY":0,"scX":-1.08,"x":-58.2,"scY":1.08,"y":-33.15,"skX":101.95,"pX":0,"skY":101.95},"tweenEasing":0},{"z":3,"duration":1,"transform":{"pY":0,"scX":-0.43,"x":-147.25,"scY":0.43,"y":-55.2,"skX":-130.7,"pX":0,"skY":-130.7},"tweenEasing":0},{"z":3,"duration":1,"transform":{"pY":0,"scX":-0.43,"x":-147.25,"scY":0.43,"y":-55.2,"skX":-130.7,"pX":0,"skY":-130.7},"colorTransform":{"bO":0,"aM":0,"rM":100,"aO":0,"gM":100,"rO":0,"bM":100,"gO":0},"tweenEasing":0},{"duration":36,"displayIndex":-1}],"offset":0},{"name":5,"scale":1,"frame":[{"duration":2,"displayIndex":-1},{"z":4,"duration":1,"transform":{"pY":0,"scX":-0.45,"x":-1.85,"scY":0.45,"y":-36,"skX":0,"pX":0,"skY":0},"tweenEasing":0},{"z":4,"duration":7,"transform":{"pY":0,"scX":-0.47,"x":-3.9,"scY":0.47,"y":-39.15,"skX":0,"pX":0,"skY":0},"tweenEasing":0},{"z":4,"duration":10,"transform":{"pY":0,"scX":-0.54,"x":-25.05,"scY":0.54,"y":-80.6,"skX":137.52,"pX":0,"skY":137.52},"tweenEasing":0},{"z":4,"duration":1,"transform":{"pY":0,"scX":-0.27,"x":-50.6,"scY":0.27,"y":-123.7,"skX":-56.49,"pX":0,"skY":-56.49},"tweenEasing":0},{"z":4,"duration":1,"transform":{"pY":0,"scX":-0.27,"x":-50.6,"scY":0.27,"y":-123.7,"skX":-56.49,"pX":0,"skY":-56.49},"colorTransform":{"bO":0,"aM":0,"rM":100,"aO":0,"gM":100,"rO":0,"bM":100,"gO":0},"tweenEasing":0},{"duration":32,"displayIndex":-1}],"offset":0},{"name":6,"scale":1,"frame":[{"duration":3,"displayIndex":-1},{"z":5,"duration":1,"transform":{"pY":0,"scX":-0.45,"x":27.45,"scY":0.45,"y":8.3,"skX":172.53,"pX":0,"skY":172.53},"tweenEasing":0},{"z":5,"duration":7,"transform":{"pY":0,"scX":-0.47,"x":29.9,"scY":0.47,"y":11.25,"skX":172.52,"pX":0,"skY":172.52},"tweenEasing":0},{"z":5,"duration":10,"transform":{"pY":0,"scX":-0.54,"x":56.25,"scY":0.54,"y":49.55,"skX":-49.95,"pX":0,"skY":-49.95},"tweenEasing":0},{"z":5,"duration":1,"transform":{"pY":0,"scX":-0.27,"x":87.15,"scY":0.27,"y":88.95,"skX":116.03,"pX":0,"skY":116.03},"tweenEasing":0},{"z":5,"duration":1,"transform":{"pY":0,"scX":-0.27,"x":87.15,"scY":0.27,"y":88.95,"skX":116.03,"pX":0,"skY":116.03},"colorTransform":{"bO":0,"aM":0,"rM":100,"aO":0,"gM":100,"rO":0,"bM":100,"gO":0},"tweenEasing":0},{"duration":31,"displayIndex":-1}],"offset":0},{"name":7,"scale":1,"frame":[{"duration":2,"displayIndex":-1},{"z":6,"duration":4,"transform":{"pY":0,"scX":-0.43,"x":5.55,"scY":0.43,"y":1.7,"skX":62.81,"pX":0,"skY":62.81},"tweenEasing":0},{"z":6,"duration":7,"transform":{"pY":0,"scX":-0.56,"x":-35.9,"scY":0.56,"y":19.5,"skX":26.57,"pX":0,"skY":26.57},"tweenEasing":0},{"z":6,"duration":12,"transform":{"pY":0,"scX":-0.64,"x":-106.3,"scY":0.64,"y":69.3,"skX":-125.94,"pX":0,"skY":-125.94},"tweenEasing":0},{"z":6,"duration":1,"transform":{"pY":0,"scX":-0.32,"x":-136.05,"scY":0.32,"y":87.65,"skX":100.75,"pX":0,"skY":100.75},"tweenEasing":0},{"z":6,"duration":1,"transform":{"pY":0,"scX":-0.32,"x":-136.05,"scY":0.32,"y":87.65,"skX":100.75,"pX":0,"skY":100.75},"colorTransform":{"bO":0,"aM":0,"rM":100,"aO":0,"gM":100,"rO":0,"bM":100,"gO":0},"tweenEasing":0},{"duration":27,"displayIndex":-1}],"offset":0},{"name":8,"scale":1,"frame":[{"duration":2,"displayIndex":-1},{"z":7,"duration":3,"transform":{"pY":0,"scX":0.49,"x":50.55,"scY":0.49,"y":10.75,"skX":0,"pX":0,"skY":0},"tweenEasing":0},{"z":7,"duration":6,"transform":{"pY":0,"scX":0.56,"x":61.95,"scY":0.56,"y":16.45,"skX":0,"pX":0,"skY":0},"tweenEasing":0},{"z":7,"duration":11,"transform":{"pY":0,"scX":0.64,"x":115.05,"scY":0.64,"y":49.8,"skX":0,"pX":0,"skY":0},"tweenEasing":0},{"z":7,"duration":1,"transform":{"pY":0,"scX":0.32,"x":142.95,"scY":0.32,"y":65.1,"skX":0,"pX":0,"skY":0},"tweenEasing":0},{"z":7,"duration":1,"transform":{"pY":0,"scX":0.32,"x":142.95,"scY":0.32,"y":65.1,"skX":0,"pX":0,"skY":0},"colorTransform":{"bO":0,"aM":0,"rM":100,"aO":0,"gM":100,"rO":0,"bM":100,"gO":0},"tweenEasing":0},{"duration":30,"displayIndex":-1}],"offset":0},{"name":9,"scale":1,"frame":[{"duration":2,"displayIndex":-1},{"z":8,"duration":6,"transform":{"pY":0,"scX":0.57,"x":7.8,"scY":0.57,"y":22.15,"skX":0,"pX":0,"skY":0},"tweenEasing":0},{"z":8,"duration":8,"transform":{"pY":0,"scX":0.64,"x":3,"scY":0.64,"y":49.8,"skX":0,"pX":0,"skY":0},"tweenEasing":0},{"z":8,"duration":1,"transform":{"pY":0,"scX":0.32,"x":-1.6,"scY":0.32,"y":89.1,"skX":0,"pX":0,"skY":0},"tweenEasing":0},{"z":8,"duration":1,"transform":{"pY":0,"scX":0.32,"x":-1.6,"scY":0.32,"y":89.1,"skX":0,"pX":0,"skY":0},"colorTransform":{"bO":0,"aM":0,"rM":100,"aO":0,"gM":100,"rO":0,"bM":100,"gO":0},"tweenEasing":0},{"duration":36,"displayIndex":-1}],"offset":0},{"name":10,"scale":1,"frame":[{"z":9,"duration":4,"transform":{"pY":0,"scX":1,"x":0,"scY":1,"y":-351.05,"skX":0,"pX":0,"skY":0},"tweenEasing":0},{"z":9,"duration":4,"transform":{"pY":0,"scX":1,"x":-2,"scY":1,"y":22,"skX":0,"pX":0,"skY":0},"tweenEasing":0},{"z":9,"duration":3,"transform":{"pY":0,"scX":1,"x":-2,"scY":1,"y":11,"skX":0,"pX":0,"skY":0},"tweenEasing":0},{"z":9,"duration":2,"transform":{"pY":0,"scX":1,"x":-2,"scY":1,"y":17,"skX":0,"pX":0,"skY":0},"tweenEasing":0},{"transform":{"pY":0,"scX":1,"x":-2,"scY":1,"y":16,"skX":0,"pX":0,"skY":0},"z":9,"duration":29},{"z":9,"duration":11,"transform":{"pY":0,"scX":1,"x":-2,"scY":1,"y":16,"skX":0,"pX":0,"skY":0},"tweenEasing":0},{"z":9,"duration":1,"transform":{"pY":0,"scX":1,"x":-2,"scY":1,"y":16,"skX":0,"pX":0,"skY":0},"colorTransform":{"bO":0,"aM":0,"rM":100,"aO":0,"gM":100,"rO":0,"bM":100,"gO":0}}],"offset":0},{"name":11,"scale":1,"frame":[{"z":10,"duration":3,"transform":{"pY":0,"scX":0.71,"x":3.6,"scY":0.71,"y":1.6,"skX":0,"pX":0,"skY":0},"tweenEasing":0},{"z":10,"duration":5,"transform":{"pY":0,"scX":1.78,"x":3.6,"scY":1.78,"y":1.6,"skX":0,"pX":0,"skY":0},"colorTransform":{"bO":0,"aM":43,"rM":100,"aO":0,"gM":100,"rO":0,"bM":100,"gO":0},"tweenEasing":0},{"z":10,"duration":1,"transform":{"pY":0,"scX":2.16,"x":3.6,"scY":2.16,"y":1.6,"skX":0,"pX":0,"skY":0},"colorTransform":{"bO":0,"aM":0,"rM":100,"aO":0,"gM":100,"rO":0,"bM":100,"gO":0},"tweenEasing":0},{"duration":45,"displayIndex":-1}],"offset":0}],"duration":54,"scale":1,"loop":20,"tweenEasing":null,"name":"bouns_01_hint","fadeInTime":0},{"autoTween":1,"timeline":[{"name":7,"scale":1,"frame":[{"duration":2,"displayIndex":-1},{"z":6,"duration":1,"transform":{"pY":0,"scX":0.25,"x":1,"scY":0.25,"y":5,"skX":0,"pX":0,"skY":0},"displayIndex":1,"tweenEasing":0},{"z":6,"duration":1,"transform":{"pY":0,"scX":0.5,"x":1,"scY":0.5,"y":5,"skX":0,"pX":0,"skY":0},"displayIndex":1,"tweenEasing":0},{"z":6,"duration":1,"transform":{"pY":0,"scX":0.75,"x":1,"scY":0.75,"y":5,"skX":0,"pX":0,"skY":0},"displayIndex":1,"tweenEasing":0},{"tweenRotate":2,"z":6,"duration":1,"transform":{"pY":0,"scX":1,"x":1,"scY":1,"y":5,"skX":0,"pX":0,"skY":0},"displayIndex":1,"tweenEasing":0},{"z":6,"duration":1,"transform":{"pY":0,"scX":1,"x":1,"scY":1,"y":5,"skX":4.05,"pX":0,"skY":4.05},"displayIndex":1,"tweenEasing":0},{"z":6,"duration":1,"transform":{"pY":0,"scX":1,"x":1,"scY":1,"y":5,"skX":8.28,"pX":0,"skY":8.28},"displayIndex":1,"tweenEasing":0},{"z":6,"duration":1,"transform":{"pY":0,"scX":1,"x":1,"scY":1,"y":5,"skX":12.52,"pX":0,"skY":12.52},"displayIndex":1,"tweenEasing":0},{"z":6,"duration":1,"transform":{"pY":0,"scX":1,"x":1,"scY":1,"y":5,"skX":16.58,"pX":0,"skY":16.58},"displayIndex":1,"tweenEasing":0},{"z":6,"duration":1,"transform":{"pY":0,"scX":1,"x":1,"scY":1,"y":5,"skX":20.82,"pX":0,"skY":20.82},"displayIndex":1,"tweenEasing":0},{"z":6,"duration":1,"transform":{"pY":0,"scX":1,"x":1,"scY":1,"y":5,"skX":25.06,"pX":0,"skY":25.06},"displayIndex":1,"tweenEasing":0},{"z":6,"duration":1,"transform":{"pY":0,"scX":1,"x":1,"scY":1,"y":5,"skX":29.31,"pX":0,"skY":29.31},"displayIndex":1,"tweenEasing":0},{"z":6,"duration":1,"transform":{"pY":0,"scX":1,"x":1,"scY":1,"y":5,"skX":33.37,"pX":0,"skY":33.37},"displayIndex":1,"tweenEasing":0},{"z":6,"duration":1,"transform":{"pY":0,"scX":1,"x":1,"scY":1,"y":5,"skX":37.61,"pX":0,"skY":37.61},"displayIndex":1,"tweenEasing":0},{"z":6,"duration":1,"transform":{"pY":0,"scX":1,"x":1,"scY":1,"y":5,"skX":41.86,"pX":0,"skY":41.86},"displayIndex":1,"tweenEasing":0},{"z":6,"duration":1,"transform":{"pY":0,"scX":1,"x":1,"scY":1,"y":5,"skX":46.11,"pX":0,"skY":46.11},"displayIndex":1,"tweenEasing":0},{"z":6,"duration":1,"transform":{"pY":0,"scX":1,"x":1,"scY":1,"y":5,"skX":50.17,"pX":0,"skY":50.17},"displayIndex":1,"tweenEasing":0},{"z":6,"duration":1,"transform":{"pY":0,"scX":1,"x":1,"scY":1,"y":5,"skX":54.42,"pX":0,"skY":54.42},"displayIndex":1,"tweenEasing":0},{"z":6,"duration":1,"transform":{"pY":0,"scX":1,"x":1,"scY":1,"y":5,"skX":58.66,"pX":0,"skY":58.66},"displayIndex":1,"tweenEasing":0},{"z":6,"duration":1,"transform":{"pY":0,"scX":1,"x":1,"scY":1,"y":5,"skX":62.91,"pX":0,"skY":62.91},"displayIndex":1,"tweenEasing":0},{"z":6,"duration":1,"transform":{"pY":0,"scX":1,"x":1,"scY":1,"y":5,"skX":66.97,"pX":0,"skY":66.97},"displayIndex":1,"tweenEasing":0},{"z":6,"duration":1,"transform":{"pY":0,"scX":1,"x":1,"scY":1,"y":5,"skX":71.21,"pX":0,"skY":71.21},"displayIndex":1,"tweenEasing":0},{"z":6,"duration":1,"transform":{"pY":0,"scX":1,"x":1,"scY":1,"y":5,"skX":75.45,"pX":0,"skY":75.45},"displayIndex":1,"tweenEasing":0},{"z":6,"duration":1,"transform":{"pY":0,"scX":1,"x":1,"scY":1,"y":5,"skX":79.69,"pX":0,"skY":79.69},"displayIndex":1,"tweenEasing":0},{"z":6,"duration":1,"transform":{"pY":0,"scX":1,"x":1,"scY":1,"y":5,"skX":83.74,"pX":0,"skY":83.74},"displayIndex":1,"tweenEasing":0},{"z":6,"duration":1,"transform":{"pY":0,"scX":1,"x":1,"scY":1,"y":5,"skX":87.98,"pX":0,"skY":87.98},"displayIndex":1,"tweenEasing":0},{"z":6,"duration":1,"transform":{"pY":0,"scX":1,"x":1,"scY":1,"y":5,"skX":92.02,"pX":0,"skY":92.02},"displayIndex":1,"tweenEasing":0},{"z":6,"duration":1,"transform":{"pY":0,"scX":1,"x":1,"scY":1,"y":5,"skX":96.26,"pX":0,"skY":96.26},"displayIndex":1,"tweenEasing":0},{"z":6,"duration":1,"transform":{"pY":0,"scX":1,"x":1,"scY":1,"y":5,"skX":100.31,"pX":0,"skY":100.31},"displayIndex":1,"tweenEasing":0},{"z":6,"duration":1,"transform":{"pY":0,"scX":1,"x":1,"scY":1,"y":5,"skX":104.55,"pX":0,"skY":104.55},"displayIndex":1,"tweenEasing":0},{"z":6,"duration":1,"transform":{"pY":0,"scX":1,"x":1,"scY":1,"y":5,"skX":108.79,"pX":0,"skY":108.79},"displayIndex":1,"tweenEasing":0},{"z":6,"duration":1,"transform":{"pY":0,"scX":1,"x":1,"scY":1,"y":5,"skX":113.03,"pX":0,"skY":113.03},"displayIndex":1,"tweenEasing":0},{"z":6,"duration":1,"transform":{"pY":0,"scX":1,"x":1,"scY":1,"y":5,"skX":117.09,"pX":0,"skY":117.09},"displayIndex":1,"tweenEasing":0},{"z":6,"duration":1,"transform":{"pY":0,"scX":1,"x":1,"scY":1,"y":5,"skX":121.34,"pX":0,"skY":121.34},"displayIndex":1,"tweenEasing":0},{"z":6,"duration":1,"transform":{"pY":0,"scX":1,"x":1,"scY":1,"y":5,"skX":125.58,"pX":0,"skY":125.58},"displayIndex":1,"tweenEasing":0},{"z":6,"duration":1,"transform":{"pY":0,"scX":1,"x":1,"scY":1,"y":5,"skX":129.83,"pX":0,"skY":129.83},"displayIndex":1,"tweenEasing":0},{"z":6,"duration":1,"transform":{"pY":0,"scX":1,"x":1,"scY":1,"y":5,"skX":133.89,"pX":0,"skY":133.89},"displayIndex":1,"tweenEasing":0},{"z":6,"duration":1,"transform":{"pY":0,"scX":1,"x":1,"scY":1,"y":5,"skX":138.14,"pX":0,"skY":138.14},"displayIndex":1,"tweenEasing":0},{"z":6,"duration":1,"transform":{"pY":0,"scX":1,"x":1,"scY":1,"y":5,"skX":142.39,"pX":0,"skY":142.39},"displayIndex":1,"tweenEasing":0},{"z":6,"duration":1,"transform":{"pY":0,"scX":1,"x":1,"scY":1,"y":5,"skX":146.63,"pX":0,"skY":146.63},"displayIndex":1,"tweenEasing":0},{"z":6,"duration":1,"transform":{"pY":0,"scX":1,"x":1,"scY":1,"y":5,"skX":150.69,"pX":0,"skY":150.69},"displayIndex":1,"tweenEasing":0},{"z":6,"duration":1,"transform":{"pY":0,"scX":1,"x":1,"scY":1,"y":5,"skX":154.94,"pX":0,"skY":154.94},"displayIndex":1,"tweenEasing":0},{"z":6,"duration":1,"transform":{"pY":0,"scX":1,"x":1,"scY":1,"y":5,"skX":159.18,"pX":0,"skY":159.18},"displayIndex":1,"tweenEasing":0},{"z":6,"duration":1,"transform":{"pY":0,"scX":1,"x":1,"scY":1,"y":5,"skX":163.42,"pX":0,"skY":163.42},"displayIndex":1,"tweenEasing":0},{"z":6,"duration":1,"transform":{"pY":0,"scX":1,"x":1.05,"scY":1,"y":5,"skX":166.22,"pX":0,"skY":166.22},"colorTransform":{"bO":0,"aM":89,"rM":100,"aO":0,"gM":100,"rO":0,"bM":100,"gO":0},"displayIndex":1,"tweenEasing":0},{"z":6,"duration":1,"transform":{"pY":0,"scX":1,"x":1.05,"scY":1,"y":4.95,"skX":168.98,"pX":0,"skY":168.98},"colorTransform":{"bO":0,"aM":78,"rM":100,"aO":0,"gM":100,"rO":0,"bM":100,"gO":0},"displayIndex":1,"tweenEasing":0},{"z":6,"duration":1,"transform":{"pY":0,"scX":1,"x":1.05,"scY":1,"y":5,"skX":171.74,"pX":0,"skY":171.74},"colorTransform":{"bO":0,"aM":67,"rM":100,"aO":0,"gM":100,"rO":0,"bM":100,"gO":0},"displayIndex":1,"tweenEasing":0},{"z":6,"duration":1,"transform":{"pY":0,"scX":1,"x":1.05,"scY":1,"y":5,"skX":174.49,"pX":0,"skY":174.49},"colorTransform":{"bO":0,"aM":55,"rM":100,"aO":0,"gM":100,"rO":0,"bM":100,"gO":0},"displayIndex":1,"tweenEasing":0},{"z":6,"duration":1,"transform":{"pY":0,"scX":1,"x":1,"scY":1,"y":5,"skX":177.24,"pX":0,"skY":177.24},"colorTransform":{"bO":0,"aM":45,"rM":100,"aO":0,"gM":100,"rO":0,"bM":100,"gO":0},"displayIndex":1,"tweenEasing":0},{"z":6,"duration":1,"transform":{"pY":0,"scX":1,"x":1,"scY":1,"y":5,"skX":180,"pX":0,"skY":180},"colorTransform":{"bO":0,"aM":33,"rM":100,"aO":0,"gM":100,"rO":0,"bM":100,"gO":0},"displayIndex":1,"tweenEasing":0},{"z":6,"duration":1,"transform":{"pY":0,"scX":1,"x":1.05,"scY":1,"y":4.95,"skX":-177.25,"pX":0,"skY":-177.25},"colorTransform":{"bO":0,"aM":22,"rM":100,"aO":0,"gM":100,"rO":0,"bM":100,"gO":0},"displayIndex":1,"tweenEasing":0},{"z":6,"duration":1,"transform":{"pY":0,"scX":1,"x":1.05,"scY":1,"y":5.05,"skX":-174.49,"pX":0,"skY":-174.49},"colorTransform":{"bO":0,"aM":11,"rM":100,"aO":0,"gM":100,"rO":0,"bM":100,"gO":0},"displayIndex":1,"tweenEasing":0},{"z":6,"duration":1,"transform":{"pY":0,"scX":1,"x":1,"scY":1,"y":5,"skX":-171.72,"pX":0,"skY":-171.72},"colorTransform":{"bO":0,"aM":0,"rM":100,"aO":0,"gM":100,"rO":0,"bM":100,"gO":0},"displayIndex":1,"tweenEasing":0}],"offset":0},{"name":8,"scale":1,"frame":[{"duration":4,"displayIndex":-1},{"z":7,"duration":3,"transform":{"pY":0,"scX":0.25,"x":0.9,"scY":0.25,"y":4.4,"skX":0,"pX":0,"skY":0},"displayIndex":1,"tweenEasing":0},{"z":7,"duration":2,"transform":{"pY":0,"scX":1.1,"x":0.5,"scY":1.1,"y":2.55,"skX":0,"pX":0,"skY":0},"displayIndex":1,"tweenEasing":0},{"z":7,"duration":2,"transform":{"pY":0,"scX":0.95,"x":0.5,"scY":0.95,"y":2.55,"skX":0,"pX":0,"skY":0},"displayIndex":1,"tweenEasing":0},{"z":7,"duration":31,"transform":{"pY":0,"scX":1,"x":0.5,"scY":1,"y":2.55,"skX":0,"pX":0,"skY":0},"displayIndex":1},{"z":7,"duration":11,"transform":{"pY":0,"scX":1,"x":0.5,"scY":1,"y":2.55,"skX":0,"pX":0,"skY":0},"displayIndex":1,"tweenEasing":0},{"z":7,"duration":1,"transform":{"pY":0,"scX":1,"x":0.5,"scY":1,"y":2.55,"skX":0,"pX":0,"skY":0},"colorTransform":{"bO":0,"aM":0,"rM":100,"aO":0,"gM":100,"rO":0,"bM":100,"gO":0},"displayIndex":1}],"offset":0},{"name":9,"scale":1,"frame":[{"z":8,"duration":3,"transform":{"pY":0,"scX":1.98,"x":-300.05,"scY":1,"y":12.05,"skX":0,"pX":0,"skY":0},"displayIndex":1,"tweenEasing":0},{"z":8,"duration":3,"transform":{"pY":0,"scX":0.84,"x":-33.05,"scY":1,"y":11.55,"skX":0,"pX":0,"skY":0},"displayIndex":1,"tweenEasing":0},{"z":8,"duration":3,"transform":{"pY":0,"scX":1,"x":-41.05,"scY":1,"y":11.55,"skX":0,"pX":0,"skY":0},"displayIndex":1,"tweenEasing":0},{"z":8,"duration":33,"transform":{"pY":0,"scX":1,"x":-39.05,"scY":1,"y":11.55,"skX":0,"pX":0,"skY":0},"displayIndex":1,"tweenEasing":0},{"z":8,"duration":11,"transform":{"pY":0,"scX":1,"x":-39.05,"scY":1,"y":11.55,"skX":0,"pX":0,"skY":0},"displayIndex":1,"tweenEasing":0},{"z":8,"duration":1,"transform":{"pY":0,"scX":1,"x":-39.05,"scY":1,"y":11.55,"skX":0,"pX":0,"skY":0},"colorTransform":{"bO":0,"aM":0,"rM":100,"aO":0,"gM":100,"rO":0,"bM":100,"gO":0},"displayIndex":1,"tweenEasing":0}],"offset":0},{"name":10,"scale":1,"frame":[{"z":9,"duration":3,"transform":{"pY":0,"scX":1.67,"x":322.3,"scY":1,"y":12.05,"skX":0,"pX":0,"skY":0},"displayIndex":1,"tweenEasing":0},{"z":9,"duration":3,"transform":{"pY":0,"scX":0.86,"x":34.8,"scY":1,"y":11.55,"skX":0,"pX":0,"skY":0},"displayIndex":1,"tweenEasing":0},{"z":9,"duration":3,"transform":{"pY":0,"scX":1,"x":43.8,"scY":1,"y":11.55,"skX":0,"pX":0,"skY":0},"displayIndex":1,"tweenEasing":0},{"z":9,"duration":33,"transform":{"pY":0,"scX":1,"x":41.8,"scY":1,"y":11.55,"skX":0,"pX":0,"skY":0},"displayIndex":1,"tweenEasing":0},{"z":9,"duration":11,"transform":{"pY":0,"scX":1,"x":41.8,"scY":1,"y":11.55,"skX":0,"pX":0,"skY":0},"displayIndex":1,"tweenEasing":0},{"z":9,"duration":1,"transform":{"pY":0,"scX":1,"x":41.8,"scY":1,"y":11.55,"skX":0,"pX":0,"skY":0},"colorTransform":{"bO":0,"aM":0,"rM":100,"aO":0,"gM":100,"rO":0,"bM":100,"gO":0},"displayIndex":1,"tweenEasing":0}],"offset":0},{"name":11,"scale":1,"frame":[{"duration":3,"displayIndex":-1},{"z":10,"duration":3,"transform":{"pY":0,"scX":0.71,"x":3.6,"scY":0.71,"y":1.6,"skX":0,"pX":0,"skY":0},"tweenEasing":0},{"z":10,"duration":5,"transform":{"pY":0,"scX":1.78,"x":3.6,"scY":1.78,"y":1.6,"skX":0,"pX":0,"skY":0},"colorTransform":{"bO":0,"aM":43,"rM":100,"aO":0,"gM":100,"rO":0,"bM":100,"gO":0},"tweenEasing":0},{"z":10,"duration":1,"transform":{"pY":0,"scX":2.16,"x":3.6,"scY":2.16,"y":1.6,"skX":0,"pX":0,"skY":0},"colorTransform":{"bO":0,"aM":0,"rM":100,"aO":0,"gM":100,"rO":0,"bM":100,"gO":0},"tweenEasing":0},{"duration":42,"displayIndex":-1}],"offset":0}],"duration":54,"scale":1,"loop":1,"tweenEasing":null,"name":"bouns_02_hint","fadeInTime":0},{"autoTween":1,"timeline":[{"name":1,"scale":1,"frame":[{"duration":2,"displayIndex":-1},{"z":0,"duration":1,"transform":{"pY":0,"scX":0.25,"x":1,"scY":0.25,"y":5,"skX":0,"pX":0,"skY":0},"displayIndex":1,"tweenEasing":0},{"z":0,"duration":1,"transform":{"pY":0,"scX":0.5,"x":1,"scY":0.5,"y":5,"skX":0,"pX":0,"skY":0},"displayIndex":1,"tweenEasing":0},{"z":0,"duration":1,"transform":{"pY":0,"scX":0.75,"x":1,"scY":0.75,"y":5,"skX":0,"pX":0,"skY":0},"displayIndex":1,"tweenEasing":0},{"tweenRotate":2,"z":0,"duration":1,"transform":{"pY":0,"scX":1,"x":1,"scY":1,"y":5,"skX":0,"pX":0,"skY":0},"displayIndex":1,"tweenEasing":0},{"z":0,"duration":1,"transform":{"pY":0,"scX":1,"x":1,"scY":1,"y":5,"skX":4.05,"pX":0,"skY":4.05},"displayIndex":1,"tweenEasing":0},{"z":0,"duration":1,"transform":{"pY":0,"scX":1,"x":1,"scY":1,"y":5,"skX":8.28,"pX":0,"skY":8.28},"displayIndex":1,"tweenEasing":0},{"z":0,"duration":1,"transform":{"pY":0,"scX":1,"x":1,"scY":1,"y":5,"skX":12.52,"pX":0,"skY":12.52},"displayIndex":1,"tweenEasing":0},{"z":0,"duration":1,"transform":{"pY":0,"scX":1,"x":1,"scY":1,"y":5,"skX":16.58,"pX":0,"skY":16.58},"displayIndex":1,"tweenEasing":0},{"z":0,"duration":1,"transform":{"pY":0,"scX":1,"x":1,"scY":1,"y":5,"skX":20.82,"pX":0,"skY":20.82},"displayIndex":1,"tweenEasing":0},{"z":0,"duration":1,"transform":{"pY":0,"scX":1,"x":1,"scY":1,"y":5,"skX":25.06,"pX":0,"skY":25.06},"displayIndex":1,"tweenEasing":0},{"z":0,"duration":1,"transform":{"pY":0,"scX":1,"x":1,"scY":1,"y":5,"skX":29.31,"pX":0,"skY":29.31},"displayIndex":1,"tweenEasing":0},{"z":0,"duration":1,"transform":{"pY":0,"scX":1,"x":1,"scY":1,"y":5,"skX":33.37,"pX":0,"skY":33.37},"displayIndex":1,"tweenEasing":0},{"z":0,"duration":1,"transform":{"pY":0,"scX":1,"x":1,"scY":1,"y":5,"skX":37.61,"pX":0,"skY":37.61},"displayIndex":1,"tweenEasing":0},{"z":0,"duration":1,"transform":{"pY":0,"scX":1,"x":1,"scY":1,"y":5,"skX":41.86,"pX":0,"skY":41.86},"displayIndex":1,"tweenEasing":0},{"z":0,"duration":1,"transform":{"pY":0,"scX":1,"x":1,"scY":1,"y":5,"skX":46.11,"pX":0,"skY":46.11},"displayIndex":1,"tweenEasing":0},{"z":0,"duration":1,"transform":{"pY":0,"scX":1,"x":1,"scY":1,"y":5,"skX":50.17,"pX":0,"skY":50.17},"displayIndex":1,"tweenEasing":0},{"z":0,"duration":1,"transform":{"pY":0,"scX":1,"x":1,"scY":1,"y":5,"skX":54.42,"pX":0,"skY":54.42},"displayIndex":1,"tweenEasing":0},{"z":0,"duration":1,"transform":{"pY":0,"scX":1,"x":1,"scY":1,"y":5,"skX":58.66,"pX":0,"skY":58.66},"displayIndex":1,"tweenEasing":0},{"z":0,"duration":1,"transform":{"pY":0,"scX":1,"x":1,"scY":1,"y":5,"skX":62.91,"pX":0,"skY":62.91},"displayIndex":1,"tweenEasing":0},{"z":0,"duration":1,"transform":{"pY":0,"scX":1,"x":1,"scY":1,"y":5,"skX":66.97,"pX":0,"skY":66.97},"displayIndex":1,"tweenEasing":0},{"z":0,"duration":1,"transform":{"pY":0,"scX":1,"x":1,"scY":1,"y":5,"skX":71.21,"pX":0,"skY":71.21},"displayIndex":1,"tweenEasing":0},{"z":0,"duration":1,"transform":{"pY":0,"scX":1,"x":1,"scY":1,"y":5,"skX":75.45,"pX":0,"skY":75.45},"displayIndex":1,"tweenEasing":0},{"z":0,"duration":1,"transform":{"pY":0,"scX":1,"x":1,"scY":1,"y":5,"skX":79.69,"pX":0,"skY":79.69},"displayIndex":1,"tweenEasing":0},{"z":0,"duration":1,"transform":{"pY":0,"scX":1,"x":1,"scY":1,"y":5,"skX":83.74,"pX":0,"skY":83.74},"displayIndex":1,"tweenEasing":0},{"z":0,"duration":1,"transform":{"pY":0,"scX":1,"x":1,"scY":1,"y":5,"skX":87.98,"pX":0,"skY":87.98},"displayIndex":1,"tweenEasing":0},{"z":0,"duration":1,"transform":{"pY":0,"scX":1,"x":1,"scY":1,"y":5,"skX":92.02,"pX":0,"skY":92.02},"displayIndex":1,"tweenEasing":0},{"z":0,"duration":1,"transform":{"pY":0,"scX":1,"x":1,"scY":1,"y":5,"skX":96.26,"pX":0,"skY":96.26},"displayIndex":1,"tweenEasing":0},{"z":0,"duration":1,"transform":{"pY":0,"scX":1,"x":1,"scY":1,"y":5,"skX":100.31,"pX":0,"skY":100.31},"displayIndex":1,"tweenEasing":0},{"z":0,"duration":1,"transform":{"pY":0,"scX":1,"x":1,"scY":1,"y":5,"skX":104.55,"pX":0,"skY":104.55},"displayIndex":1,"tweenEasing":0},{"z":0,"duration":1,"transform":{"pY":0,"scX":1,"x":1,"scY":1,"y":5,"skX":108.79,"pX":0,"skY":108.79},"displayIndex":1,"tweenEasing":0},{"z":0,"duration":1,"transform":{"pY":0,"scX":1,"x":1,"scY":1,"y":5,"skX":113.03,"pX":0,"skY":113.03},"displayIndex":1,"tweenEasing":0},{"z":0,"duration":1,"transform":{"pY":0,"scX":1,"x":1,"scY":1,"y":5,"skX":117.09,"pX":0,"skY":117.09},"displayIndex":1,"tweenEasing":0},{"z":0,"duration":1,"transform":{"pY":0,"scX":1,"x":1,"scY":1,"y":5,"skX":121.34,"pX":0,"skY":121.34},"displayIndex":1,"tweenEasing":0},{"z":0,"duration":1,"transform":{"pY":0,"scX":1,"x":1,"scY":1,"y":5,"skX":125.58,"pX":0,"skY":125.58},"displayIndex":1,"tweenEasing":0},{"z":0,"duration":1,"transform":{"pY":0,"scX":1,"x":1,"scY":1,"y":5,"skX":129.83,"pX":0,"skY":129.83},"displayIndex":1,"tweenEasing":0},{"z":0,"duration":1,"transform":{"pY":0,"scX":1,"x":1,"scY":1,"y":5,"skX":133.89,"pX":0,"skY":133.89},"displayIndex":1,"tweenEasing":0},{"z":0,"duration":1,"transform":{"pY":0,"scX":1,"x":1,"scY":1,"y":5,"skX":138.14,"pX":0,"skY":138.14},"displayIndex":1,"tweenEasing":0},{"z":0,"duration":1,"transform":{"pY":0,"scX":1,"x":1,"scY":1,"y":5,"skX":142.39,"pX":0,"skY":142.39},"displayIndex":1,"tweenEasing":0},{"z":0,"duration":1,"transform":{"pY":0,"scX":1,"x":1,"scY":1,"y":5,"skX":146.63,"pX":0,"skY":146.63},"displayIndex":1,"tweenEasing":0},{"z":0,"duration":1,"transform":{"pY":0,"scX":1,"x":1,"scY":1,"y":5,"skX":150.69,"pX":0,"skY":150.69},"displayIndex":1,"tweenEasing":0},{"z":0,"duration":1,"transform":{"pY":0,"scX":1,"x":1,"scY":1,"y":5,"skX":154.94,"pX":0,"skY":154.94},"displayIndex":1,"tweenEasing":0},{"z":0,"duration":1,"transform":{"pY":0,"scX":1,"x":1,"scY":1,"y":5,"skX":159.18,"pX":0,"skY":159.18},"displayIndex":1,"tweenEasing":0},{"z":0,"duration":1,"transform":{"pY":0,"scX":1,"x":1,"scY":1,"y":5,"skX":163.42,"pX":0,"skY":163.42},"displayIndex":1,"tweenEasing":0},{"z":0,"duration":1,"transform":{"pY":0,"scX":1,"x":1.05,"scY":1,"y":5,"skX":166.22,"pX":0,"skY":166.22},"colorTransform":{"bO":0,"aM":89,"rM":100,"aO":0,"gM":100,"rO":0,"bM":100,"gO":0},"displayIndex":1,"tweenEasing":0},{"z":0,"duration":1,"transform":{"pY":0,"scX":1,"x":1.05,"scY":1,"y":4.95,"skX":168.98,"pX":0,"skY":168.98},"colorTransform":{"bO":0,"aM":78,"rM":100,"aO":0,"gM":100,"rO":0,"bM":100,"gO":0},"displayIndex":1,"tweenEasing":0},{"z":0,"duration":1,"transform":{"pY":0,"scX":1,"x":1.05,"scY":1,"y":5,"skX":171.74,"pX":0,"skY":171.74},"colorTransform":{"bO":0,"aM":67,"rM":100,"aO":0,"gM":100,"rO":0,"bM":100,"gO":0},"displayIndex":1,"tweenEasing":0},{"z":0,"duration":1,"transform":{"pY":0,"scX":1,"x":1.05,"scY":1,"y":5,"skX":174.49,"pX":0,"skY":174.49},"colorTransform":{"bO":0,"aM":55,"rM":100,"aO":0,"gM":100,"rO":0,"bM":100,"gO":0},"displayIndex":1,"tweenEasing":0},{"z":0,"duration":1,"transform":{"pY":0,"scX":1,"x":1,"scY":1,"y":5,"skX":177.24,"pX":0,"skY":177.24},"colorTransform":{"bO":0,"aM":45,"rM":100,"aO":0,"gM":100,"rO":0,"bM":100,"gO":0},"displayIndex":1,"tweenEasing":0},{"z":0,"duration":1,"transform":{"pY":0,"scX":1,"x":1,"scY":1,"y":5,"skX":180,"pX":0,"skY":180},"colorTransform":{"bO":0,"aM":33,"rM":100,"aO":0,"gM":100,"rO":0,"bM":100,"gO":0},"displayIndex":1,"tweenEasing":0},{"z":0,"duration":1,"transform":{"pY":0,"scX":1,"x":1.05,"scY":1,"y":4.95,"skX":-177.25,"pX":0,"skY":-177.25},"colorTransform":{"bO":0,"aM":22,"rM":100,"aO":0,"gM":100,"rO":0,"bM":100,"gO":0},"displayIndex":1,"tweenEasing":0},{"z":0,"duration":1,"transform":{"pY":0,"scX":1,"x":1.05,"scY":1,"y":5.05,"skX":-174.49,"pX":0,"skY":-174.49},"colorTransform":{"bO":0,"aM":11,"rM":100,"aO":0,"gM":100,"rO":0,"bM":100,"gO":0},"displayIndex":1,"tweenEasing":0},{"z":0,"duration":1,"transform":{"pY":0,"scX":1,"x":1,"scY":1,"y":5,"skX":-171.72,"pX":0,"skY":-171.72},"colorTransform":{"bO":0,"aM":0,"rM":100,"aO":0,"gM":100,"rO":0,"bM":100,"gO":0},"displayIndex":1,"tweenEasing":0}],"offset":0},{"name":2,"scale":1,"frame":[{"duration":2,"displayIndex":-1},{"z":1,"duration":4,"transform":{"pY":0,"scX":0.45,"x":-49.9,"scY":0.45,"y":0.7,"skX":15.94,"pX":0,"skY":15.94},"tweenEasing":0},{"z":1,"duration":8,"transform":{"pY":0,"scX":0.78,"x":7.45,"scY":0.78,"y":-14.55,"skX":49.63,"pX":0,"skY":49.63},"tweenEasing":0},{"z":1,"duration":16,"transform":{"pY":0,"scX":0.9,"x":92.75,"scY":0.9,"y":-53.3,"skX":-133.04,"pX":0,"skY":-133.04},"tweenEasing":0},{"z":1,"duration":1,"transform":{"pY":0,"scX":0.36,"x":184.95,"scY":0.36,"y":-92.5,"skX":9.66,"pX":0,"skY":9.66},"tweenEasing":0},{"z":1,"duration":1,"transform":{"pY":0,"scX":0.36,"x":184.95,"scY":0.36,"y":-92.5,"skX":9.66,"pX":0,"skY":9.66},"colorTransform":{"bO":0,"aM":0,"rM":100,"aO":0,"gM":100,"rO":0,"bM":100,"gO":0},"tweenEasing":0},{"duration":22,"displayIndex":-1}],"offset":0},{"name":3,"scale":1,"frame":[{"duration":2,"displayIndex":-1},{"z":2,"duration":3,"transform":{"pY":0,"scX":0.45,"x":35.35,"scY":0.45,"y":-68.1,"skX":149.52,"pX":0,"skY":149.52},"tweenEasing":0},{"z":2,"duration":6,"transform":{"pY":0,"scX":0.78,"x":6.8,"scY":0.78,"y":-16.1,"skX":-176.8,"pX":0,"skY":-176.8},"tweenEasing":0},{"z":2,"duration":12,"transform":{"pY":0,"scX":0.9,"x":-23.85,"scY":0.9,"y":72.5,"skX":0.53,"pX":0,"skY":0.53},"tweenEasing":0},{"z":2,"duration":1,"transform":{"pY":0,"scX":0.36,"x":-43.7,"scY":0.36,"y":121.4,"skX":143.24,"pX":0,"skY":143.24},"tweenEasing":0},{"z":2,"duration":1,"transform":{"pY":0,"scX":0.36,"x":-43.7,"scY":0.36,"y":121.4,"skX":143.24,"pX":0,"skY":143.24},"colorTransform":{"bO":0,"aM":0,"rM":100,"aO":0,"gM":100,"rO":0,"bM":100,"gO":0},"tweenEasing":0},{"duration":29,"displayIndex":-1}],"offset":0},{"name":4,"scale":1,"frame":[{"duration":2,"displayIndex":-1},{"z":3,"duration":6,"transform":{"pY":0,"scX":-0.96,"x":3.65,"scY":0.96,"y":-11.55,"skX":-29.34,"pX":0,"skY":-29.34},"tweenEasing":0},{"z":3,"duration":8,"transform":{"pY":0,"scX":-1.08,"x":-58.2,"scY":1.08,"y":-33.15,"skX":101.95,"pX":0,"skY":101.95},"tweenEasing":0},{"z":3,"duration":1,"transform":{"pY":0,"scX":-0.43,"x":-147.25,"scY":0.43,"y":-55.2,"skX":-130.7,"pX":0,"skY":-130.7},"tweenEasing":0},{"z":3,"duration":1,"transform":{"pY":0,"scX":-0.43,"x":-147.25,"scY":0.43,"y":-55.2,"skX":-130.7,"pX":0,"skY":-130.7},"colorTransform":{"bO":0,"aM":0,"rM":100,"aO":0,"gM":100,"rO":0,"bM":100,"gO":0},"tweenEasing":0},{"duration":36,"displayIndex":-1}],"offset":0},{"name":5,"scale":1,"frame":[{"duration":2,"displayIndex":-1},{"z":4,"duration":1,"transform":{"pY":0,"scX":-0.45,"x":-1.85,"scY":0.45,"y":-36,"skX":0,"pX":0,"skY":0},"tweenEasing":0},{"z":4,"duration":7,"transform":{"pY":0,"scX":-0.47,"x":-3.9,"scY":0.47,"y":-39.15,"skX":0,"pX":0,"skY":0},"tweenEasing":0},{"z":4,"duration":10,"transform":{"pY":0,"scX":-0.54,"x":-25.05,"scY":0.54,"y":-80.6,"skX":137.52,"pX":0,"skY":137.52},"tweenEasing":0},{"z":4,"duration":1,"transform":{"pY":0,"scX":-0.27,"x":-50.6,"scY":0.27,"y":-123.7,"skX":-56.49,"pX":0,"skY":-56.49},"tweenEasing":0},{"z":4,"duration":1,"transform":{"pY":0,"scX":-0.27,"x":-50.6,"scY":0.27,"y":-123.7,"skX":-56.49,"pX":0,"skY":-56.49},"colorTransform":{"bO":0,"aM":0,"rM":100,"aO":0,"gM":100,"rO":0,"bM":100,"gO":0},"tweenEasing":0},{"duration":32,"displayIndex":-1}],"offset":0},{"name":6,"scale":1,"frame":[{"duration":3,"displayIndex":-1},{"z":5,"duration":1,"transform":{"pY":0,"scX":-0.45,"x":27.45,"scY":0.45,"y":8.3,"skX":172.53,"pX":0,"skY":172.53},"tweenEasing":0},{"z":5,"duration":7,"transform":{"pY":0,"scX":-0.47,"x":29.9,"scY":0.47,"y":11.25,"skX":172.52,"pX":0,"skY":172.52},"tweenEasing":0},{"z":5,"duration":10,"transform":{"pY":0,"scX":-0.54,"x":56.25,"scY":0.54,"y":49.55,"skX":-49.95,"pX":0,"skY":-49.95},"tweenEasing":0},{"z":5,"duration":1,"transform":{"pY":0,"scX":-0.27,"x":87.15,"scY":0.27,"y":88.95,"skX":116.03,"pX":0,"skY":116.03},"tweenEasing":0},{"z":5,"duration":1,"transform":{"pY":0,"scX":-0.27,"x":87.15,"scY":0.27,"y":88.95,"skX":116.03,"pX":0,"skY":116.03},"colorTransform":{"bO":0,"aM":0,"rM":100,"aO":0,"gM":100,"rO":0,"bM":100,"gO":0},"tweenEasing":0},{"duration":31,"displayIndex":-1}],"offset":0},{"name":7,"scale":1,"frame":[{"duration":2,"displayIndex":-1},{"z":6,"duration":4,"transform":{"pY":0,"scX":-0.43,"x":5.55,"scY":0.43,"y":1.7,"skX":62.81,"pX":0,"skY":62.81},"tweenEasing":0},{"z":6,"duration":7,"transform":{"pY":0,"scX":-0.56,"x":-35.9,"scY":0.56,"y":19.5,"skX":26.57,"pX":0,"skY":26.57},"tweenEasing":0},{"z":6,"duration":12,"transform":{"pY":0,"scX":-0.64,"x":-106.3,"scY":0.64,"y":69.3,"skX":-125.94,"pX":0,"skY":-125.94},"tweenEasing":0},{"z":6,"duration":1,"transform":{"pY":0,"scX":-0.32,"x":-136.05,"scY":0.32,"y":87.65,"skX":100.75,"pX":0,"skY":100.75},"tweenEasing":0},{"z":6,"duration":1,"transform":{"pY":0,"scX":-0.32,"x":-136.05,"scY":0.32,"y":87.65,"skX":100.75,"pX":0,"skY":100.75},"colorTransform":{"bO":0,"aM":0,"rM":100,"aO":0,"gM":100,"rO":0,"bM":100,"gO":0},"tweenEasing":0},{"duration":27,"displayIndex":-1}],"offset":0},{"name":8,"scale":1,"frame":[{"duration":2,"displayIndex":-1},{"z":7,"duration":3,"transform":{"pY":0,"scX":0.49,"x":50.55,"scY":0.49,"y":10.75,"skX":0,"pX":0,"skY":0},"tweenEasing":0},{"z":7,"duration":6,"transform":{"pY":0,"scX":0.56,"x":61.95,"scY":0.56,"y":16.45,"skX":0,"pX":0,"skY":0},"tweenEasing":0},{"z":7,"duration":11,"transform":{"pY":0,"scX":0.64,"x":115.05,"scY":0.64,"y":49.8,"skX":0,"pX":0,"skY":0},"tweenEasing":0},{"z":7,"duration":1,"transform":{"pY":0,"scX":0.32,"x":142.95,"scY":0.32,"y":65.1,"skX":0,"pX":0,"skY":0},"tweenEasing":0},{"z":7,"duration":1,"transform":{"pY":0,"scX":0.32,"x":142.95,"scY":0.32,"y":65.1,"skX":0,"pX":0,"skY":0},"colorTransform":{"bO":0,"aM":0,"rM":100,"aO":0,"gM":100,"rO":0,"bM":100,"gO":0},"tweenEasing":0},{"duration":30,"displayIndex":-1}],"offset":0},{"name":9,"scale":1,"frame":[{"duration":2,"displayIndex":-1},{"z":8,"duration":6,"transform":{"pY":0,"scX":0.57,"x":7.8,"scY":0.57,"y":22.15,"skX":0,"pX":0,"skY":0},"tweenEasing":0},{"z":8,"duration":8,"transform":{"pY":0,"scX":0.64,"x":3,"scY":0.64,"y":49.8,"skX":0,"pX":0,"skY":0},"tweenEasing":0},{"z":8,"duration":1,"transform":{"pY":0,"scX":0.32,"x":-1.6,"scY":0.32,"y":89.1,"skX":0,"pX":0,"skY":0},"tweenEasing":0},{"z":8,"duration":1,"transform":{"pY":0,"scX":0.32,"x":-1.6,"scY":0.32,"y":89.1,"skX":0,"pX":0,"skY":0},"colorTransform":{"bO":0,"aM":0,"rM":100,"aO":0,"gM":100,"rO":0,"bM":100,"gO":0},"tweenEasing":0},{"duration":36,"displayIndex":-1}],"offset":0},{"name":10,"scale":1,"frame":[{"z":9,"duration":4,"transform":{"pY":0,"scX":6,"x":3.9,"scY":6,"y":6.9,"skX":0,"pX":0,"skY":0},"colorTransform":{"bO":201,"aM":100,"rM":21,"aO":0,"gM":21,"rO":201,"bM":21,"gO":201},"displayIndex":2,"tweenEasing":0},{"z":9,"duration":3,"transform":{"pY":0,"scX":0.9,"x":3.9,"scY":0.9,"y":6.9,"skX":0,"pX":0,"skY":0},"displayIndex":2,"tweenEasing":0},{"z":9,"duration":2,"transform":{"pY":0,"scX":1.05,"x":3.9,"scY":1.05,"y":6.9,"skX":0,"pX":0,"skY":0},"displayIndex":2,"tweenEasing":0},{"z":9,"duration":2,"transform":{"pY":0,"scX":0.95,"x":3.9,"scY":0.95,"y":6.9,"skX":0,"pX":0,"skY":0},"displayIndex":2,"tweenEasing":0},{"z":9,"duration":31,"transform":{"pY":0,"scX":1,"x":3.9,"scY":1,"y":6.9,"skX":0,"pX":0,"skY":0},"displayIndex":2},{"z":9,"duration":11,"transform":{"pY":0,"scX":1,"x":3.9,"scY":1,"y":6.9,"skX":0,"pX":0,"skY":0},"displayIndex":2,"tweenEasing":0},{"z":9,"duration":1,"transform":{"pY":0,"scX":1,"x":3.9,"scY":1,"y":6.9,"skX":0,"pX":0,"skY":0},"colorTransform":{"bO":0,"aM":0,"rM":100,"aO":0,"gM":100,"rO":0,"bM":100,"gO":0},"displayIndex":2}],"offset":0},{"name":11,"scale":1,"frame":[{"duration":3,"displayIndex":-1},{"z":10,"duration":3,"transform":{"pY":0,"scX":0.71,"x":3.6,"scY":0.71,"y":1.6,"skX":0,"pX":0,"skY":0},"tweenEasing":0},{"z":10,"duration":5,"transform":{"pY":0,"scX":1.78,"x":3.6,"scY":1.78,"y":1.6,"skX":0,"pX":0,"skY":0},"colorTransform":{"bO":0,"aM":43,"rM":100,"aO":0,"gM":100,"rO":0,"bM":100,"gO":0},"tweenEasing":0},{"z":10,"duration":1,"transform":{"pY":0,"scX":2.16,"x":3.6,"scY":2.16,"y":1.6,"skX":0,"pX":0,"skY":0},"colorTransform":{"bO":0,"aM":0,"rM":100,"aO":0,"gM":100,"rO":0,"bM":100,"gO":0},"tweenEasing":0},{"duration":42,"displayIndex":-1}],"offset":0}],"duration":54,"scale":1,"loop":1,"tweenEasing":null,"name":"bouns_03_hint","fadeInTime":0}]}],"version":2.3}