{"imagePath":"texture.png","name":"bounstishi","SubTexture":[{"name":"bounstishiku/jingcaishikeguangquan","x":253,"width":228,"y":0,"height":226},{"name":"bounstishiku/mianfeijiangliguangquan","x":253,"width":176,"y":228,"height":181},{"name":"bounstishiku/xingxing","x":198,"width":33,"y":253,"height":44},{"name":"bounstishiku/xingdian","x":431,"width":68,"y":228,"height":68},{"name":"bounstishiku/hengfu","x":166,"width":258,"y":411,"height":65},{"name":"bounstishiku/mianfei","x":83,"width":81,"y":380,"height":46},{"name":"bounstishiku/jingcaishike","x":0,"width":196,"y":253,"height":65},{"name":"bounstishiku/jiangli","x":0,"width":81,"y":380,"height":46},{"name":"bounstishiku/haoyunlailing","x":0,"width":186,"y":320,"height":58},{"name":"bounstishiku/guangdian","x":0,"width":251,"y":0,"height":251}]}