{"frameRate":24,"name":"guanqiaguoguan","armature":[{"name":"guanqiaguoguaniku/guanqiaguoguan","bone":[{"transform":{"skX":-50.97,"scY":0.32,"x":0,"skY":-50.97,"y":18,"scX":0.32},"name":17},{"transform":{"skX":0,"scY":0.35,"x":-0.35,"skY":0,"y":24.55,"scX":0.35},"name":16},{"transform":{"skX":0,"scY":0.5,"x":32,"skY":0,"y":6,"scX":0.5},"name":15},{"transform":{"skX":0,"scY":0.5,"x":39,"skY":0,"y":6,"scX":0.5},"name":14},{"transform":{"skX":15.94,"scY":0.7,"x":-70.7,"skY":15.94,"y":13.9,"scX":0.7},"name":13},{"transform":{"skX":149.52,"scY":0.7,"x":62.5,"skY":149.52,"y":-93.6,"scX":0.7},"name":12},{"transform":{"skX":-29.34,"scY":1.51,"x":13,"skY":-29.34,"y":-5.3,"scX":-1.51},"name":11},{"transform":{"skX":0,"scY":0.71,"x":4.4,"skY":0,"y":-43.4,"scX":-0.71},"name":10},{"transform":{"skX":172.53,"scY":0.71,"x":50.2,"skY":172.53,"y":25.8,"scX":-0.71},"name":9},{"transform":{"skX":62.81,"scY":0.67,"x":16,"skY":62.81,"y":15.5,"scX":-0.67},"name":8},{"transform":{"skX":0,"scY":0.77,"x":86.3,"skY":0,"y":29.6,"scX":0.77},"name":7},{"transform":{"skX":0,"scY":0.9,"x":19.5,"skY":0,"y":47.4,"scX":0.9},"name":6},{"transform":{"skX":0,"scY":0.35,"x":0.75,"skY":0,"y":13.75,"scX":0.35},"name":5},{"transform":{"skX":0,"scY":1,"x":-5.75,"skY":0,"y":11,"scX":1},"name":4},{"transform":{"skX":0,"scY":1,"x":-5.75,"skY":0,"y":11,"scX":1},"name":3},{"transform":{"skX":0,"scY":0.8,"x":-5.75,"skY":0,"y":10.95,"scX":0.8},"name":2},{"transform":{"skX":0,"scY":1.65,"x":-5.8,"skY":0,"y":10.4,"scX":1.65},"name":1}],"skin":[{"slot":[{"name":17,"z":0,"display":[{"transform":{"pY":247.45,"scY":1,"x":0,"y":0,"skX":0,"skY":0,"pX":250.95,"scX":1},"name":"guanqiaguoguaniku/guanguanquan","type":"image"}],"parent":17},{"name":16,"z":1,"display":[{"transform":{"pY":96.25,"scY":1,"x":0,"y":0,"skX":0,"skY":0,"pX":220.5,"scX":1},"name":"guanqiaguoguaniku/guoguancao","type":"image"}],"parent":16},{"name":15,"z":2,"display":[{"transform":{"pY":32,"scY":1,"x":0,"y":0,"skX":0,"skY":0,"pX":32,"scX":1},"name":"guanqiaguoguaniku/guoguandiandian","type":"image"}],"parent":15},{"name":14,"z":3,"display":[{"transform":{"pY":41.6,"scY":1,"x":0,"y":0,"skX":0,"skY":0,"pX":40.75,"scX":1},"name":"guanqiaguoguaniku/guoguanxingxing","type":"image"}],"parent":14},{"name":13,"z":4,"display":[{"transform":{"pY":41.6,"scY":1,"x":0,"y":0,"skX":0,"skY":0,"pX":40.75,"scX":1},"name":"guanqiaguoguaniku/guoguanxingxing","type":"image"}],"parent":13},{"name":12,"z":5,"display":[{"transform":{"pY":41.6,"scY":1,"x":0,"y":0,"skX":0,"skY":0,"pX":40.75,"scX":1},"name":"guanqiaguoguaniku/guoguanxingxing","type":"image"}],"parent":12},{"name":11,"z":6,"display":[{"transform":{"pY":41.6,"scY":1,"x":0,"y":0,"skX":0,"skY":0,"pX":40.75,"scX":1},"name":"guanqiaguoguaniku/guoguanxingxing","type":"image"}],"parent":11},{"name":10,"z":7,"display":[{"transform":{"pY":41.6,"scY":1,"x":0,"y":0,"skX":0,"skY":0,"pX":40.75,"scX":1},"name":"guanqiaguoguaniku/guoguanxingxing","type":"image"}],"parent":10},{"name":9,"z":8,"display":[{"transform":{"pY":41.6,"scY":1,"x":0,"y":0,"skX":0,"skY":0,"pX":40.75,"scX":1},"name":"guanqiaguoguaniku/guoguanxingxing","type":"image"}],"parent":9},{"name":8,"z":9,"display":[{"transform":{"pY":41.6,"scY":1,"x":0,"y":0,"skX":0,"skY":0,"pX":40.75,"scX":1},"name":"guanqiaguoguaniku/guoguanxingxing","type":"image"}],"parent":8},{"name":7,"z":10,"display":[{"transform":{"pY":32,"scY":1,"x":0,"y":0,"skX":0,"skY":0,"pX":32,"scX":1},"name":"guanqiaguoguaniku/guoguandiandian","type":"image"}],"parent":7},{"name":6,"z":11,"display":[{"transform":{"pY":32,"scY":1,"x":0,"y":0,"skX":0,"skY":0,"pX":32,"scX":1},"name":"guanqiaguoguaniku/guoguandiandian","type":"image"}],"parent":6},{"name":5,"z":12,"display":[{"transform":{"pY":34.65,"scY":1,"x":0,"y":0,"skX":0,"skY":0,"pX":104.65,"scX":1},"name":"guanqiaguoguaniku/guanguanzi","type":"image"}],"parent":5},{"name":4,"z":13,"display":[{"transform":{"pY":165.5,"scY":1,"x":0,"y":0,"skX":0,"skY":0,"pX":157.65,"scX":1},"name":"guanqiaguoguaniku/gglanquan","type":"image"}],"parent":4},{"name":3,"z":14,"display":[{"transform":{"pY":156.05,"scY":1,"x":0,"y":0,"skX":0,"skY":0,"pX":142.25,"scX":1},"name":"guanqiaguoguaniku/gghongquan","type":"image"}],"parent":3},{"name":2,"z":15,"display":[{"transform":{"pY":121.75,"scY":1,"x":0,"y":0,"skX":0,"skY":0,"pX":119.85,"scX":1},"name":"guanqiaguoguaniku/ggguagquan","type":"image"}],"parent":2},{"name":1,"z":16,"display":[{"transform":{"pY":121.75,"scY":1,"x":0,"y":0,"skX":0,"skY":0,"pX":119.85,"scX":1},"name":"guanqiaguoguaniku/ggguagquan","type":"image"}],"parent":1}],"name":"default"}],"animation":[{"autoTween":1,"timeline":[{"name":17,"scale":1,"frame":[{"transform":{"pY":0,"scY":0.32,"x":0,"y":18,"skX":-50.97,"skY":-50.97,"pX":0,"scX":0.32},"z":0,"duration":1},{"transform":{"pY":0,"scY":0.46,"x":0,"y":13.45,"skX":-38.13,"skY":-38.13,"pX":0,"scX":0.46},"z":0,"duration":1},{"transform":{"pY":0,"scY":0.61,"x":0,"y":9.05,"skX":-25.34,"skY":-25.34,"pX":0,"scX":0.61},"z":0,"duration":1},{"transform":{"pY":0,"scY":0.75,"x":0,"y":4.5,"skX":-12.57,"skY":-12.57,"pX":0,"scX":0.75},"z":0,"duration":1},{"transform":{"pY":0,"scY":0.9,"x":0,"y":0,"skX":0,"skY":0,"pX":0,"scX":0.9},"z":0,"duration":1},{"transform":{"pY":0,"scY":0.9,"x":0,"y":0,"skX":3.04,"skY":3.04,"pX":0,"scX":0.9},"z":0,"duration":1},{"transform":{"pY":0,"scY":0.9,"x":0,"y":0,"skX":6.27,"skY":6.27,"pX":0,"scX":0.9},"z":0,"duration":1},{"transform":{"pY":0,"scY":0.9,"x":0,"y":0,"skX":9.31,"skY":9.31,"pX":0,"scX":0.9},"z":0,"duration":1},{"transform":{"pY":0,"scY":0.9,"x":0,"y":0,"skX":12.54,"skY":12.54,"pX":0,"scX":0.9},"z":0,"duration":1},{"transform":{"pY":0,"scY":0.9,"x":0,"y":0,"skX":15.77,"skY":15.77,"pX":0,"scX":0.9},"z":0,"duration":1},{"transform":{"pY":0,"scY":0.9,"x":0,"y":0,"skX":18.82,"skY":18.82,"pX":0,"scX":0.9},"z":0,"duration":1},{"transform":{"pY":0,"scY":0.9,"x":0,"y":0,"skX":22.05,"skY":22.05,"pX":0,"scX":0.9},"z":0,"duration":1},{"transform":{"pY":0,"scY":0.9,"x":0,"y":0,"skX":25.29,"skY":25.29,"pX":0,"scX":0.9},"z":0,"duration":1},{"transform":{"pY":0,"scY":0.9,"x":0,"y":0,"skX":28.34,"skY":28.34,"pX":0,"scX":0.9},"z":0,"duration":1},{"transform":{"pY":0,"scY":0.9,"x":0,"y":0,"skX":31.57,"skY":31.57,"pX":0,"scX":0.9},"z":0,"duration":1},{"transform":{"pY":0,"scY":0.9,"x":0,"y":0,"skX":34.62,"skY":34.62,"pX":0,"scX":0.9},"z":0,"duration":1},{"transform":{"pY":0,"scY":0.9,"x":0,"y":0,"skX":37.86,"skY":37.86,"pX":0,"scX":0.9},"z":0,"duration":1},{"transform":{"pY":0,"scY":0.9,"x":0,"y":0,"skX":41.09,"skY":41.09,"pX":0,"scX":0.9},"z":0,"duration":1},{"transform":{"pY":0,"scY":0.9,"x":0,"y":0,"skX":44.14,"skY":44.14,"pX":0,"scX":0.9},"z":0,"duration":1},{"transform":{"pY":0,"scY":0.9,"x":0,"y":0,"skX":47.38,"skY":47.38,"pX":0,"scX":0.9},"z":0,"duration":1},{"transform":{"pY":0,"scY":0.9,"x":0,"y":0,"skX":50.62,"skY":50.62,"pX":0,"scX":0.9},"z":0,"duration":1},{"transform":{"pY":0,"scY":0.9,"x":0,"y":0,"skX":53.67,"skY":53.67,"pX":0,"scX":0.9},"z":0,"duration":1},{"transform":{"pY":0,"scY":0.9,"x":0,"y":0,"skX":56.9,"skY":56.9,"pX":0,"scX":0.9},"z":0,"duration":1},{"transform":{"pY":0,"scY":0.9,"x":0,"y":0,"skX":60.14,"skY":60.14,"pX":0,"scX":0.9},"z":0,"duration":1},{"transform":{"pY":0,"scY":0.9,"x":0,"y":0,"skX":63.19,"skY":63.19,"pX":0,"scX":0.9},"z":0,"duration":1},{"transform":{"pY":0,"scY":0.9,"x":0,"y":0,"skX":66.42,"skY":66.42,"pX":0,"scX":0.9},"z":0,"duration":1},{"transform":{"pY":0,"scY":0.9,"x":0,"y":0,"skX":69.47,"skY":69.47,"pX":0,"scX":0.9},"z":0,"duration":1},{"transform":{"pY":0,"scY":0.9,"x":0,"y":0,"skX":72.7,"skY":72.7,"pX":0,"scX":0.9},"z":0,"duration":1},{"transform":{"pY":0,"scY":0.9,"x":0,"y":0,"skX":75.94,"skY":75.94,"pX":0,"scX":0.9},"z":0,"duration":1},{"transform":{"pY":0,"scY":0.9,"x":0,"y":0,"skX":78.98,"skY":78.98,"pX":0,"scX":0.9},"z":0,"duration":1},{"transform":{"pY":0,"scY":0.9,"x":0,"y":0,"skX":82.21,"skY":82.21,"pX":0,"scX":0.9},"z":0,"duration":1},{"transform":{"pY":0,"scY":0.9,"x":0,"y":0,"skX":85.44,"skY":85.44,"pX":0,"scX":0.9},"z":0,"duration":1},{"transform":{"pY":0,"scY":0.9,"x":0,"y":0,"skX":88.48,"skY":88.48,"pX":0,"scX":0.9},"z":0,"duration":1},{"transform":{"pY":0,"scY":0.9,"x":0,"y":0,"skX":91.52,"skY":91.52,"pX":0,"scX":0.9},"z":0,"duration":1},{"transform":{"pY":0,"scY":0.9,"x":0,"y":0,"skX":94.56,"skY":94.56,"pX":0,"scX":0.9},"z":0,"duration":1},{"transform":{"pY":0,"scY":0.9,"x":0,"y":0,"skX":97.79,"skY":97.79,"pX":0,"scX":0.9},"z":0,"duration":1},{"transform":{"pY":0,"scY":0.9,"x":0,"y":0,"skX":101.02,"skY":101.02,"pX":0,"scX":0.9},"z":0,"duration":1},{"transform":{"pY":0,"scY":0.9,"x":0,"y":0,"skX":104.06,"skY":104.06,"pX":0,"scX":0.9},"z":0,"duration":1},{"transform":{"pY":0,"scY":0.9,"x":0,"y":0,"skX":107.3,"skY":107.3,"pX":0,"scX":0.9},"z":0,"duration":1},{"transform":{"pY":0,"scY":0.9,"x":0,"y":0,"skX":110.53,"skY":110.53,"pX":0,"scX":0.9},"z":0,"duration":1},{"transform":{"pY":0,"scY":0.9,"x":0,"y":0,"skX":113.58,"skY":113.58,"pX":0,"scX":0.9},"z":0,"duration":1},{"transform":{"pY":0,"scY":0.9,"x":0,"y":0,"skX":116.81,"skY":116.81,"pX":0,"scX":0.9},"z":0,"duration":1},{"transform":{"pY":0,"scY":0.9,"x":0,"y":0,"skX":119.86,"skY":119.86,"pX":0,"scX":0.9},"z":0,"duration":1},{"transform":{"pY":0,"scY":0.9,"x":0,"y":0,"skX":123.1,"skY":123.1,"pX":0,"scX":0.9},"z":0,"duration":1},{"z":0,"duration":1,"transform":{"pY":0,"scY":0.9,"x":0,"y":0,"skX":126.32,"skY":126.32,"pX":0,"scX":0.9},"colorTransform":{"aM":88,"rM":100,"aO":0,"gM":100,"rO":0,"bM":100,"gO":0,"bO":0}},{"z":0,"duration":1,"transform":{"pY":0,"scY":0.9,"x":0,"y":0,"skX":129.37,"skY":129.37,"pX":0,"scX":0.9},"colorTransform":{"aM":75,"rM":100,"aO":0,"gM":100,"rO":0,"bM":100,"gO":0,"bO":0}},{"z":0,"duration":1,"transform":{"pY":0,"scY":0.9,"x":0,"y":0,"skX":132.61,"skY":132.61,"pX":0,"scX":0.9},"colorTransform":{"aM":63,"rM":100,"aO":0,"gM":100,"rO":0,"bM":100,"gO":0,"bO":0}},{"z":0,"duration":1,"transform":{"pY":0,"scY":0.9,"x":0,"y":0,"skX":135.85,"skY":135.85,"pX":0,"scX":0.9},"colorTransform":{"aM":50,"rM":100,"aO":0,"gM":100,"rO":0,"bM":100,"gO":0,"bO":0}},{"z":0,"duration":1,"transform":{"pY":0,"scY":0.9,"x":0,"y":0,"skX":138.9,"skY":138.9,"pX":0,"scX":0.9},"colorTransform":{"aM":38,"rM":100,"aO":0,"gM":100,"rO":0,"bM":100,"gO":0,"bO":0}},{"z":0,"duration":1,"transform":{"pY":0,"scY":0.9,"x":0,"y":0,"skX":142.14,"skY":142.14,"pX":0,"scX":0.9},"colorTransform":{"aM":25,"rM":100,"aO":0,"gM":100,"rO":0,"bM":100,"gO":0,"bO":0}},{"z":0,"duration":1,"transform":{"pY":0,"scY":0.9,"x":0,"y":0,"skX":145.38,"skY":145.38,"pX":0,"scX":0.9},"colorTransform":{"aM":13,"rM":100,"aO":0,"gM":100,"rO":0,"bM":100,"gO":0,"bO":0}},{"z":0,"duration":1,"transform":{"pY":0,"scY":0.9,"x":0,"y":0,"skX":148.43,"skY":148.43,"pX":0,"scX":0.9},"colorTransform":{"aM":0,"rM":100,"aO":0,"gM":100,"rO":0,"bM":100,"gO":0,"bO":0}}],"offset":0},{"name":16,"scale":1,"frame":[{"z":1,"duration":4,"transform":{"pY":0,"scY":0.35,"x":-0.35,"y":24.55,"skX":0,"skY":0,"pX":0,"scX":0.35},"tweenEasing":0},{"z":1,"duration":2,"transform":{"pY":0,"scY":1.1,"x":-1,"y":32.9,"skX":0,"skY":0,"pX":0,"scX":1.1},"tweenEasing":0},{"z":1,"duration":2,"transform":{"pY":0,"scY":0.95,"x":-1,"y":32.9,"skX":0,"skY":0,"pX":0,"scX":0.95},"tweenEasing":0},{"z":1,"duration":35,"transform":{"pY":0,"scY":1,"x":-1,"y":32.9,"skX":0,"skY":0,"pX":0,"scX":1},"tweenEasing":0},{"z":1,"duration":8,"transform":{"pY":0,"scY":1,"x":-1,"y":32.9,"skX":0,"skY":0,"pX":0,"scX":1},"tweenEasing":0},{"z":1,"duration":1,"transform":{"pY":0,"scY":1,"x":-1,"y":32.9,"skX":0,"skY":0,"pX":0,"scX":1},"colorTransform":{"aM":0,"rM":100,"aO":0,"gM":100,"rO":0,"bM":100,"gO":0,"bO":0},"tweenEasing":0}],"offset":0},{"name":15,"scale":1,"frame":[{"duration":3,"displayIndex":-1},{"z":2,"duration":7,"transform":{"pY":0,"scY":0.5,"x":32,"y":6,"skX":0,"skY":0,"pX":0,"scX":0.5},"tweenEasing":0},{"z":2,"duration":8,"transform":{"pY":0,"scY":0.88,"x":-23.1,"y":-23.3,"skX":0,"skY":0,"pX":0,"scX":0.88},"tweenEasing":0},{"z":2,"duration":10,"transform":{"pY":0,"scY":1,"x":-81.4,"y":-63.8,"skX":0,"skY":0,"pX":0,"scX":1},"tweenEasing":0},{"z":2,"duration":1,"transform":{"pY":0,"scY":0.4,"x":-152.7,"y":-117.1,"skX":0,"skY":0,"pX":0,"scX":0.4},"tweenEasing":0},{"z":2,"duration":1,"transform":{"pY":0,"scY":0.4,"x":-152.7,"y":-117.1,"skX":0,"skY":0,"pX":0,"scX":0.4},"colorTransform":{"aM":0,"rM":100,"aO":0,"gM":100,"rO":0,"bM":100,"gO":0,"bO":0},"tweenEasing":0},{"duration":22,"displayIndex":-1}],"offset":0},{"name":14,"scale":1,"frame":[{"duration":1,"displayIndex":-1},{"z":3,"duration":7,"transform":{"pY":0,"scY":0.5,"x":39,"y":6,"skX":0,"skY":0,"pX":0,"scX":0.5},"tweenEasing":0},{"z":3,"duration":5,"transform":{"pY":0,"scY":0.88,"x":67.6,"y":-38.9,"skX":0,"skY":0,"pX":0,"scX":0.88},"tweenEasing":0},{"z":3,"duration":16,"transform":{"pY":0,"scY":1,"x":119.4,"y":-107.1,"skX":90.25,"skY":90.25,"pX":0,"scX":1},"tweenEasing":0},{"z":3,"duration":1,"transform":{"pY":0,"scY":0.4,"x":194,"y":-194.1,"skX":-118.01,"skY":-118.01,"pX":0,"scX":0.4},"tweenEasing":0},{"z":3,"duration":1,"transform":{"pY":0,"scY":0.4,"x":194,"y":-194.1,"skX":-118.01,"skY":-118.01,"pX":0,"scX":0.4},"colorTransform":{"aM":0,"rM":100,"aO":0,"gM":100,"rO":0,"bM":100,"gO":0,"bO":0},"tweenEasing":0},{"duration":21,"displayIndex":-1}],"offset":0},{"name":13,"scale":1,"frame":[{"duration":1,"displayIndex":-1},{"z":4,"duration":4,"transform":{"pY":0,"scY":0.7,"x":-70.7,"y":13.9,"skX":15.94,"skY":15.94,"pX":0,"scX":0.7},"tweenEasing":0},{"z":4,"duration":8,"transform":{"pY":0,"scY":1.22,"x":18.9,"y":-9.9,"skX":49.63,"skY":49.63,"pX":0,"scX":1.22},"tweenEasing":0},{"z":4,"duration":16,"transform":{"pY":0,"scY":1.4,"x":152.2,"y":-70.5,"skX":-133.04,"skY":-133.04,"pX":0,"scX":1.4},"tweenEasing":0},{"z":4,"duration":1,"transform":{"pY":0,"scY":0.56,"x":296.3,"y":-131.7,"skX":9.66,"skY":9.66,"pX":0,"scX":0.56},"tweenEasing":0},{"z":4,"duration":1,"transform":{"pY":0,"scY":0.56,"x":296.3,"y":-131.7,"skX":9.66,"skY":9.66,"pX":0,"scX":0.56},"colorTransform":{"aM":0,"rM":100,"aO":0,"gM":100,"rO":0,"bM":100,"gO":0,"bO":0},"tweenEasing":0},{"duration":21,"displayIndex":-1}],"offset":0},{"name":12,"scale":1,"frame":[{"duration":1,"displayIndex":-1},{"z":5,"duration":3,"transform":{"pY":0,"scY":0.7,"x":62.5,"y":-93.6,"skX":149.52,"skY":149.52,"pX":0,"scX":0.7},"tweenEasing":0},{"z":5,"duration":6,"transform":{"pY":0,"scY":1.22,"x":17.9,"y":-12.3,"skX":-176.8,"skY":-176.8,"pX":0,"scX":1.22},"tweenEasing":0},{"z":5,"duration":12,"transform":{"pY":0,"scY":1.4,"x":-30,"y":126.1,"skX":0.53,"skY":0.53,"pX":0,"scX":1.4},"tweenEasing":0},{"z":5,"duration":1,"transform":{"pY":0,"scY":0.56,"x":-61,"y":202.5,"skX":143.24,"skY":143.24,"pX":0,"scX":0.56},"tweenEasing":0},{"z":5,"duration":1,"transform":{"pY":0,"scY":0.56,"x":-61,"y":202.5,"skX":143.24,"skY":143.24,"pX":0,"scX":0.56},"colorTransform":{"aM":0,"rM":100,"aO":0,"gM":100,"rO":0,"bM":100,"gO":0,"bO":0},"tweenEasing":0},{"duration":28,"displayIndex":-1}],"offset":0},{"name":11,"scale":1,"frame":[{"duration":1,"displayIndex":-1},{"z":6,"duration":6,"transform":{"pY":0,"scY":1.51,"x":13,"y":-5.3,"skX":-29.34,"skY":-29.34,"pX":0,"scX":-1.51},"tweenEasing":0},{"z":6,"duration":8,"transform":{"pY":0,"scY":1.68,"x":-83.6,"y":-39,"skX":101.95,"skY":101.95,"pX":0,"scX":-1.68},"tweenEasing":0},{"z":6,"duration":1,"transform":{"pY":0,"scY":0.67,"x":-222.8,"y":-73.4,"skX":-130.7,"skY":-130.7,"pX":0,"scX":-0.67},"tweenEasing":0},{"z":6,"duration":1,"transform":{"pY":0,"scY":0.67,"x":-222.8,"y":-73.4,"skX":-130.7,"skY":-130.7,"pX":0,"scX":-0.67},"colorTransform":{"aM":0,"rM":100,"aO":0,"gM":100,"rO":0,"bM":100,"gO":0,"bO":0},"tweenEasing":0},{"duration":35,"displayIndex":-1}],"offset":0},{"name":10,"scale":1,"frame":[{"duration":1,"displayIndex":-1},{"z":7,"duration":1,"transform":{"pY":0,"scY":0.71,"x":4.4,"y":-43.4,"skX":0,"skY":0,"pX":0,"scX":-0.71},"tweenEasing":0},{"z":7,"duration":7,"transform":{"pY":0,"scY":0.74,"x":1.2,"y":-48.4,"skX":0,"skY":0,"pX":0,"scX":-0.73},"tweenEasing":0},{"z":7,"duration":10,"transform":{"pY":0,"scY":0.84,"x":-31.9,"y":-113.1,"skX":137.52,"skY":137.52,"pX":0,"scX":-0.84},"tweenEasing":0},{"z":7,"duration":1,"transform":{"pY":0,"scY":0.42,"x":-71.7,"y":-180.5,"skX":-56.49,"skY":-56.5,"pX":0,"scX":-0.42},"tweenEasing":0},{"z":7,"duration":1,"transform":{"pY":0,"scY":0.42,"x":-71.7,"y":-180.5,"skX":-56.49,"skY":-56.5,"pX":0,"scX":-0.42},"colorTransform":{"aM":0,"rM":100,"aO":0,"gM":100,"rO":0,"bM":100,"gO":0,"bO":0},"tweenEasing":0},{"duration":31,"displayIndex":-1}],"offset":0},{"name":9,"scale":1,"frame":[{"duration":2,"displayIndex":-1},{"z":8,"duration":1,"transform":{"pY":0,"scY":0.71,"x":50.2,"y":25.8,"skX":172.53,"skY":172.53,"pX":0,"scX":-0.71},"tweenEasing":0},{"z":8,"duration":7,"transform":{"pY":0,"scY":0.74,"x":54,"y":30.4,"skX":172.53,"skY":172.53,"pX":0,"scX":-0.74},"tweenEasing":0},{"z":8,"duration":10,"transform":{"pY":0,"scY":0.84,"x":95.2,"y":90.3,"skX":-49.95,"skY":-49.95,"pX":0,"scX":-0.84},"tweenEasing":0},{"z":8,"duration":1,"transform":{"pY":0,"scY":0.42,"x":143.5,"y":151.8,"skX":116.03,"skY":116.03,"pX":0,"scX":-0.42},"tweenEasing":0},{"z":8,"duration":1,"transform":{"pY":0,"scY":0.42,"x":143.5,"y":151.8,"skX":116.03,"skY":116.03,"pX":0,"scX":-0.42},"colorTransform":{"aM":0,"rM":100,"aO":0,"gM":100,"rO":0,"bM":100,"gO":0,"bO":0},"tweenEasing":0},{"duration":30,"displayIndex":-1}],"offset":0},{"name":8,"scale":1,"frame":[{"duration":1,"displayIndex":-1},{"z":9,"duration":4,"transform":{"pY":0,"scY":0.67,"x":16,"y":15.5,"skX":62.81,"skY":62.81,"pX":0,"scX":-0.67},"tweenEasing":0},{"z":9,"duration":7,"transform":{"pY":0,"scY":0.87,"x":-48.8,"y":43.2,"skX":26.57,"skY":26.57,"pX":0,"scX":-0.87},"tweenEasing":0},{"z":9,"duration":12,"transform":{"pY":0,"scY":1,"x":-158.8,"y":121.1,"skX":-125.94,"skY":-125.94,"pX":0,"scX":-1},"tweenEasing":0},{"z":9,"duration":1,"transform":{"pY":0,"scY":0.5,"x":-205.2,"y":149.7,"skX":100.75,"skY":100.75,"pX":0,"scX":-0.5},"tweenEasing":0},{"z":9,"duration":1,"transform":{"pY":0,"scY":0.5,"x":-205.2,"y":149.7,"skX":100.75,"skY":100.75,"pX":0,"scX":-0.5},"colorTransform":{"aM":0,"rM":100,"aO":0,"gM":100,"rO":0,"bM":100,"gO":0,"bO":0},"tweenEasing":0},{"duration":26,"displayIndex":-1}],"offset":0},{"name":7,"scale":1,"frame":[{"duration":1,"displayIndex":-1},{"z":10,"duration":3,"transform":{"pY":0,"scY":0.77,"x":86.3,"y":29.6,"skX":0,"skY":0,"pX":0,"scX":0.77},"tweenEasing":0},{"z":10,"duration":6,"transform":{"pY":0,"scY":0.88,"x":104.1,"y":38.5,"skX":0,"skY":0,"pX":0,"scX":0.88},"tweenEasing":0},{"z":10,"duration":11,"transform":{"pY":0,"scY":1,"x":187.1,"y":90.6,"skX":0,"skY":0,"pX":0,"scX":1},"tweenEasing":0},{"z":10,"duration":1,"transform":{"pY":0,"scY":0.5,"x":230.6,"y":114.5,"skX":0,"skY":0,"pX":0,"scX":0.5},"tweenEasing":0},{"z":10,"duration":1,"transform":{"pY":0,"scY":0.5,"x":230.6,"y":114.5,"skX":0,"skY":0,"pX":0,"scX":0.5},"colorTransform":{"aM":0,"rM":100,"aO":0,"gM":100,"rO":0,"bM":100,"gO":0,"bO":0},"tweenEasing":0},{"duration":29,"displayIndex":-1}],"offset":0},{"name":6,"scale":1,"frame":[{"duration":1,"displayIndex":-1},{"z":11,"duration":6,"transform":{"pY":0,"scY":0.9,"x":19.5,"y":47.4,"skX":0,"skY":0,"pX":0,"scX":0.9},"tweenEasing":0},{"z":11,"duration":8,"transform":{"pY":0,"scY":1,"x":12,"y":90.6,"skX":0,"skY":0,"pX":0,"scX":1},"tweenEasing":0},{"z":11,"duration":1,"transform":{"pY":0,"scY":0.5,"x":4.8,"y":152,"skX":0,"skY":0,"pX":0,"scX":0.5},"tweenEasing":0},{"z":11,"duration":1,"transform":{"pY":0,"scY":0.5,"x":4.8,"y":152,"skX":0,"skY":0,"pX":0,"scX":0.5},"colorTransform":{"aM":0,"rM":100,"aO":0,"gM":100,"rO":0,"bM":100,"gO":0,"bO":0},"tweenEasing":0},{"duration":35,"displayIndex":-1}],"offset":0},{"name":5,"scale":1,"frame":[{"z":12,"duration":6,"transform":{"pY":0,"scY":0.35,"x":0.75,"y":13.75,"skX":0,"skY":0,"pX":0,"scX":0.35},"tweenEasing":0},{"z":12,"duration":2,"transform":{"pY":0,"scY":1.2,"x":2.15,"y":2.15,"skX":0,"skY":0,"pX":0,"scX":1.2},"tweenEasing":0},{"z":12,"duration":2,"transform":{"pY":0,"scY":0.9,"x":2.15,"y":2.15,"skX":0,"skY":0,"pX":0,"scX":0.9},"tweenEasing":0},{"z":12,"duration":2,"transform":{"pY":0,"scY":1.05,"x":2.15,"y":2.15,"skX":0,"skY":0,"pX":0,"scX":1.05},"tweenEasing":0},{"z":12,"duration":31,"transform":{"pY":0,"scY":1,"x":2.15,"y":2.15,"skX":0,"skY":0,"pX":0,"scX":1},"tweenEasing":0},{"z":12,"duration":8,"transform":{"pY":0,"scY":1,"x":2.15,"y":2.15,"skX":0,"skY":0,"pX":0,"scX":1},"tweenEasing":0},{"z":12,"duration":1,"transform":{"pY":0,"scY":1,"x":2.15,"y":2.15,"skX":0,"skY":0,"pX":0,"scX":1},"colorTransform":{"aM":0,"rM":100,"aO":0,"gM":100,"rO":0,"bM":100,"gO":0,"bO":0},"tweenEasing":0}],"offset":0},{"name":4,"scale":1,"frame":[{"duration":1,"displayIndex":-1},{"z":13,"duration":1,"transform":{"pY":0,"scY":1,"x":-5.75,"y":11,"skX":0,"skY":0,"pX":0,"scX":1},"tweenEasing":0},{"z":13,"duration":8,"transform":{"pY":0,"scY":1.12,"x":-5.75,"y":11,"skX":0,"skY":0,"pX":0,"scX":1.12},"tweenEasing":0},{"z":13,"duration":1,"transform":{"pY":0,"scY":1.18,"x":-5.75,"y":11,"skX":0,"skY":0,"pX":0,"scX":1.18},"colorTransform":{"aM":0,"rM":100,"aO":0,"gM":100,"rO":0,"bM":100,"gO":0,"bO":0},"tweenEasing":0},{"duration":41,"displayIndex":-1}],"offset":0},{"name":3,"scale":1,"frame":[{"duration":1,"displayIndex":-1},{"z":14,"duration":3,"transform":{"pY":0,"scY":1,"x":-5.75,"y":11,"skX":0,"skY":0,"pX":0,"scX":1},"tweenEasing":0},{"z":14,"duration":10,"transform":{"pY":0,"scY":1.1,"x":-5.75,"y":11,"skX":0,"skY":0,"pX":0,"scX":1.1},"tweenEasing":0},{"z":14,"duration":1,"transform":{"pY":0,"scY":1.15,"x":-5.75,"y":11,"skX":0,"skY":0,"pX":0,"scX":1.15},"colorTransform":{"aM":0,"rM":100,"aO":0,"gM":100,"rO":0,"bM":100,"gO":0,"bO":0}},{"duration":37,"displayIndex":-1}],"offset":0},{"name":2,"scale":1,"frame":[{"duration":1,"displayIndex":-1},{"z":15,"duration":2,"transform":{"pY":0,"scY":0.8,"x":-5.75,"y":10.95,"skX":0,"skY":0,"pX":0,"scX":0.8},"tweenEasing":0},{"z":15,"duration":4,"transform":{"pY":0,"scY":1.1,"x":-5.75,"y":10.95,"skX":0,"skY":0,"pX":0,"scX":1.1},"colorTransform":{"aM":68,"rM":100,"aO":0,"gM":100,"rO":0,"bM":100,"gO":0,"bO":0},"tweenEasing":0},{"z":15,"duration":4,"transform":{"pY":0,"scY":1.13,"x":-5.75,"y":10.9,"skX":0,"skY":0,"pX":0,"scX":1.13},"colorTransform":{"aM":53,"rM":100,"aO":0,"gM":100,"rO":0,"bM":100,"gO":0,"bO":0},"tweenEasing":0},{"z":15,"duration":1,"transform":{"pY":0,"scY":1.15,"x":-5.75,"y":10.95,"skX":0,"skY":0,"pX":0,"scX":1.15},"colorTransform":{"aM":42,"rM":100,"aO":0,"gM":100,"rO":0,"bM":100,"gO":0,"bO":0},"tweenEasing":0},{"z":15,"duration":1,"transform":{"pY":0,"scY":1.15,"x":-5.75,"y":10.95,"skX":0,"skY":0,"pX":0,"scX":1.15},"colorTransform":{"aM":0,"rM":100,"aO":0,"gM":100,"rO":0,"bM":100,"gO":0,"bO":0},"tweenEasing":0},{"duration":39,"displayIndex":-1}],"offset":0},{"name":1,"scale":1,"frame":[{"duration":1,"displayIndex":-1},{"z":16,"duration":5,"transform":{"pY":0,"scY":1.65,"x":-5.8,"y":10.4,"skX":0,"skY":0,"pX":0,"scX":1.65},"tweenEasing":0},{"z":16,"duration":1,"transform":{"pY":0,"scY":1.73,"x":-5.8,"y":10.35,"skX":0,"skY":0,"pX":0,"scX":1.73},"colorTransform":{"aM":0,"rM":100,"aO":0,"gM":100,"rO":0,"bM":100,"gO":0,"bO":0},"tweenEasing":0},{"z":16,"duration":1,"transform":{"pY":0,"scY":1.73,"x":-5.8,"y":10.35,"skX":0,"skY":0,"pX":0,"scX":1.73},"colorTransform":{"aM":0,"rM":100,"aO":0,"gM":100,"rO":0,"bM":100,"gO":0,"bO":0},"tweenEasing":0},{"duration":44,"displayIndex":-1}],"offset":0}],"duration":52,"scale":1,"loop":1,"tweenEasing":null,"name":"ui_mission_clear","fadeInTime":0}]}],"version":2.3}