{"name":"guanqiaguoguan","SubTexture":[{"name":"guanqiaguoguaniku/guanguanquan","x":0,"width":502,"y":0,"height":495},{"name":"guanqiaguoguaniku/guoguancao","x":503,"width":441,"y":324,"height":193},{"name":"guanqiaguoguaniku/guoguandiandian","x":911,"width":68,"y":0,"height":68},{"name":"guanqiaguoguaniku/guoguanxingxing","x":824,"width":85,"y":0,"height":86},{"name":"guanqiaguoguaniku/guanguanzi","x":540,"width":210,"y":518,"height":70},{"name":"guanqiaguoguaniku/gglanquan","x":503,"width":319,"y":0,"height":322},{"name":"guanqiaguoguaniku/gghongquan","x":0,"width":296,"y":496,"height":313},{"name":"guanqiaguoguaniku/ggguagquan","x":298,"width":240,"y":518,"height":245}],"imagePath":"texture.png"}