{"frameRate":24,"name":"suijitihuan","armature":[{"name":"suijitihuanku/suijitihuan","bone":[{"transform":{"skX":0,"scY":1,"x":-3.4,"skY":0,"y":-11.9,"scX":1},"name":1}],"skin":[{"slot":[{"name":1,"z":0,"display":[{"transform":{"pY":86,"scY":1,"x":0,"y":0,"skX":0,"skY":0,"pX":81.5,"scX":1},"name":"suijitihuanku/sjth1","type":"image"},{"transform":{"pY":75.9,"scY":1,"x":0,"y":0,"skX":0,"skY":0,"pX":77.35,"scX":1},"name":"suijitihuanku/sjth2","type":"image"},{"transform":{"pY":76.9,"scY":1,"x":0,"y":0,"skX":0,"skY":0,"pX":78.35,"scX":1},"name":"suijitihuanku/sjth3","type":"image"},{"transform":{"pY":75,"scY":1,"x":0,"y":0,"skX":0,"skY":0,"pX":71.5,"scX":1},"name":"suijitihuanku/sjth4","type":"image"},{"transform":{"pY":71.9,"scY":1,"x":0,"y":0,"skX":0,"skY":0,"pX":73.35,"scX":1},"name":"suijitihuanku/sjth5","type":"image"},{"transform":{"pY":69.9,"scY":1,"x":0,"y":0,"skX":0,"skY":0,"pX":67.4,"scX":1},"name":"suijitihuanku/sjth6","type":"image"},{"transform":{"pY":63,"scY":1,"x":0,"y":0,"skX":0,"skY":0,"pX":64,"scX":1},"name":"suijitihuanku/sjth7","type":"image"},{"transform":{"pY":60.9,"scY":1,"x":0,"y":0,"skX":0,"skY":0,"pX":69.9,"scX":1},"name":"suijitihuanku/sjth8","type":"image"}],"parent":1}],"name":"default"}],"animation":[{"autoTween":1,"timeline":[{"name":1,"scale":1,"frame":[{"z":0,"duration":1,"transform":{"pY":0,"scY":1,"x":-3.4,"y":-11.9,"skX":0,"skY":0,"pX":0,"scX":1},"colorTransform":{"aM":90,"rM":100,"aO":0,"gM":100,"rO":0,"bM":100,"gO":0,"bO":0}},{"z":0,"duration":1,"transform":{"pY":0,"scY":1,"x":-3.4,"y":-11.9,"skX":0,"skY":0,"pX":0,"scX":1},"colorTransform":{"aM":90,"rM":100,"aO":0,"gM":100,"rO":0,"bM":100,"gO":0,"bO":0},"displayIndex":1},{"z":0,"duration":1,"transform":{"pY":0,"scY":1,"x":-3.4,"y":-11.9,"skX":0,"skY":0,"pX":0,"scX":1},"colorTransform":{"aM":90,"rM":100,"aO":0,"gM":100,"rO":0,"bM":100,"gO":0,"bO":0},"displayIndex":2},{"z":0,"duration":1,"transform":{"pY":0,"scY":1,"x":-3.4,"y":-11.9,"skX":0,"skY":0,"pX":0,"scX":1},"colorTransform":{"aM":90,"rM":100,"aO":0,"gM":100,"rO":0,"bM":100,"gO":0,"bO":0},"displayIndex":3},{"z":0,"duration":1,"transform":{"pY":0,"scY":1,"x":-3.4,"y":-11.9,"skX":0,"skY":0,"pX":0,"scX":1},"colorTransform":{"aM":90,"rM":100,"aO":0,"gM":100,"rO":0,"bM":100,"gO":0,"bO":0},"displayIndex":4},{"z":0,"duration":1,"transform":{"pY":0,"scY":1,"x":-3.4,"y":-11.9,"skX":0,"skY":0,"pX":0,"scX":1},"colorTransform":{"aM":90,"rM":100,"aO":0,"gM":100,"rO":0,"bM":100,"gO":0,"bO":0},"displayIndex":5},{"z":0,"duration":1,"transform":{"pY":0,"scY":1,"x":-3.4,"y":-11.9,"skX":0,"skY":0,"pX":0,"scX":1},"colorTransform":{"aM":90,"rM":100,"aO":0,"gM":100,"rO":0,"bM":100,"gO":0,"bO":0},"displayIndex":6},{"z":0,"duration":1,"transform":{"pY":0,"scY":1,"x":-3.4,"y":-11.9,"skX":0,"skY":0,"pX":0,"scX":1},"colorTransform":{"aM":90,"rM":100,"aO":0,"gM":100,"rO":0,"bM":100,"gO":0,"bO":0},"displayIndex":7},{"z":0,"duration":1,"transform":{"pY":0,"scY":1,"x":-3.4,"y":-11.9,"skX":0,"skY":0,"pX":0,"scX":1},"colorTransform":{"aM":0,"rM":100,"aO":0,"gM":100,"rO":0,"bM":100,"gO":0,"bO":0},"displayIndex":7}],"offset":0}],"duration":9,"scale":1,"loop":1,"tweenEasing":null,"name":"bonus_01_01_cast","fadeInTime":0}]}],"version":2.3}