{"name":"suijitihuan","SubTexture":[{"name":"suijitihuanku/sjth1","x":0,"width":166,"y":0,"height":176},{"name":"suijitihuanku/sjth2","x":168,"width":162,"y":0,"height":164},{"name":"suijitihuanku/sjth3","x":332,"width":162,"y":0,"height":158},{"name":"suijitihuanku/sjth4","x":168,"width":148,"y":166,"height":152},{"name":"suijitihuanku/sjth5","x":332,"width":150,"y":160,"height":152},{"name":"suijitihuanku/sjth6","x":0,"width":136,"y":178,"height":142},{"name":"suijitihuanku/sjth7","x":318,"width":138,"y":314,"height":130},{"name":"suijitihuanku/sjth8","x":138,"width":134,"y":320,"height":126}],"imagePath":"texture.png"}