{"frameRate":24,"name":"quanpingsuijixiaochu","armature":[{"name":"quanpingsuijixiaochuku/quanpingsuijixiaochu","bone":[{"transform":{"skX":0,"scY":1,"x":9.4,"skY":0,"y":-307.3,"scX":1},"name":1},{"transform":{"skX":0,"scY":0.8,"x":58.5,"skY":0,"y":-348.95,"scX":0.8},"name":2},{"transform":{"skX":32.61,"scY":0.8,"x":55.45,"skY":32.61,"y":-227.3,"scX":0.8},"name":3},{"transform":{"skX":0,"scY":0.8,"x":61.35,"skY":0,"y":-350,"scX":0.8},"name":4},{"transform":{"skX":0,"scY":0.4,"x":-0.25,"skY":0,"y":-9.8,"scX":0.4},"name":5},{"transform":{"skX":0,"scY":0.4,"x":5.35,"skY":0,"y":-9.8,"scX":0.4},"name":6},{"transform":{"skX":15.94,"scY":0.56,"x":-82.4,"skY":15.94,"y":-3.5,"scX":0.56},"name":7},{"transform":{"skX":149.52,"scY":0.56,"x":24.15,"skY":149.52,"y":-89.5,"scX":0.56},"name":8},{"transform":{"skX":-29.34,"scY":1.21,"x":-15.45,"skY":-29.34,"y":-18.8,"scX":-1.21},"name":9},{"transform":{"skX":0,"scY":0.57,"x":-22.35,"skY":0,"y":-49.35,"scX":-0.57},"name":10},{"transform":{"skX":172.52,"scY":0.57,"x":14.3,"skY":172.52,"y":6.05,"scX":-0.57},"name":11},{"transform":{"skX":62.81,"scY":0.54,"x":-13.05,"skY":62.81,"y":-2.2,"scX":-0.54},"name":12},{"transform":{"skX":0,"scY":0.62,"x":43.2,"skY":0,"y":9.1,"scX":0.62},"name":13},{"transform":{"skX":0,"scY":0.72,"x":-10.25,"skY":0,"y":23.35,"scX":0.72},"name":14},{"transform":{"skX":0,"scY":1.48,"x":1.25,"skY":0,"y":-4.6,"scX":1.48},"name":15},{"transform":{"skX":0,"scY":1.34,"x":1.25,"skY":0,"y":-4.6,"scX":1.34},"name":16},{"transform":{"skX":0,"scY":1.35,"x":-28.6,"skY":0,"y":-15.9,"scX":1.35},"name":17},{"transform":{"skX":-77.15,"scY":1.5,"x":-39.15,"skY":-66.76,"y":63.5,"scX":0.85},"name":18},{"transform":{"skX":-149.77,"scY":1.81,"x":72.1,"skY":-158.47,"y":41.6,"scX":0.96},"name":19},{"transform":{"skX":65.58,"scY":1.17,"x":-22.85,"skY":53.57,"y":-17.25,"scX":0.94},"name":20},{"transform":{"skX":93.02,"scY":1.22,"x":-6.05,"skY":74.49,"y":-41.85,"scX":0.71},"name":21},{"transform":{"skX":-4.74,"scY":1.22,"x":-36.35,"skY":-23.27,"y":13.65,"scX":0.71},"name":22},{"transform":{"skX":116.49,"scY":0.73,"x":26.9,"skY":117.95,"y":-48.1,"scX":0.91},"name":23},{"transform":{"skX":175.66,"scY":0.73,"x":44.95,"skY":177.12,"y":3.3,"scX":0.91},"name":24},{"transform":{"skX":5.03,"scY":2.48,"x":-72.45,"skY":8.78,"y":-16,"scX":1.87},"name":26},{"transform":{"skX":-102.04,"scY":0.5,"x":18,"skY":-102.04,"y":73.05,"scX":0.67},"name":27},{"transform":{"skX":165.87,"scY":0.92,"x":65.8,"skY":145.67,"y":-43.7,"scX":0.83},"name":28},{"transform":{"skX":7.23,"scY":2.05,"x":43.75,"skY":7.23,"y":-64.15,"scX":-2.05},"name":29},{"transform":{"skX":-31.1,"scY":1.99,"x":9.95,"skY":-31.1,"y":-34.75,"scX":-1.99},"name":30},{"transform":{"skX":-51.7,"scY":2.05,"x":-46.95,"skY":-51.7,"y":-57.4,"scX":-2.05},"name":31},{"transform":{"skX":-90.03,"scY":1.99,"x":-57,"skY":-90.03,"y":40,"scX":-1.99},"name":32},{"transform":{"skX":-152.02,"scY":2.05,"x":-85.65,"skY":-152.02,"y":0,"scX":-2.05},"name":33},{"transform":{"skX":169.66,"scY":1.99,"x":-20.5,"skY":169.66,"y":43.55,"scX":-1.99},"name":34},{"transform":{"skX":149.05,"scY":2.05,"x":13.8,"skY":149.05,"y":48.75,"scX":-2.05},"name":35},{"transform":{"skX":0,"scY":1,"x":0.85,"skY":0,"y":10.1,"scX":1},"name":36}],"skin":[{"slot":[{"name":1,"z":0,"display":[{"transform":{"pY":43.9,"scY":1,"x":0,"y":0,"skX":0,"skY":0,"pX":50.65,"scX":1},"name":"quanpingsuijixiaochuku/baozu","type":"image"}],"parent":1},{"name":2,"z":1,"display":[{"transform":{"pY":34,"scY":1,"x":-4.75,"y":0,"skX":0,"skY":0,"pX":36.8,"scX":1},"name":"quanpingsuijixiaochuku/baozuyinxianguan1","type":"image"}],"parent":2},{"name":3,"z":2,"display":[{"transform":{"pY":35.2,"scY":1,"x":3.3,"y":3.45,"skX":0,"skY":0,"pX":36.45,"scX":1},"name":"quanpingsuijixiaochuku/baozuyinxianguan2","type":"image"}],"parent":3},{"name":4,"z":3,"display":[{"transform":{"pY":66.1,"scY":1,"x":0,"y":0,"skX":0,"skY":0,"pX":66.1,"scX":1},"name":"quanpingsuijixiaochuku/baozuyinxianguandian","type":"image"}],"parent":4},{"name":5,"z":4,"display":[{"transform":{"pY":18.6,"scY":1,"x":0,"y":0,"skX":0,"skY":0,"pX":20,"scX":1},"name":"quanpingsuijixiaochuku/baoleixingdian","type":"image"}],"parent":5},{"name":6,"z":5,"display":[{"transform":{"pY":24.5,"scY":1,"x":0,"y":0,"skX":0,"skY":0,"pX":21.45,"scX":1},"name":"quanpingsuijixiaochuku/baoleixingxing","type":"image"}],"parent":6},{"name":7,"z":6,"display":[{"transform":{"pY":24.5,"scY":1,"x":0,"y":0,"skX":0,"skY":0,"pX":21.45,"scX":1},"name":"quanpingsuijixiaochuku/baoleixingxing","type":"image"}],"parent":7},{"name":8,"z":7,"display":[{"transform":{"pY":24.5,"scY":1,"x":0,"y":0,"skX":0,"skY":0,"pX":21.45,"scX":1},"name":"quanpingsuijixiaochuku/baoleixingxing","type":"image"}],"parent":8},{"name":9,"z":8,"display":[{"transform":{"pY":24.5,"scY":1,"x":0,"y":0,"skX":0,"skY":0,"pX":21.45,"scX":1},"name":"quanpingsuijixiaochuku/baoleixingxing","type":"image"}],"parent":9},{"name":10,"z":9,"display":[{"transform":{"pY":24.5,"scY":1,"x":0,"y":0,"skX":0,"skY":0,"pX":21.45,"scX":1},"name":"quanpingsuijixiaochuku/baoleixingxing","type":"image"}],"parent":10},{"name":11,"z":10,"display":[{"transform":{"pY":24.5,"scY":1,"x":0,"y":0,"skX":0,"skY":0,"pX":21.45,"scX":1},"name":"quanpingsuijixiaochuku/baoleixingxing","type":"image"}],"parent":11},{"name":12,"z":11,"display":[{"transform":{"pY":24.5,"scY":1,"x":0,"y":0,"skX":0,"skY":0,"pX":21.45,"scX":1},"name":"quanpingsuijixiaochuku/baoleixingxing","type":"image"}],"parent":12},{"name":13,"z":12,"display":[{"transform":{"pY":18.6,"scY":1,"x":0,"y":0,"skX":0,"skY":0,"pX":20,"scX":1},"name":"quanpingsuijixiaochuku/baoleixingdian","type":"image"}],"parent":13},{"name":14,"z":13,"display":[{"transform":{"pY":18.6,"scY":1,"x":0,"y":0,"skX":0,"skY":0,"pX":20,"scX":1},"name":"quanpingsuijixiaochuku/baoleixingdian","type":"image"}],"parent":14},{"name":15,"z":14,"display":[{"transform":{"pY":65.35,"scY":1,"x":0,"y":0,"skX":0,"skY":0,"pX":65.8,"scX":1},"name":"quanpingsuijixiaochuku/baozhuaquan1","type":"image"}],"parent":15},{"name":16,"z":15,"display":[{"transform":{"pY":65.35,"scY":1,"x":0,"y":0,"skX":0,"skY":0,"pX":65.8,"scX":1},"name":"quanpingsuijixiaochuku/baozhuaquan1","type":"image"}],"parent":16},{"name":17,"z":16,"display":[{"transform":{"pY":91.15,"scY":1,"x":0,"y":0,"skX":0,"skY":0,"pX":79.55,"scX":1},"name":"quanpingsuijixiaochuku/baozhuaquan2","type":"image"}],"parent":17},{"name":18,"z":17,"display":[{"transform":{"pY":29.4,"scY":1,"x":0.45,"y":0.1,"skX":0,"skY":0,"pX":93.7,"scX":1},"name":"quanpingsuijixiaochuku/guangxian","type":"image"}],"parent":18},{"name":19,"z":18,"display":[{"transform":{"pY":29.4,"scY":1,"x":-0.05,"y":0.1,"skX":0,"skY":0,"pX":93.7,"scX":1},"name":"quanpingsuijixiaochuku/guangxian","type":"image"}],"parent":19},{"name":20,"z":19,"display":[{"transform":{"pY":29.4,"scY":1,"x":0,"y":0,"skX":0,"skY":0,"pX":93.7,"scX":1},"name":"quanpingsuijixiaochuku/guangxian","type":"image"}],"parent":20},{"name":21,"z":20,"display":[{"transform":{"pY":29.4,"scY":1,"x":0,"y":0,"skX":0,"skY":0,"pX":93.7,"scX":1},"name":"quanpingsuijixiaochuku/guangxian","type":"image"}],"parent":21},{"name":22,"z":21,"display":[{"transform":{"pY":29.4,"scY":1,"x":0,"y":0,"skX":0,"skY":0,"pX":93.7,"scX":1},"name":"quanpingsuijixiaochuku/guangxian","type":"image"}],"parent":22},{"name":23,"z":22,"display":[{"transform":{"pY":29.4,"scY":1,"x":0.05,"y":-0.05,"skX":0,"skY":0,"pX":93.7,"scX":1},"name":"quanpingsuijixiaochuku/guangxian","type":"image"}],"parent":23},{"name":24,"z":23,"display":[{"transform":{"pY":29.4,"scY":1,"x":0.3,"y":0.05,"skX":0,"skY":0,"pX":93.7,"scX":1},"name":"quanpingsuijixiaochuku/guangxian","type":"image"}],"parent":24},{"name":26,"z":24,"display":[{"transform":{"pY":29.4,"scY":1,"x":0.3,"y":0.15,"skX":0,"skY":0,"pX":93.7,"scX":1},"name":"quanpingsuijixiaochuku/guangxian","type":"image"}],"parent":26},{"name":27,"z":25,"display":[{"transform":{"pY":29.4,"scY":1,"x":0,"y":0,"skX":0,"skY":0,"pX":93.7,"scX":1},"name":"quanpingsuijixiaochuku/guangxian","type":"image"}],"parent":27},{"name":28,"z":26,"display":[{"transform":{"pY":29.4,"scY":1,"x":3.1,"y":-6.75,"skX":0,"skY":0,"pX":93.7,"scX":1},"name":"quanpingsuijixiaochuku/guangxian","type":"image"}],"parent":28},{"name":29,"z":27,"display":[{"transform":{"pY":41.8,"scY":1,"x":0,"y":0,"skX":0,"skY":0,"pX":42.3,"scX":1},"name":"quanpingsuijixiaochuku/yan","type":"image"}],"parent":29},{"name":30,"z":28,"display":[{"transform":{"pY":41.8,"scY":1,"x":0,"y":0,"skX":0,"skY":0,"pX":42.3,"scX":1},"name":"quanpingsuijixiaochuku/yan","type":"image"}],"parent":30},{"name":31,"z":29,"display":[{"transform":{"pY":41.8,"scY":1,"x":0,"y":0,"skX":0,"skY":0,"pX":42.3,"scX":1},"name":"quanpingsuijixiaochuku/yan","type":"image"}],"parent":31},{"name":32,"z":30,"display":[{"transform":{"pY":41.8,"scY":1,"x":0,"y":0,"skX":0,"skY":0,"pX":42.3,"scX":1},"name":"quanpingsuijixiaochuku/yan","type":"image"}],"parent":32},{"name":33,"z":31,"display":[{"transform":{"pY":41.8,"scY":1,"x":0,"y":0,"skX":0,"skY":0,"pX":42.3,"scX":1},"name":"quanpingsuijixiaochuku/yan","type":"image"}],"parent":33},{"name":34,"z":32,"display":[{"transform":{"pY":41.8,"scY":1,"x":0,"y":0,"skX":0,"skY":0,"pX":42.3,"scX":1},"name":"quanpingsuijixiaochuku/yan","type":"image"}],"parent":34},{"name":35,"z":33,"display":[{"transform":{"pY":41.8,"scY":1,"x":0,"y":0,"skX":0,"skY":0,"pX":42.3,"scX":1},"name":"quanpingsuijixiaochuku/yan","type":"image"}],"parent":35},{"name":36,"z":34,"display":[{"transform":{"pY":41.8,"scY":1,"x":0,"y":0,"skX":0,"skY":0,"pX":42.3,"scX":1},"name":"quanpingsuijixiaochuku/yan","type":"image"},{"transform":{"pY":25,"scY":1,"x":0,"y":0,"skX":0,"skY":0,"pX":26.5,"scX":1},"name":"quanpingsuijixiaochuku/huoxing1","type":"image"},{"transform":{"pY":24.5,"scY":1,"x":0,"y":0,"skX":0,"skY":0,"pX":25.15,"scX":1},"name":"quanpingsuijixiaochuku/huoxing2","type":"image"},{"transform":{"pY":24.15,"scY":1,"x":0,"y":0,"skX":0,"skY":0,"pX":22.15,"scX":1},"name":"quanpingsuijixiaochuku/huoxing3","type":"image"},{"transform":{"pY":25,"scY":1,"x":0,"y":0,"skX":0,"skY":0,"pX":25,"scX":1},"name":"quanpingsuijixiaochuku/huoxing4","type":"image"}],"parent":36}],"name":"default"}],"animation":[{"autoTween":1,"timeline":[{"name":1,"scale":1,"frame":[{"z":0,"duration":5,"transform":{"pY":0,"scY":1,"x":9.4,"y":-307.3,"skX":0,"skY":0,"pX":0,"scX":1},"tweenEasing":0},{"z":0,"duration":3,"transform":{"pY":0,"scY":1,"x":3.5,"y":-3.55,"skX":0,"skY":0,"pX":0,"scX":1},"tweenEasing":0},{"z":0,"duration":3,"transform":{"pY":0,"scY":1,"x":3.5,"y":-10.55,"skX":0,"skY":0,"pX":0,"scX":1},"tweenEasing":0},{"transform":{"pY":0,"scY":1,"x":3.5,"y":-8.55,"skX":0,"skY":0,"pX":0,"scX":1},"z":0,"duration":12},{"z":0,"duration":3,"transform":{"pY":0,"scY":1,"x":3.5,"y":-8.55,"skX":0,"skY":0,"pX":0,"scX":1},"tweenEasing":0},{"z":0,"duration":3,"transform":{"pY":0,"scY":0.91,"x":3.5,"y":-8.55,"skX":0,"skY":0,"pX":0,"scX":0.91},"tweenEasing":0},{"transform":{"pY":0,"scY":1.1,"x":3.5,"y":-8.55,"skX":0,"skY":0,"pX":0,"scX":1.1},"z":0,"duration":1},{"z":0,"duration":1,"transform":{"pY":0,"scY":1.1,"x":3.5,"y":-8.55,"skX":0,"skY":0,"pX":0,"scX":1.1},"colorTransform":{"aM":0,"rM":100,"aO":0,"gM":100,"rO":0,"bM":100,"gO":0,"bO":0}},{"duration":28,"displayIndex":-1}],"offset":0},{"name":2,"scale":1,"frame":[{"transform":{"pY":0,"scY":0.8,"x":58.5,"y":-348.95,"skX":0,"skY":0,"pX":0,"scX":0.8},"z":1,"duration":1},{"transform":{"pY":0,"scY":0.8,"x":57.3,"y":-288.2,"skX":-15.01,"skY":-15.01,"pX":-0.1,"scX":0.8},"z":1,"duration":1},{"transform":{"pY":0,"scY":0.8,"x":56.15,"y":-227.45,"skX":-29.86,"skY":-29.86,"pX":-0.05,"scX":0.8},"z":1,"duration":1},{"transform":{"pY":0.05,"scY":0.8,"x":54.95,"y":-166.7,"skX":-45,"skY":-45,"pX":0,"scX":0.8},"z":1,"duration":1},{"transform":{"pY":0.05,"scY":0.8,"x":53.8,"y":-105.95,"skX":-60.14,"skY":-60.14,"pX":0,"scX":0.8},"z":1,"duration":1},{"transform":{"pY":0,"scY":0.8,"x":52.6,"y":-45.2,"skX":-90,"skY":-90,"pX":0,"scX":0.8},"z":1,"duration":1},{"transform":{"pY":0,"scY":0.8,"x":52.6,"y":-47.55,"skX":-105.01,"skY":-105.01,"pX":0,"scX":0.8},"z":1,"duration":1},{"transform":{"pY":0,"scY":0.8,"x":52.6,"y":-49.85,"skX":-119.86,"skY":-119.86,"pX":0.05,"scX":0.8},"z":1,"duration":1},{"transform":{"pY":0,"scY":0.8,"x":52.6,"y":-52.2,"skX":-135,"skY":-135,"pX":-0.05,"scX":0.8},"z":1,"duration":1},{"transform":{"pY":0,"scY":0.8,"x":52.6,"y":-51.55,"skX":-150.14,"skY":-150.14,"pX":-0.05,"scX":0.8},"z":1,"duration":1},{"transform":{"pY":0,"scY":0.8,"x":52.6,"y":-50.85,"skX":-164.99,"skY":-164.99,"pX":-0.1,"scX":0.8},"z":1,"duration":1},{"transform":{"pY":0,"scY":0.8,"x":52.6,"y":-50.2,"skX":180,"skY":180,"pX":0,"scX":0.8},"z":1,"duration":1},{"transform":{"pY":0,"scY":0.8,"x":51.65,"y":-49.1,"skX":164.99,"skY":164.99,"pX":-0.1,"scX":0.8},"z":1,"duration":1},{"transform":{"pY":0,"scY":0.8,"x":50.7,"y":-48,"skX":150.14,"skY":150.14,"pX":0,"scX":0.8},"z":1,"duration":1},{"transform":{"pY":0,"scY":0.8,"x":49.75,"y":-46.85,"skX":135,"skY":135,"pX":-0.05,"scX":0.8},"z":1,"duration":1},{"transform":{"pY":-0.05,"scY":0.8,"x":48.75,"y":-45.75,"skX":119.86,"skY":119.86,"pX":0,"scX":0.8},"z":1,"duration":1},{"transform":{"pY":0,"scY":0.8,"x":47.8,"y":-44.65,"skX":105.01,"skY":105.01,"pX":0,"scX":0.8},"z":1,"duration":1},{"transform":{"pY":0,"scY":0.8,"x":46.85,"y":-43.55,"skX":90,"skY":90,"pX":0,"scX":0.8},"z":1,"duration":1},{"transform":{"pY":0,"scY":0.8,"x":45.05,"y":-43.95,"skX":74.99,"skY":74.99,"pX":-0.1,"scX":0.8},"z":1,"duration":1},{"transform":{"pY":0,"scY":0.8,"x":43.25,"y":-44.35,"skX":60.14,"skY":60.14,"pX":-0.05,"scX":0.8},"z":1,"duration":1},{"transform":{"pY":0,"scY":0.8,"x":41.5,"y":-44.75,"skX":45,"skY":45,"pX":-0.05,"scX":0.8},"z":1,"duration":1},{"transform":{"pY":-0.05,"scY":0.8,"x":39.7,"y":-45.15,"skX":29.86,"skY":29.86,"pX":0,"scX":0.8},"z":1,"duration":1},{"transform":{"pY":0,"scY":0.8,"x":37.9,"y":-45.55,"skX":15.01,"skY":15.01,"pX":-0.05,"scX":0.8},"z":1,"duration":1},{"transform":{"pY":0,"scY":0.8,"x":36.1,"y":-45.95,"skX":0,"skY":0,"pX":0,"scX":0.8},"z":1,"duration":1},{"transform":{"pY":0,"scY":0.8,"x":36.1,"y":-45.95,"skX":0,"skY":0,"pX":0,"scX":0.8},"z":1,"duration":1},{"transform":{"pY":0,"scY":0.8,"x":36.1,"y":-45.95,"skX":-15.01,"skY":-15.01,"pX":-0.05,"scX":0.8},"z":1,"duration":1},{"transform":{"pY":0.05,"scY":0.8,"x":36.1,"y":-45.95,"skX":-29.86,"skY":-29.86,"pX":-0.05,"scX":0.8},"z":1,"duration":1},{"transform":{"pY":-0.05,"scY":0.8,"x":36.1,"y":-45.95,"skX":-45,"skY":-45,"pX":0,"scX":0.8},"z":1,"duration":1},{"transform":{"pY":0,"scY":0.8,"x":36.1,"y":-45.95,"skX":-60.14,"skY":-60.14,"pX":-0.05,"scX":0.8},"z":1,"duration":1},{"transform":{"pY":0,"scY":0.8,"x":36.1,"y":-45.95,"skX":-74.99,"skY":-74.99,"pX":-0.05,"scX":0.8},"z":1,"duration":1},{"z":1,"duration":1,"transform":{"pY":0,"scY":0.8,"x":36.1,"y":-45.95,"skX":-74.99,"skY":-74.99,"pX":-0.05,"scX":0.8},"colorTransform":{"aM":0,"rM":100,"aO":0,"gM":100,"rO":0,"bM":100,"gO":0,"bO":0}},{"duration":28,"displayIndex":-1}],"offset":0},{"name":3,"scale":1,"frame":[{"duration":2,"displayIndex":-1},{"z":2,"duration":1,"transform":{"pY":0,"scY":0.8,"x":55.45,"y":-227.3,"skX":32.61,"skY":32.61,"pX":0,"scX":0.8},"tweenEasing":0},{"z":2,"duration":1,"transform":{"pY":0.05,"scY":0.8,"x":54.25,"y":-166.55,"skX":49.13,"skY":49.13,"pX":-0.05,"scX":0.8},"tweenEasing":0},{"z":2,"duration":1,"transform":{"pY":0.05,"scY":0.8,"x":53.1,"y":-105.8,"skX":65.46,"skY":65.46,"pX":-0.05,"scX":0.8},"tweenEasing":0},{"z":2,"duration":1,"transform":{"pY":-0.05,"scY":0.8,"x":51.9,"y":-45.05,"skX":98.05,"skY":98.05,"pX":-0.05,"scX":0.8},"tweenEasing":0},{"z":2,"duration":1,"transform":{"pY":0.05,"scY":0.8,"x":51.9,"y":-47.4,"skX":114.54,"skY":114.54,"pX":-0.05,"scX":0.8},"tweenEasing":0},{"z":2,"duration":1,"transform":{"pY":0.1,"scY":0.8,"x":51.9,"y":-49.7,"skX":130.87,"skY":130.87,"pX":-0.1,"scX":0.8},"tweenEasing":0},{"z":2,"duration":1,"transform":{"pY":0.05,"scY":0.8,"x":51.9,"y":-52.05,"skX":147.39,"skY":147.39,"pX":-0.05,"scX":0.8},"tweenEasing":0},{"z":2,"duration":1,"transform":{"pY":0.05,"scY":0.8,"x":51.9,"y":-51.4,"skX":163.71,"skY":163.71,"pX":-0.05,"scX":0.8},"tweenEasing":0},{"z":2,"duration":1,"transform":{"pY":0.05,"scY":0.8,"x":51.9,"y":-50.7,"skX":180,"skY":180,"pX":-0.05,"scX":0.8},"tweenEasing":0},{"z":2,"duration":1,"transform":{"pY":0.05,"scY":0.8,"x":51.9,"y":-50.05,"skX":-163.71,"skY":-163.71,"pX":-0.1,"scX":0.8},"tweenEasing":0},{"z":2,"duration":1,"transform":{"pY":0.05,"scY":0.8,"x":50.95,"y":-48.95,"skX":-147.39,"skY":-147.39,"pX":0,"scX":0.8},"tweenEasing":0},{"z":2,"duration":1,"transform":{"pY":0.05,"scY":0.8,"x":50,"y":-47.85,"skX":-130.87,"skY":-130.87,"pX":-0.1,"scX":0.8},"tweenEasing":0},{"z":2,"duration":1,"transform":{"pY":0.05,"scY":0.8,"x":49.05,"y":-46.7,"skX":-114.54,"skY":-114.54,"pX":-0.1,"scX":0.8},"tweenEasing":0},{"z":2,"duration":1,"transform":{"pY":0,"scY":0.8,"x":48.05,"y":-45.6,"skX":-98.05,"skY":-98.05,"pX":-0.1,"scX":0.8},"tweenEasing":0},{"z":2,"duration":1,"transform":{"pY":0.05,"scY":0.8,"x":47.1,"y":-44.5,"skX":-81.95,"skY":-81.95,"pX":-0.1,"scX":0.8},"tweenEasing":0},{"z":2,"duration":1,"transform":{"pY":0.05,"scY":0.8,"x":46.15,"y":-43.4,"skX":-65.46,"skY":-65.46,"pX":0,"scX":0.8},"tweenEasing":0},{"z":2,"duration":1,"transform":{"pY":0.1,"scY":0.8,"x":44.35,"y":-43.8,"skX":-49.13,"skY":-49.13,"pX":-0.1,"scX":0.8},"tweenEasing":0},{"z":2,"duration":1,"transform":{"pY":0.05,"scY":0.8,"x":42.55,"y":-44.2,"skX":-32.61,"skY":-32.61,"pX":0,"scX":0.8},"tweenEasing":0},{"z":2,"duration":1,"transform":{"pY":0.1,"scY":0.8,"x":40.8,"y":-44.6,"skX":-16.29,"skY":-16.29,"pX":-0.05,"scX":0.8},"tweenEasing":0},{"z":2,"duration":1,"transform":{"pY":0.05,"scY":0.8,"x":39,"y":-45,"skX":0,"skY":0,"pX":-0.05,"scX":0.8},"tweenEasing":0},{"z":2,"duration":1,"transform":{"pY":0.05,"scY":0.8,"x":37.2,"y":-45.4,"skX":0,"skY":0,"pX":-0.05,"scX":0.8},"tweenEasing":0},{"transform":{"pY":0.1,"scY":0.8,"x":35.4,"y":-45.8,"skX":16.29,"skY":16.29,"pX":-0.05,"scX":0.8},"z":2,"duration":1},{"transform":{"pY":0.05,"scY":0.8,"x":35.4,"y":-45.8,"skX":32.61,"skY":32.61,"pX":-0.05,"scX":0.8},"z":2,"duration":1},{"transform":{"pY":0.05,"scY":0.8,"x":35.4,"y":-45.8,"skX":49.13,"skY":49.13,"pX":-0.05,"scX":0.8},"z":2,"duration":1},{"transform":{"pY":0.05,"scY":0.8,"x":35.4,"y":-45.8,"skX":65.46,"skY":65.46,"pX":-0.1,"scX":0.8},"z":2,"duration":1},{"transform":{"pY":0.05,"scY":0.8,"x":35.4,"y":-45.8,"skX":81.95,"skY":81.95,"pX":-0.05,"scX":0.8},"z":2,"duration":1},{"transform":{"pY":0.05,"scY":0.8,"x":35.4,"y":-45.8,"skX":98.05,"skY":98.05,"pX":-0.1,"scX":0.8},"z":2,"duration":1},{"transform":{"pY":0.1,"scY":0.8,"x":35.4,"y":-45.8,"skX":114.54,"skY":114.54,"pX":-0.05,"scX":0.8},"z":2,"duration":1},{"z":2,"duration":1,"transform":{"pY":0.1,"scY":0.8,"x":35.4,"y":-45.8,"skX":114.54,"skY":114.54,"pX":-0.05,"scX":0.8},"colorTransform":{"aM":0,"rM":100,"aO":0,"gM":100,"rO":0,"bM":100,"gO":0,"bO":0}},{"duration":28,"displayIndex":-1}],"offset":0},{"name":4,"scale":1,"frame":[{"z":3,"duration":5,"transform":{"pY":0,"scY":0.8,"x":61.35,"y":-350,"skX":0,"skY":0,"pX":0,"scX":0.8},"tweenEasing":0},{"z":3,"duration":3,"transform":{"pY":0,"scY":0.8,"x":55.45,"y":-46.25,"skX":0,"skY":0,"pX":0,"scX":0.8},"tweenEasing":0},{"z":3,"duration":3,"transform":{"pY":0,"scY":0.8,"x":55.45,"y":-53.25,"skX":0,"skY":0,"pX":0,"scX":0.8},"tweenEasing":0},{"z":3,"duration":6,"transform":{"pY":0,"scY":0.8,"x":55.45,"y":-51.25,"skX":0,"skY":0,"pX":0,"scX":0.8},"tweenEasing":0},{"z":3,"duration":6,"transform":{"pY":0,"scY":0.8,"x":49.7,"y":-44.6,"skX":0,"skY":0,"pX":0,"scX":0.8},"tweenEasing":0},{"transform":{"pY":0,"scY":0.8,"x":38.95,"y":-47,"skX":0,"skY":0,"pX":0,"scX":0.8},"z":3,"duration":6},{"transform":{"pY":0,"scY":0.8,"x":38.95,"y":-47,"skX":0,"skY":0,"pX":0,"scX":0.8},"z":3,"duration":1},{"z":3,"duration":1,"transform":{"pY":0,"scY":0.8,"x":38.95,"y":-47,"skX":0,"skY":0,"pX":0,"scX":0.8},"colorTransform":{"aM":0,"rM":100,"aO":0,"gM":100,"rO":0,"bM":100,"gO":0,"bO":0}},{"duration":28,"displayIndex":-1}],"offset":0},{"name":5,"scale":1,"frame":[{"duration":32,"displayIndex":-1},{"z":4,"duration":7,"transform":{"pY":0,"scY":0.4,"x":-0.25,"y":-9.8,"skX":0,"skY":0,"pX":0,"scX":0.4},"tweenEasing":0},{"z":4,"duration":8,"transform":{"pY":0,"scY":0.7,"x":-44.3,"y":-33.25,"skX":0,"skY":0,"pX":0,"scX":0.7},"tweenEasing":0},{"z":4,"duration":10,"transform":{"pY":0,"scY":0.8,"x":-91,"y":-65.6,"skX":0,"skY":0,"pX":0,"scX":0.8},"tweenEasing":0},{"z":4,"duration":1,"transform":{"pY":0,"scY":0.32,"x":-148,"y":-108.3,"skX":0,"skY":0,"pX":0,"scX":0.32},"tweenEasing":0},{"z":4,"duration":1,"transform":{"pY":0,"scY":0.32,"x":-148,"y":-108.3,"skX":0,"skY":0,"pX":0,"scX":0.32},"colorTransform":{"aM":0,"rM":100,"aO":0,"gM":100,"rO":0,"bM":100,"gO":0,"bO":0},"tweenEasing":0}],"offset":0},{"name":6,"scale":1,"frame":[{"duration":28,"displayIndex":-1},{"z":5,"duration":7,"transform":{"pY":0,"scY":0.4,"x":5.35,"y":-9.8,"skX":0,"skY":0,"pX":0,"scX":0.4},"tweenEasing":0},{"z":5,"duration":5,"transform":{"pY":0,"scY":0.7,"x":28.25,"y":-45.7,"skX":0,"skY":0,"pX":0,"scX":0.7},"tweenEasing":0},{"z":5,"duration":16,"transform":{"pY":0,"scY":0.8,"x":69.65,"y":-100.3,"skX":90.25,"skY":90.25,"pX":0,"scX":0.8},"tweenEasing":0},{"z":5,"duration":1,"transform":{"pY":0,"scY":0.32,"x":129.35,"y":-169.85,"skX":-118.01,"skY":-118.01,"pX":0,"scX":0.32},"tweenEasing":0},{"z":5,"duration":1,"transform":{"pY":0,"scY":0.32,"x":129.35,"y":-169.85,"skX":-118.01,"skY":-118.01,"pX":0,"scX":0.32},"colorTransform":{"aM":0,"rM":100,"aO":0,"gM":100,"rO":0,"bM":100,"gO":0,"bO":0},"tweenEasing":0},{"duration":1,"displayIndex":-1}],"offset":0},{"name":7,"scale":1,"frame":[{"duration":28,"displayIndex":-1},{"z":6,"duration":4,"transform":{"pY":0,"scY":0.56,"x":-82.4,"y":-3.5,"skX":15.94,"skY":15.94,"pX":0,"scX":0.56},"tweenEasing":0},{"z":6,"duration":8,"transform":{"pY":0,"scY":0.98,"x":-10.7,"y":-22.55,"skX":49.63,"skY":49.63,"pX":0,"scX":0.98},"tweenEasing":0},{"z":6,"duration":16,"transform":{"pY":0,"scY":1.12,"x":95.9,"y":-71,"skX":-133.04,"skY":-133.04,"pX":0,"scX":1.12},"tweenEasing":0},{"z":6,"duration":1,"transform":{"pY":0,"scY":0.45,"x":211.15,"y":-119.95,"skX":9.66,"skY":9.66,"pX":0,"scX":0.45},"tweenEasing":0},{"z":6,"duration":1,"transform":{"pY":0,"scY":0.45,"x":211.15,"y":-119.95,"skX":9.66,"skY":9.66,"pX":0,"scX":0.45},"colorTransform":{"aM":0,"rM":100,"aO":0,"gM":100,"rO":0,"bM":100,"gO":0,"bO":0},"tweenEasing":0},{"duration":1,"displayIndex":-1}],"offset":0},{"name":8,"scale":1,"frame":[{"duration":28,"displayIndex":-1},{"z":7,"duration":3,"transform":{"pY":0,"scY":0.56,"x":24.15,"y":-89.5,"skX":149.52,"skY":149.52,"pX":0,"scX":0.56},"tweenEasing":0},{"z":7,"duration":6,"transform":{"pY":0,"scY":0.98,"x":-11.5,"y":-24.45,"skX":-176.8,"skY":-176.8,"pX":0,"scX":0.98},"tweenEasing":0},{"z":7,"duration":12,"transform":{"pY":0,"scY":1.12,"x":-49.85,"y":86.3,"skX":0.53,"skY":0.53,"pX":0,"scX":1.12},"tweenEasing":0},{"z":7,"duration":1,"transform":{"pY":0,"scY":0.45,"x":-74.65,"y":147.4,"skX":143.24,"skY":143.24,"pX":0,"scX":0.45},"tweenEasing":0},{"z":7,"duration":1,"transform":{"pY":0,"scY":0.45,"x":-74.65,"y":147.4,"skX":143.24,"skY":143.24,"pX":0,"scX":0.45},"colorTransform":{"aM":0,"rM":100,"aO":0,"gM":100,"rO":0,"bM":100,"gO":0,"bO":0},"tweenEasing":0},{"duration":8,"displayIndex":-1}],"offset":0},{"name":9,"scale":1,"frame":[{"duration":28,"displayIndex":-1},{"z":8,"duration":6,"transform":{"pY":0,"scY":1.21,"x":-15.45,"y":-18.8,"skX":-29.34,"skY":-29.34,"pX":0,"scX":-1.21},"tweenEasing":0},{"z":8,"duration":8,"transform":{"pY":0,"scY":1.34,"x":-92.75,"y":-45.8,"skX":101.95,"skY":101.95,"pX":0,"scX":-1.34},"tweenEasing":0},{"z":8,"duration":1,"transform":{"pY":0,"scY":0.54,"x":-204.1,"y":-73.35,"skX":-130.7,"skY":-130.7,"pX":0,"scX":-0.54},"tweenEasing":0},{"z":8,"duration":1,"transform":{"pY":0,"scY":0.54,"x":-204.1,"y":-73.35,"skX":-130.7,"skY":-130.7,"pX":0,"scX":-0.54},"colorTransform":{"aM":0,"rM":100,"aO":0,"gM":100,"rO":0,"bM":100,"gO":0,"bO":0},"tweenEasing":0},{"duration":15,"displayIndex":-1}],"offset":0},{"name":10,"scale":1,"frame":[{"duration":28,"displayIndex":-1},{"z":9,"duration":1,"transform":{"pY":0,"scY":0.57,"x":-22.35,"y":-49.35,"skX":0,"skY":0,"pX":0,"scX":-0.57},"tweenEasing":0},{"z":9,"duration":7,"transform":{"pY":0,"scY":0.59,"x":-24.9,"y":-53.3,"skX":0,"skY":0,"pX":0,"scX":-0.59},"tweenEasing":0},{"z":9,"duration":10,"transform":{"pY":0,"scY":0.67,"x":-51.35,"y":-105.1,"skX":137.52,"skY":137.52,"pX":0,"scX":-0.67},"tweenEasing":0},{"z":9,"duration":1,"transform":{"pY":0,"scY":0.34,"x":-83.25,"y":-159,"skX":-56.49,"skY":-56.49,"pX":0,"scX":-0.34},"tweenEasing":0},{"z":9,"duration":1,"transform":{"pY":0,"scY":0.34,"x":-83.25,"y":-159,"skX":-56.49,"skY":-56.49,"pX":0,"scX":-0.34},"colorTransform":{"aM":0,"rM":100,"aO":0,"gM":100,"rO":0,"bM":100,"gO":0,"bO":0},"tweenEasing":0},{"duration":11,"displayIndex":-1}],"offset":0},{"name":11,"scale":1,"frame":[{"duration":29,"displayIndex":-1},{"z":10,"duration":1,"transform":{"pY":0,"scY":0.57,"x":14.3,"y":6.05,"skX":172.52,"skY":172.52,"pX":0,"scX":-0.57},"tweenEasing":0},{"z":10,"duration":7,"transform":{"pY":0,"scY":0.59,"x":17.35,"y":9.7,"skX":172.52,"skY":172.52,"pX":0,"scX":-0.59},"tweenEasing":0},{"z":10,"duration":10,"transform":{"pY":0,"scY":0.67,"x":50.3,"y":57.6,"skX":-49.95,"skY":-49.95,"pX":0,"scX":-0.67},"tweenEasing":0},{"z":10,"duration":1,"transform":{"pY":0,"scY":0.34,"x":88.95,"y":106.85,"skX":116.03,"skY":116.03,"pX":0,"scX":-0.34},"tweenEasing":0},{"z":10,"duration":1,"transform":{"pY":0,"scY":0.34,"x":88.95,"y":106.85,"skX":116.03,"skY":116.03,"pX":0,"scX":-0.34},"colorTransform":{"aM":0,"rM":100,"aO":0,"gM":100,"rO":0,"bM":100,"gO":0,"bO":0},"tweenEasing":0},{"duration":10,"displayIndex":-1}],"offset":0},{"name":12,"scale":1,"frame":[{"duration":28,"displayIndex":-1},{"z":11,"duration":4,"transform":{"pY":0,"scY":0.54,"x":-13.05,"y":-2.2,"skX":62.81,"skY":62.81,"pX":0,"scX":-0.54},"tweenEasing":0},{"z":11,"duration":7,"transform":{"pY":0,"scY":0.7,"x":-64.9,"y":20,"skX":26.57,"skY":26.57,"pX":0,"scX":-0.7},"tweenEasing":0},{"z":11,"duration":12,"transform":{"pY":0,"scY":0.8,"x":-152.9,"y":82.3,"skX":-125.94,"skY":-125.94,"pX":0,"scX":-0.8},"tweenEasing":0},{"z":11,"duration":1,"transform":{"pY":0,"scY":0.4,"x":-190.05,"y":105.2,"skX":100.75,"skY":100.75,"pX":0,"scX":-0.4},"tweenEasing":0},{"z":11,"duration":1,"transform":{"pY":0,"scY":0.4,"x":-190.05,"y":105.2,"skX":100.75,"skY":100.75,"pX":0,"scX":-0.4},"colorTransform":{"aM":0,"rM":100,"aO":0,"gM":100,"rO":0,"bM":100,"gO":0,"bO":0},"tweenEasing":0},{"duration":6,"displayIndex":-1}],"offset":0},{"name":13,"scale":1,"frame":[{"duration":28,"displayIndex":-1},{"z":12,"duration":3,"transform":{"pY":0,"scY":0.62,"x":43.2,"y":9.1,"skX":0,"skY":0,"pX":0,"scX":0.62},"tweenEasing":0},{"z":12,"duration":6,"transform":{"pY":0,"scY":0.7,"x":57.4,"y":16.2,"skX":0,"skY":0,"pX":0,"scX":0.7},"tweenEasing":0},{"z":12,"duration":11,"transform":{"pY":0,"scY":0.8,"x":123.8,"y":57.9,"skX":0,"skY":0,"pX":0,"scX":0.8},"tweenEasing":0},{"z":12,"duration":1,"transform":{"pY":0,"scY":0.4,"x":158.65,"y":77,"skX":0,"skY":0,"pX":0,"scX":0.4},"tweenEasing":0},{"z":12,"duration":1,"transform":{"pY":0,"scY":0.4,"x":158.65,"y":77,"skX":0,"skY":0,"pX":0,"scX":0.4},"colorTransform":{"aM":0,"rM":100,"aO":0,"gM":100,"rO":0,"bM":100,"gO":0,"bO":0},"tweenEasing":0},{"duration":9,"displayIndex":-1}],"offset":0},{"name":14,"scale":1,"frame":[{"duration":28,"displayIndex":-1},{"z":13,"duration":6,"transform":{"pY":0,"scY":0.72,"x":-10.25,"y":23.35,"skX":0,"skY":0,"pX":0,"scX":0.72},"tweenEasing":0},{"z":13,"duration":8,"transform":{"pY":0,"scY":0.8,"x":-16.25,"y":57.9,"skX":0,"skY":0,"pX":0,"scX":0.8},"tweenEasing":0},{"z":13,"duration":1,"transform":{"pY":0,"scY":0.4,"x":-22,"y":107,"skX":0,"skY":0,"pX":0,"scX":0.4},"tweenEasing":0},{"z":13,"duration":1,"transform":{"pY":0,"scY":0.4,"x":-22,"y":107,"skX":0,"skY":0,"pX":0,"scX":0.4},"colorTransform":{"aM":0,"rM":100,"aO":0,"gM":100,"rO":0,"bM":100,"gO":0,"bO":0},"tweenEasing":0},{"duration":15,"displayIndex":-1}],"offset":0},{"name":15,"scale":1,"frame":[{"duration":28,"displayIndex":-1},{"z":14,"duration":1,"transform":{"pY":0,"scY":1.48,"x":1.25,"y":-4.6,"skX":0,"skY":0,"pX":0,"scX":1.48},"tweenEasing":0},{"z":14,"duration":1,"transform":{"pY":0,"scY":3.42,"x":1.25,"y":-4.6,"skX":0,"skY":0,"pX":0,"scX":3.42},"tweenEasing":0},{"z":14,"duration":11,"transform":{"pY":0,"scY":3.52,"x":1.25,"y":-4.5,"skX":0,"skY":0,"pX":0,"scX":3.52},"colorTransform":{"aM":38,"rM":100,"aO":0,"gM":100,"rO":0,"bM":100,"gO":0,"bO":0},"tweenEasing":0},{"z":14,"duration":1,"transform":{"pY":0,"scY":5.38,"x":1.25,"y":-4.6,"skX":0,"skY":0,"pX":0,"scX":5.38},"colorTransform":{"aM":0,"rM":100,"aO":0,"gM":100,"rO":0,"bM":100,"gO":0,"bO":0},"tweenEasing":0},{"duration":17,"displayIndex":-1}],"offset":0},{"name":16,"scale":1,"frame":[{"duration":28,"displayIndex":-1},{"z":15,"duration":1,"transform":{"pY":0,"scY":1.34,"x":1.25,"y":-4.6,"skX":0,"skY":0,"pX":0,"scX":1.34},"tweenEasing":0},{"z":15,"duration":1,"transform":{"pY":0,"scY":3.07,"x":1.25,"y":-4.6,"skX":0,"skY":0,"pX":0,"scX":3.07},"tweenEasing":0},{"z":15,"duration":11,"transform":{"pY":0,"scY":3.17,"x":1.3,"y":-4.6,"skX":0,"skY":0,"pX":0,"scX":3.17},"colorTransform":{"aM":38,"rM":100,"aO":0,"gM":100,"rO":0,"bM":100,"gO":0,"bO":0},"tweenEasing":0},{"z":15,"duration":1,"transform":{"pY":0,"scY":4.84,"x":1.25,"y":-4.6,"skX":0,"skY":0,"pX":0,"scX":4.84},"colorTransform":{"aM":0,"rM":100,"aO":0,"gM":100,"rO":0,"bM":100,"gO":0,"bO":0},"tweenEasing":0},{"duration":17,"displayIndex":-1}],"offset":0},{"name":17,"scale":1,"frame":[{"duration":29,"displayIndex":-1},{"z":16,"duration":2,"transform":{"pY":0,"scY":1.35,"x":-28.6,"y":-15.9,"skX":0,"skY":0,"pX":0,"scX":1.35},"tweenEasing":0},{"z":16,"duration":3,"transform":{"pY":0,"scY":2.7,"x":-28.6,"y":-15.9,"skX":0,"skY":0,"pX":0,"scX":2.7},"tweenEasing":0},{"z":16,"duration":1,"transform":{"pY":0,"scY":2.97,"x":-28.6,"y":-15.9,"skX":0,"skY":0,"pX":0,"scX":2.97},"colorTransform":{"aM":0,"rM":100,"aO":0,"gM":100,"rO":0,"bM":100,"gO":0,"bO":0},"tweenEasing":0},{"duration":24,"displayIndex":-1}],"offset":0},{"name":18,"scale":1,"frame":[{"duration":29,"displayIndex":-1},{"z":17,"duration":1,"transform":{"pY":0,"scY":1.5,"x":-39.15,"y":63.5,"skX":-77.15,"skY":-66.76,"pX":0,"scX":0.85},"tweenEasing":0},{"z":17,"duration":1,"transform":{"pY":-0.1,"scY":0.95,"x":-64.85,"y":102.8,"skX":-77.15,"skY":-63.55,"pX":0,"scX":0.64},"tweenEasing":0},{"z":17,"duration":1,"transform":{"pY":0.2,"scY":0.55,"x":-83,"y":128,"skX":-77.15,"skY":-63.55,"pX":-0.1,"scX":0.25},"tweenEasing":0},{"z":17,"duration":1,"transform":{"pY":0.1,"scY":0.55,"x":-88.25,"y":134.9,"skX":-77.22,"skY":-91.51,"pX":-0.3,"scX":0.16},"tweenEasing":0},{"z":17,"duration":1,"transform":{"pY":0.2,"scY":0.55,"x":-93.6,"y":141.7,"skX":-77.15,"skY":-119.53,"pX":1.2,"scX":0.06},"tweenEasing":0},{"z":17,"duration":1,"transform":{"pY":0.2,"scY":0.55,"x":-93.6,"y":141.7,"skX":-77.15,"skY":-119.53,"pX":1.2,"scX":0.06},"colorTransform":{"aM":0,"rM":100,"aO":0,"gM":100,"rO":0,"bM":100,"gO":0,"bO":0},"tweenEasing":0},{"duration":24,"displayIndex":-1}],"offset":0},{"name":19,"scale":1,"frame":[{"duration":31,"displayIndex":-1},{"z":18,"duration":1,"transform":{"pY":0,"scY":1.81,"x":72.1,"y":41.6,"skX":-149.77,"skY":-158.47,"pX":0,"scX":0.96},"tweenEasing":0},{"z":18,"duration":1,"transform":{"pY":0.05,"scY":1.23,"x":117.65,"y":72.35,"skX":-149.77,"skY":-154.67,"pX":0,"scX":0.69},"tweenEasing":0},{"z":18,"duration":1,"transform":{"pY":0,"scY":0.91,"x":148.7,"y":94.05,"skX":-152.31,"skY":-164.22,"pX":0,"scX":0.19},"tweenEasing":0},{"z":18,"duration":1,"transform":{"pY":0,"scY":0.91,"x":153.45,"y":97.25,"skX":167.95,"skY":129.6,"pX":-0.1,"scX":0.15},"tweenEasing":0},{"z":18,"duration":1,"transform":{"pY":0.05,"scY":0.91,"x":158.2,"y":100.4,"skX":127.96,"skY":63.41,"pX":-0.6,"scX":0.1},"tweenEasing":0},{"z":18,"duration":1,"transform":{"pY":0.05,"scY":0.91,"x":158.2,"y":100.4,"skX":127.96,"skY":63.41,"pX":-0.6,"scX":0.1},"colorTransform":{"aM":0,"rM":100,"aO":0,"gM":100,"rO":0,"bM":100,"gO":0,"bO":0},"tweenEasing":0},{"duration":22,"displayIndex":-1}],"offset":0},{"name":20,"scale":1,"frame":[{"duration":30,"displayIndex":-1},{"z":19,"duration":1,"transform":{"pY":0,"scY":1.17,"x":-22.85,"y":-17.25,"skX":65.58,"skY":53.57,"pX":0,"scX":0.94},"tweenEasing":0},{"z":19,"duration":1,"transform":{"pY":0,"scY":0.95,"x":-40.3,"y":-45.05,"skX":65.2,"skY":52.29,"pX":0,"scX":0.71},"tweenEasing":0},{"z":19,"duration":1,"transform":{"pY":0,"scY":0.77,"x":-60.95,"y":-82.35,"skX":62.48,"skY":32.63,"pX":0,"scX":0.17},"tweenEasing":0},{"z":19,"duration":1,"transform":{"pY":0,"scY":0.77,"x":-63.3,"y":-86.25,"skX":62.46,"skY":13.55,"pX":0,"scX":0.13},"tweenEasing":0},{"z":19,"duration":1,"transform":{"pY":0,"scY":0.77,"x":-65.65,"y":-90.05,"skX":62.48,"skY":-5.25,"pX":-1.5,"scX":0.08},"tweenEasing":0},{"z":19,"duration":1,"transform":{"pY":0,"scY":0.77,"x":-65.65,"y":-90.05,"skX":62.48,"skY":-5.25,"pX":-1.5,"scX":0.08},"colorTransform":{"aM":0,"rM":100,"aO":0,"gM":100,"rO":0,"bM":100,"gO":0,"bO":0},"tweenEasing":0},{"duration":23,"displayIndex":-1}],"offset":0},{"name":21,"scale":1,"frame":[{"duration":31,"displayIndex":-1},{"z":20,"duration":1,"transform":{"pY":0,"scY":1.22,"x":-6.05,"y":-41.85,"skX":93.02,"skY":74.49,"pX":0,"scX":0.71},"tweenEasing":0},{"z":20,"duration":1,"transform":{"pY":0,"scY":0.98,"x":-10.2,"y":-65.65,"skX":92.76,"skY":72.79,"pX":0,"scX":0.53},"tweenEasing":0},{"z":20,"duration":1,"transform":{"pY":0,"scY":0.8,"x":-12.9,"y":-96.65,"skX":90.85,"skY":49.22,"pX":0,"scX":0.15},"tweenEasing":0},{"z":20,"duration":1,"transform":{"pY":0,"scY":0.8,"x":-13.45,"y":-99.8,"skX":90.78,"skY":32.84,"pX":0,"scX":0.11},"tweenEasing":0},{"z":20,"duration":1,"transform":{"pY":0.1,"scY":0.8,"x":-14,"y":-103.1,"skX":90.85,"skY":16.56,"pX":0.05,"scX":0.08},"tweenEasing":0},{"z":20,"duration":1,"transform":{"pY":0.1,"scY":0.8,"x":-14,"y":-103.1,"skX":90.85,"skY":16.56,"pX":0.05,"scX":0.08},"colorTransform":{"aM":0,"rM":100,"aO":0,"gM":100,"rO":0,"bM":100,"gO":0,"bO":0},"tweenEasing":0},{"duration":22,"displayIndex":-1}],"offset":0},{"name":22,"scale":1,"frame":[{"duration":30,"displayIndex":-1},{"z":21,"duration":1,"transform":{"pY":0,"scY":1.22,"x":-36.35,"y":13.65,"skX":-4.74,"skY":-23.27,"pX":0,"scX":0.71},"tweenEasing":0},{"z":21,"duration":1,"transform":{"pY":0,"scY":0.98,"x":-59.5,"y":21.1,"skX":-5,"skY":-24.97,"pX":0,"scX":0.53},"tweenEasing":0},{"z":21,"duration":1,"transform":{"pY":0,"scY":0.8,"x":-89.7,"y":27.85,"skX":-6.9,"skY":-48.54,"pX":0,"scX":0.15},"tweenEasing":0},{"z":21,"duration":1,"transform":{"pY":0,"scY":0.8,"x":-92.9,"y":28.85,"skX":-6.79,"skY":-64.94,"pX":0,"scX":0.11},"tweenEasing":0},{"z":21,"duration":1,"transform":{"pY":-0.25,"scY":0.8,"x":-96,"y":29.9,"skX":-6.9,"skY":-81.21,"pX":-2.15,"scX":0.08},"tweenEasing":0},{"z":21,"duration":1,"transform":{"pY":-0.25,"scY":0.8,"x":-96,"y":29.9,"skX":-6.9,"skY":-81.21,"pX":-2.15,"scX":0.08},"colorTransform":{"aM":0,"rM":100,"aO":0,"gM":100,"rO":0,"bM":100,"gO":0,"bO":0},"tweenEasing":0},{"duration":23,"displayIndex":-1}],"offset":0},{"name":23,"scale":1,"frame":[{"duration":29,"displayIndex":-1},{"z":22,"duration":1,"transform":{"pY":0,"scY":0.73,"x":26.9,"y":-48.1,"skX":116.49,"skY":117.95,"pX":0,"scX":0.91},"tweenEasing":0},{"z":22,"duration":1,"transform":{"pY":0.15,"scY":1.43,"x":56.3,"y":-82.45,"skX":116.49,"skY":117.95,"pX":0.1,"scX":1.49},"tweenEasing":0},{"z":22,"duration":1,"transform":{"pY":0.15,"scY":1.2,"x":93.7,"y":-138.95,"skX":116.09,"skY":116.45,"pX":0.15,"scX":0.87},"tweenEasing":0},{"z":22,"duration":1,"transform":{"pY":0.1,"scY":0.96,"x":122.4,"y":-181.85,"skX":116.09,"skY":92.78,"pX":-0.75,"scX":0.17},"tweenEasing":0},{"z":22,"duration":1,"transform":{"pY":0.15,"scY":0.71,"x":124,"y":-183.4,"skX":116.06,"skY":92.76,"pX":-0.7,"scX":0.13},"tweenEasing":0},{"z":22,"duration":1,"transform":{"pY":0.15,"scY":0.47,"x":125.5,"y":-184.95,"skX":116.09,"skY":92.76,"pX":-0.35,"scX":0.09},"tweenEasing":0},{"z":22,"duration":1,"transform":{"pY":0.15,"scY":0.47,"x":125.5,"y":-184.95,"skX":116.09,"skY":92.76,"pX":-0.35,"scX":0.09},"colorTransform":{"aM":0,"rM":100,"aO":0,"gM":100,"rO":0,"bM":100,"gO":0,"bO":0},"tweenEasing":0},{"duration":23,"displayIndex":-1}],"offset":0},{"name":24,"scale":1,"frame":[{"duration":32,"displayIndex":-1},{"z":23,"duration":1,"transform":{"pY":0,"scY":0.73,"x":44.95,"y":3.3,"skX":175.66,"skY":177.12,"pX":0,"scX":0.91},"tweenEasing":0},{"z":23,"duration":1,"transform":{"pY":0.1,"scY":1.43,"x":89.45,"y":10.85,"skX":175.67,"skY":177.12,"pX":-0.1,"scX":1.49},"tweenEasing":0},{"z":23,"duration":1,"transform":{"pY":-0.05,"scY":1.2,"x":157,"y":14,"skX":175.26,"skY":175.63,"pX":-0.2,"scX":0.87},"tweenEasing":0},{"z":23,"duration":1,"transform":{"pY":0.15,"scY":0.96,"x":208.6,"y":16.8,"skX":175.26,"skY":151.95,"pX":-0.7,"scX":0.17},"tweenEasing":0},{"z":23,"duration":1,"transform":{"pY":0.15,"scY":0.71,"x":210.75,"y":17.35,"skX":175.44,"skY":151.94,"pX":-0.85,"scX":0.13},"tweenEasing":0},{"z":23,"duration":1,"transform":{"pY":0.25,"scY":0.47,"x":213,"y":17.85,"skX":175.26,"skY":151.93,"pX":0.2,"scX":0.09},"tweenEasing":0},{"z":23,"duration":1,"transform":{"pY":0.25,"scY":0.47,"x":213,"y":17.85,"skX":175.26,"skY":151.93,"pX":0.2,"scX":0.09},"colorTransform":{"aM":0,"rM":100,"aO":0,"gM":100,"rO":0,"bM":100,"gO":0,"bO":0},"tweenEasing":0},{"duration":20,"displayIndex":-1}],"offset":0},{"name":26,"scale":1,"frame":[{"duration":31,"displayIndex":-1},{"z":24,"duration":1,"transform":{"pY":0,"scY":2.48,"x":-72.45,"y":-16,"skX":5.03,"skY":8.78,"pX":0,"scX":1.87},"tweenEasing":0},{"z":24,"duration":1,"transform":{"pY":-0.1,"scY":0.91,"x":-165.9,"y":-46.15,"skX":5.04,"skY":9.46,"pX":-0.05,"scX":0.89},"tweenEasing":0},{"z":24,"duration":2,"transform":{"pY":-0.1,"scY":0.9,"x":-191.1,"y":-52.9,"skX":1.21,"skY":-0.47,"pX":-0.15,"scX":0.28},"tweenEasing":0},{"z":24,"duration":1,"transform":{"pY":-0.1,"scY":0.78,"x":-206.4,"y":-57.95,"skX":1.21,"skY":-41.32,"pX":0.35,"scX":0.11},"tweenEasing":0},{"z":24,"duration":1,"transform":{"pY":-0.1,"scY":0.78,"x":-206.4,"y":-57.95,"skX":1.21,"skY":-41.32,"pX":0.35,"scX":0.11},"colorTransform":{"aM":0,"rM":100,"aO":0,"gM":100,"rO":0,"bM":100,"gO":0,"bO":0},"tweenEasing":0},{"duration":22,"displayIndex":-1}],"offset":0},{"name":27,"scale":1,"frame":[{"duration":33,"displayIndex":-1},{"z":25,"duration":1,"transform":{"pY":0,"scY":0.5,"x":18,"y":73.05,"skX":-102.04,"skY":-102.04,"pX":0,"scX":0.67},"tweenEasing":0},{"z":25,"duration":1,"transform":{"pY":0.1,"scY":0.78,"x":30.35,"y":70.6,"skX":-97.5,"skY":-115.24,"pX":-0.1,"scX":0.71},"tweenEasing":0},{"z":25,"duration":1,"transform":{"pY":0,"scY":0.44,"x":42.1,"y":104.35,"skX":-97.5,"skY":-115.25,"pX":0,"scX":0.39},"tweenEasing":0},{"z":25,"duration":1,"transform":{"pY":-0.05,"scY":0.44,"x":48.5,"y":122.15,"skX":-97.5,"skY":-126.67,"pX":0.85,"scX":0.15},"tweenEasing":0},{"z":25,"duration":1,"transform":{"pY":0,"scY":0.4,"x":49.2,"y":124,"skX":-97.5,"skY":-131.34,"pX":1.2,"scX":0.11},"tweenEasing":0},{"z":25,"duration":1,"transform":{"pY":0,"scY":0.36,"x":49.75,"y":125.85,"skX":-97.5,"skY":-135.96,"pX":0,"scX":0.08},"tweenEasing":0},{"z":25,"duration":1,"transform":{"pY":0,"scY":0.36,"x":49.75,"y":125.85,"skX":-97.5,"skY":-135.96,"pX":0,"scX":0.08},"colorTransform":{"aM":0,"rM":100,"aO":0,"gM":100,"rO":0,"bM":100,"gO":0,"bO":0},"tweenEasing":0},{"duration":19,"displayIndex":-1}],"offset":0},{"name":28,"scale":1,"frame":[{"duration":31,"displayIndex":-1},{"z":26,"duration":1,"transform":{"pY":0,"scY":0.92,"x":65.8,"y":-43.7,"skX":165.87,"skY":145.67,"pX":0,"scX":0.83},"tweenEasing":0},{"z":26,"duration":1,"transform":{"pY":0.5,"scY":0.72,"x":100.25,"y":-59.8,"skX":165.87,"skY":145.67,"pX":0.3,"scX":0.48},"tweenEasing":0},{"z":26,"duration":1,"transform":{"pY":0.55,"scY":0.71,"x":119.4,"y":-71.15,"skX":165.45,"skY":139.6,"pX":0.7,"scX":0.18},"tweenEasing":0},{"z":26,"duration":1,"transform":{"pY":0.45,"scY":0.71,"x":123.8,"y":-72.35,"skX":165.48,"skY":118.83,"pX":0.4,"scX":0.13},"tweenEasing":0},{"z":26,"duration":1,"transform":{"pY":0.3,"scY":0.71,"x":128.2,"y":-73.7,"skX":165.45,"skY":98.18,"pX":1.35,"scX":0.08},"tweenEasing":0},{"z":26,"duration":1,"transform":{"pY":0.3,"scY":0.71,"x":128.2,"y":-73.7,"skX":165.45,"skY":98.18,"pX":1.35,"scX":0.08},"colorTransform":{"aM":0,"rM":100,"aO":0,"gM":100,"rO":0,"bM":100,"gO":0,"bO":0},"tweenEasing":0},{"duration":22,"displayIndex":-1}],"offset":0},{"name":29,"scale":1,"frame":[{"duration":36,"displayIndex":-1},{"z":27,"duration":13,"transform":{"pY":0,"scY":2.05,"x":43.75,"y":-64.15,"skX":7.23,"skY":7.23,"pX":0,"scX":-2.05},"colorTransform":{"aM":75,"rM":100,"aO":0,"gM":100,"rO":0,"bM":100,"gO":0,"bO":0},"tweenEasing":0},{"z":27,"duration":1,"transform":{"pY":0,"scY":2.89,"x":124.85,"y":-86.85,"skX":7.23,"skY":7.23,"pX":0,"scX":-2.89},"colorTransform":{"aM":0,"rM":100,"aO":0,"gM":100,"rO":0,"bM":100,"gO":0,"bO":0}},{"duration":9,"displayIndex":-1}],"offset":0},{"name":30,"scale":1,"frame":[{"duration":37,"displayIndex":-1},{"z":28,"duration":16,"transform":{"pY":0,"scY":1.99,"x":9.95,"y":-34.75,"skX":-31.1,"skY":-31.1,"pX":0,"scX":-1.99},"colorTransform":{"aM":79,"rM":100,"aO":0,"gM":100,"rO":0,"bM":100,"gO":0,"bO":0},"tweenEasing":0},{"z":28,"duration":1,"transform":{"pY":0,"scY":2.89,"x":38.55,"y":-141.75,"skX":-42.51,"skY":-42.51,"pX":0,"scX":-2.89},"colorTransform":{"aM":0,"rM":100,"aO":0,"gM":100,"rO":0,"bM":100,"gO":0,"bO":0}},{"duration":5,"displayIndex":-1}],"offset":0},{"name":31,"scale":1,"frame":[{"duration":37,"displayIndex":-1},{"z":29,"duration":10,"transform":{"pY":0,"scY":2.05,"x":-46.95,"y":-57.4,"skX":-51.7,"skY":-51.7,"pX":0,"scX":-2.05},"colorTransform":{"aM":75,"rM":100,"aO":0,"gM":100,"rO":0,"bM":100,"gO":0,"bO":0},"tweenEasing":0},{"z":29,"duration":1,"transform":{"pY":0,"scY":2.89,"x":-42.35,"y":-85.3,"skX":-51.7,"skY":-51.7,"pX":0,"scX":-2.89},"colorTransform":{"aM":0,"rM":100,"aO":0,"gM":100,"rO":0,"bM":100,"gO":0,"bO":0}},{"duration":11,"displayIndex":-1}],"offset":0},{"name":32,"scale":1,"frame":[{"duration":35,"displayIndex":-1},{"z":30,"duration":18,"transform":{"pY":0,"scY":1.99,"x":-57,"y":40,"skX":-90.03,"skY":-90.03,"pX":0,"scX":-1.99},"colorTransform":{"aM":79,"rM":100,"aO":0,"gM":100,"rO":0,"bM":100,"gO":0,"bO":0},"tweenEasing":0},{"z":30,"duration":1,"transform":{"pY":0,"scY":2.89,"x":-134,"y":-39.7,"skX":-101.44,"skY":-101.44,"pX":0,"scX":-2.89},"colorTransform":{"aM":0,"rM":100,"aO":0,"gM":100,"rO":0,"bM":100,"gO":0,"bO":0}},{"duration":5,"displayIndex":-1}],"offset":0},{"name":33,"scale":1,"frame":[{"duration":36,"displayIndex":-1},{"z":31,"duration":11,"transform":{"pY":0,"scY":2.05,"x":-85.65,"y":0,"skX":-152.02,"skY":-152.02,"pX":0,"scX":-2.05},"colorTransform":{"aM":75,"rM":100,"aO":0,"gM":100,"rO":0,"bM":100,"gO":0,"bO":0},"tweenEasing":0},{"z":31,"duration":1,"transform":{"pY":0,"scY":2.89,"x":-146.4,"y":51.6,"skX":-152.02,"skY":-152.02,"pX":0,"scX":-2.89},"colorTransform":{"aM":0,"rM":100,"aO":0,"gM":100,"rO":0,"bM":100,"gO":0,"bO":0}},{"duration":11,"displayIndex":-1}],"offset":0},{"name":34,"scale":1,"frame":[{"duration":35,"displayIndex":-1},{"z":32,"duration":17,"transform":{"pY":0,"scY":1.99,"x":-20.5,"y":43.55,"skX":169.66,"skY":169.66,"pX":0,"scX":-1.99},"colorTransform":{"aM":79,"rM":100,"aO":0,"gM":100,"rO":0,"bM":100,"gO":0,"bO":0},"tweenEasing":0},{"z":32,"duration":1,"transform":{"pY":0,"scY":2.89,"x":-85.15,"y":133.5,"skX":158.24,"skY":158.24,"pX":0,"scX":-2.89},"colorTransform":{"aM":18,"rM":100,"aO":0,"gM":100,"rO":0,"bM":100,"gO":0,"bO":0}},{"duration":6,"displayIndex":-1}],"offset":0},{"name":35,"scale":1,"frame":[{"duration":36,"displayIndex":-1},{"z":33,"duration":12,"transform":{"pY":0,"scY":2.05,"x":13.8,"y":48.75,"skX":149.05,"skY":149.05,"pX":0,"scX":-2.05},"colorTransform":{"aM":75,"rM":100,"aO":0,"gM":100,"rO":0,"bM":100,"gO":0,"bO":0},"tweenEasing":0},{"z":33,"duration":1,"transform":{"pY":0,"scY":2.89,"x":10.55,"y":109.35,"skX":149.05,"skY":149.05,"pX":0,"scX":-2.89},"colorTransform":{"aM":0,"rM":100,"aO":0,"gM":100,"rO":0,"bM":100,"gO":0,"bO":0}},{"duration":10,"displayIndex":-1}],"offset":0},{"name":36,"scale":1,"frame":[{"duration":35,"displayIndex":-1},{"z":34,"duration":20,"transform":{"pY":0,"scY":1.99,"x":68.6,"y":-2.55,"skX":110.72,"skY":110.72,"pX":0,"scX":-1.99},"colorTransform":{"aM":79,"rM":100,"aO":0,"gM":100,"rO":0,"bM":100,"gO":0,"bO":0},"tweenEasing":0},{"z":34,"duration":1,"transform":{"pY":0,"scY":2.89,"x":112.45,"y":99.2,"skX":99.31,"skY":99.31,"pX":0,"scX":-2.89},"colorTransform":{"aM":0,"rM":100,"aO":0,"gM":100,"rO":0,"bM":100,"gO":0,"bO":0}},{"duration":3,"displayIndex":-1}],"offset":0}],"duration":59,"scale":1,"loop":5,"tweenEasing":null,"name":"bonus_03_07_cast","fadeInTime":0},{"autoTween":1,"timeline":[{"name":36,"scale":1,"frame":[{"z":34,"duration":2,"transform":{"pY":0,"scY":1,"x":0.85,"y":10.1,"skX":0,"skY":0,"pX":0,"scX":1},"displayIndex":1},{"z":34,"duration":2,"transform":{"pY":0,"scY":1,"x":0.85,"y":10.1,"skX":0,"skY":0,"pX":0,"scX":1},"displayIndex":2},{"z":34,"duration":2,"transform":{"pY":0,"scY":1,"x":0.85,"y":10.1,"skX":0,"skY":0,"pX":0,"scX":1},"displayIndex":3},{"z":34,"duration":1,"transform":{"pY":0,"scY":1,"x":0.85,"y":10.1,"skX":0,"skY":0,"pX":0,"scX":1},"displayIndex":4},{"z":34,"duration":1,"transform":{"pY":0,"scY":1,"x":0.85,"y":10.1,"skX":0,"skY":0,"pX":0,"scX":1},"displayIndex":4}],"offset":0}],"duration":8,"scale":1,"loop":5,"tweenEasing":null,"name":"bonus_03_07_cast_fly","fadeInTime":0}]}],"version":2.3}