{"name":"quanpingsuijixiaochu","SubTexture":[{"name":"quanpingsuijixiaochuku/baozu","x":196,"width":101,"y":134,"height":100},{"name":"quanpingsuijixiaochuku/baozuyinxianguan1","x":389,"width":89,"y":197,"height":79},{"name":"quanpingsuijixiaochuku/baozuyinxianguan2","x":0,"width":67,"y":202,"height":71},{"name":"quanpingsuijixiaochuku/baozuyinxianguandian","x":196,"width":132,"y":0,"height":132},{"name":"quanpingsuijixiaochuku/baoleixingdian","x":460,"width":39,"y":90,"height":41},{"name":"quanpingsuijixiaochuku/baoleixingxing","x":460,"width":43,"y":50,"height":38},{"name":"quanpingsuijixiaochuku/baozhuaquan1","x":330,"width":128,"y":0,"height":132},{"name":"quanpingsuijixiaochuku/baozhuaquan2","x":0,"width":194,"y":0,"height":200},{"name":"quanpingsuijixiaochuku/guangxian","x":299,"width":190,"y":134,"height":61},{"name":"quanpingsuijixiaochuku/yan","x":299,"width":88,"y":197,"height":86},{"name":"quanpingsuijixiaochuku/huoxing1","x":124,"width":53,"y":202,"height":50},{"name":"quanpingsuijixiaochuku/huoxing2","x":69,"width":53,"y":202,"height":52},{"name":"quanpingsuijixiaochuku/huoxing3","x":460,"width":48,"y":0,"height":48},{"name":"quanpingsuijixiaochuku/huoxing4","x":179,"width":52,"y":236,"height":51}],"imagePath":"texture.png"}