{"frameRate":24,"name":"ditushengji","armature":[{"name":"ditushengjiku/ditushengji","bone":[{"transform":{"skX":0,"scY":0.25,"x":1,"skY":0,"y":5,"scX":0.25},"name":4},{"transform":{"skX":0,"scY":0.25,"x":0.9,"skY":0,"y":4.4,"scX":0.25},"name":3},{"transform":{"skX":0,"scY":0.25,"x":0.65,"skY":0,"y":7.4,"scX":0.25},"name":2},{"transform":{"skX":0,"scY":0.5,"x":3.6,"skY":0,"y":1.6,"scX":0.5},"name":1}],"skin":[{"slot":[{"name":4,"z":0,"display":[{"transform":{"pY":129.5,"scY":1,"x":0,"y":0,"skX":0,"skY":0,"pX":134,"scX":1},"name":"ditushengjiku/shengjiguangxuan","type":"image"}],"parent":4},{"name":3,"z":1,"display":[{"transform":{"pY":62,"scY":1,"x":0,"y":0,"skX":0,"skY":0,"pX":64.5,"scX":1},"name":"ditushengjiku/shengjixingxing","type":"image"}],"parent":3},{"name":2,"z":2,"display":[{"transform":{"pY":22,"scY":1,"x":0,"y":0,"skX":0,"skY":0,"pX":70.5,"scX":1},"name":"ditushengjiku/shengjizi","type":"image"},{"transform":{"pY":16.5,"scY":1,"x":0,"y":0,"skX":0,"skY":0,"pX":17.5,"scX":1},"name":"ditushengjiku/shengjixiaoxingxing","type":"image"}],"parent":2},{"name":1,"z":3,"display":[{"transform":{"pY":73.9,"scY":1,"x":0,"y":0,"skX":0,"skY":0,"pX":73.9,"scX":1},"name":"ditushengjiku/shengjigaoguang","type":"image"},{"transform":{"pY":16.5,"scY":1,"x":0,"y":0,"skX":0,"skY":0,"pX":17.5,"scX":1},"name":"ditushengjiku/shengjixiaoxingxing","type":"image"}],"parent":1}],"name":"default"}],"animation":[{"autoTween":1,"name":"ui_levelup","duration":50,"scale":1,"loop":1,"frame":[{"duration":49},{"duration":1}],"timeline":[{"name":4,"scale":1,"frame":[{"transform":{"pY":0,"scY":0.25,"x":1,"y":5,"skX":0,"skY":0,"pX":0,"scX":0.25},"z":0,"duration":1},{"transform":{"pY":0,"scY":0.5,"x":1,"y":5,"skX":0,"skY":0,"pX":0,"scX":0.5},"z":0,"duration":1},{"transform":{"pY":0,"scY":0.75,"x":1,"y":5,"skX":0,"skY":0,"pX":0,"scX":0.75},"z":0,"duration":1},{"transform":{"pY":0,"scY":1,"x":1,"y":5,"skX":0,"skY":0,"pX":0,"scX":1},"z":0,"duration":1},{"transform":{"pY":0,"scY":1,"x":1,"y":5,"skX":4.05,"skY":4.05,"pX":0,"scX":1},"z":0,"duration":1},{"transform":{"pY":0,"scY":1,"x":1,"y":5,"skX":8.28,"skY":8.28,"pX":0,"scX":1},"z":0,"duration":1},{"transform":{"pY":0,"scY":1,"x":1,"y":5,"skX":12.52,"skY":12.52,"pX":0,"scX":1},"z":0,"duration":1},{"transform":{"pY":0,"scY":1,"x":1,"y":5,"skX":16.58,"skY":16.58,"pX":0,"scX":1},"z":0,"duration":1},{"transform":{"pY":0,"scY":1,"x":1,"y":5,"skX":20.82,"skY":20.82,"pX":0,"scX":1},"z":0,"duration":1},{"transform":{"pY":0,"scY":1,"x":1,"y":5,"skX":25.06,"skY":25.06,"pX":0,"scX":1},"z":0,"duration":1},{"transform":{"pY":0,"scY":1,"x":1,"y":5,"skX":29.31,"skY":29.31,"pX":0,"scX":1},"z":0,"duration":1},{"transform":{"pY":0,"scY":1,"x":1,"y":5,"skX":33.37,"skY":33.37,"pX":0,"scX":1},"z":0,"duration":1},{"transform":{"pY":0,"scY":1,"x":1,"y":5,"skX":37.61,"skY":37.61,"pX":0,"scX":1},"z":0,"duration":1},{"transform":{"pY":0,"scY":1,"x":1,"y":5,"skX":41.86,"skY":41.86,"pX":0,"scX":1},"z":0,"duration":1},{"transform":{"pY":0,"scY":1,"x":1,"y":5,"skX":46.11,"skY":46.11,"pX":0,"scX":1},"z":0,"duration":1},{"transform":{"pY":0,"scY":1,"x":1,"y":5,"skX":50.17,"skY":50.17,"pX":0,"scX":1},"z":0,"duration":1},{"transform":{"pY":0,"scY":1,"x":1,"y":5,"skX":54.42,"skY":54.42,"pX":0,"scX":1},"z":0,"duration":1},{"transform":{"pY":0,"scY":1,"x":1,"y":5,"skX":58.66,"skY":58.66,"pX":0,"scX":1},"z":0,"duration":1},{"transform":{"pY":0,"scY":1,"x":1,"y":5,"skX":62.91,"skY":62.91,"pX":0,"scX":1},"z":0,"duration":1},{"transform":{"pY":0,"scY":1,"x":1,"y":5,"skX":66.97,"skY":66.97,"pX":0,"scX":1},"z":0,"duration":1},{"transform":{"pY":0,"scY":1,"x":1,"y":5,"skX":71.21,"skY":71.21,"pX":0,"scX":1},"z":0,"duration":1},{"transform":{"pY":0,"scY":1,"x":1,"y":5,"skX":75.45,"skY":75.45,"pX":0,"scX":1},"z":0,"duration":1},{"transform":{"pY":0,"scY":1,"x":1,"y":5,"skX":79.69,"skY":79.69,"pX":0,"scX":1},"z":0,"duration":1},{"transform":{"pY":0,"scY":1,"x":1,"y":5,"skX":83.74,"skY":83.74,"pX":0,"scX":1},"z":0,"duration":1},{"transform":{"pY":0,"scY":1,"x":1,"y":5,"skX":87.98,"skY":87.98,"pX":0,"scX":1},"z":0,"duration":1},{"transform":{"pY":0,"scY":1,"x":1,"y":5,"skX":92.02,"skY":92.02,"pX":0,"scX":1},"z":0,"duration":1},{"transform":{"pY":0,"scY":1,"x":1,"y":5,"skX":96.26,"skY":96.26,"pX":0,"scX":1},"z":0,"duration":1},{"transform":{"pY":0,"scY":1,"x":1,"y":5,"skX":100.31,"skY":100.31,"pX":0,"scX":1},"z":0,"duration":1},{"transform":{"pY":0,"scY":1,"x":1,"y":5,"skX":104.55,"skY":104.55,"pX":0,"scX":1},"z":0,"duration":1},{"transform":{"pY":0,"scY":1,"x":1,"y":5,"skX":108.79,"skY":108.79,"pX":0,"scX":1},"z":0,"duration":1},{"transform":{"pY":0,"scY":1,"x":1,"y":5,"skX":113.03,"skY":113.03,"pX":0,"scX":1},"z":0,"duration":1},{"transform":{"pY":0,"scY":1,"x":1,"y":5,"skX":117.09,"skY":117.09,"pX":0,"scX":1},"z":0,"duration":1},{"transform":{"pY":0,"scY":1,"x":1,"y":5,"skX":121.34,"skY":121.34,"pX":0,"scX":1},"z":0,"duration":1},{"transform":{"pY":0,"scY":1,"x":1,"y":5,"skX":125.58,"skY":125.58,"pX":0,"scX":1},"z":0,"duration":1},{"transform":{"pY":0,"scY":1,"x":1,"y":5,"skX":129.83,"skY":129.83,"pX":0,"scX":1},"z":0,"duration":1},{"transform":{"pY":0,"scY":1,"x":1,"y":5,"skX":133.89,"skY":133.89,"pX":0,"scX":1},"z":0,"duration":1},{"transform":{"pY":0,"scY":1,"x":1,"y":5,"skX":138.14,"skY":138.14,"pX":0,"scX":1},"z":0,"duration":1},{"transform":{"pY":0,"scY":1,"x":1,"y":5,"skX":142.39,"skY":142.39,"pX":0,"scX":1},"z":0,"duration":1},{"transform":{"pY":0,"scY":1,"x":1,"y":5,"skX":146.63,"skY":146.63,"pX":0,"scX":1},"z":0,"duration":1},{"transform":{"pY":0,"scY":1,"x":1,"y":5,"skX":150.69,"skY":150.69,"pX":0,"scX":1},"z":0,"duration":1},{"transform":{"pY":0,"scY":1,"x":1,"y":5,"skX":154.94,"skY":154.94,"pX":0,"scX":1},"z":0,"duration":1},{"transform":{"pY":0,"scY":1,"x":1,"y":5,"skX":159.18,"skY":159.18,"pX":0,"scX":1},"z":0,"duration":1},{"transform":{"pY":0,"scY":1,"x":1,"y":5,"skX":163.42,"skY":163.42,"pX":0,"scX":1},"z":0,"duration":1},{"z":0,"duration":1,"transform":{"pY":0,"scY":1,"x":1.05,"y":5,"skX":166.98,"skY":166.98,"pX":0,"scX":1},"colorTransform":{"aM":86,"rM":100,"aO":0,"gM":100,"rO":0,"bM":100,"gO":0,"bO":0}},{"z":0,"duration":1,"transform":{"pY":0,"scY":1,"x":1.05,"y":4.95,"skX":170.69,"skY":170.69,"pX":0,"scX":1},"colorTransform":{"aM":71,"rM":100,"aO":0,"gM":100,"rO":0,"bM":100,"gO":0,"bO":0}},{"z":0,"duration":1,"transform":{"pY":0,"scY":1,"x":1.05,"y":5,"skX":174.2,"skY":174.2,"pX":0,"scX":1},"colorTransform":{"aM":57,"rM":100,"aO":0,"gM":100,"rO":0,"bM":100,"gO":0,"bO":0}},{"z":0,"duration":1,"transform":{"pY":0,"scY":1,"x":1,"y":5,"skX":177.72,"skY":177.72,"pX":0,"scX":1},"colorTransform":{"aM":43,"rM":100,"aO":0,"gM":100,"rO":0,"bM":100,"gO":0,"bO":0}},{"z":0,"duration":1,"transform":{"pY":0,"scY":1,"x":1.05,"y":4.95,"skX":-178.96,"skY":-178.96,"pX":0,"scX":1},"colorTransform":{"aM":29,"rM":100,"aO":0,"gM":100,"rO":0,"bM":100,"gO":0,"bO":0}},{"z":0,"duration":1,"transform":{"pY":0,"scY":1,"x":1.05,"y":4.95,"skX":-175.44,"skY":-175.44,"pX":0,"scX":1},"colorTransform":{"aM":14,"rM":100,"aO":0,"gM":100,"rO":0,"bM":100,"gO":0,"bO":0}},{"z":0,"duration":1,"transform":{"pY":0,"scY":1,"x":1,"y":5,"skX":-171.72,"skY":-171.72,"pX":0,"scX":1},"colorTransform":{"aM":0,"rM":100,"aO":0,"gM":100,"rO":0,"bM":100,"gO":0,"bO":0}}],"offset":0},{"name":3,"scale":1,"frame":[{"z":1,"duration":3,"transform":{"pY":0,"scY":0.25,"x":0.9,"y":4.4,"skX":0,"skY":0,"pX":0,"scX":0.25},"tweenEasing":0},{"z":1,"duration":2,"transform":{"pY":0,"scY":1.1,"x":0.5,"y":2.55,"skX":0,"skY":0,"pX":0,"scX":1.1},"tweenEasing":0},{"z":1,"duration":2,"transform":{"pY":0,"scY":0.95,"x":0.5,"y":2.55,"skX":0,"skY":0,"pX":0,"scX":0.95},"tweenEasing":0},{"transform":{"pY":0,"scY":1,"x":0.5,"y":2.55,"skX":0,"skY":0,"pX":0,"scX":1},"z":1,"duration":35},{"z":1,"duration":7,"transform":{"pY":0,"scY":1,"x":0.5,"y":2.55,"skX":0,"skY":0,"pX":0,"scX":1},"tweenEasing":0},{"z":1,"duration":1,"transform":{"pY":0,"scY":1,"x":0.5,"y":2.55,"skX":0,"skY":0,"pX":0,"scX":1},"colorTransform":{"aM":0,"rM":100,"aO":0,"gM":100,"rO":0,"bM":100,"gO":0,"bO":0}}],"offset":0},{"name":2,"scale":1,"frame":[{"z":2,"duration":5,"transform":{"pY":0,"scY":0.25,"x":0.65,"y":7.4,"skX":0,"skY":0,"pX":0,"scX":0.25},"tweenEasing":0},{"z":2,"duration":2,"transform":{"pY":0,"scY":1.2,"x":-0.5,"y":14.55,"skX":0,"skY":0,"pX":0,"scX":1.2},"tweenEasing":0},{"z":2,"duration":2,"transform":{"pY":0,"scY":0.9,"x":-0.5,"y":14.55,"skX":0,"skY":0,"pX":0,"scX":0.9},"tweenEasing":0},{"z":2,"duration":2,"transform":{"pY":0,"scY":1.02,"x":-0.5,"y":14.55,"skX":0,"skY":0,"pX":0,"scX":1.02},"tweenEasing":0},{"transform":{"pY":0,"scY":1,"x":-0.5,"y":14.55,"skX":0,"skY":0,"pX":0,"scX":1},"z":2,"duration":31},{"z":2,"duration":7,"transform":{"pY":0,"scY":1,"x":-0.5,"y":14.55,"skX":0,"skY":0,"pX":0,"scX":1},"tweenEasing":0},{"z":2,"duration":1,"transform":{"pY":0,"scY":1,"x":-0.5,"y":14.55,"skX":0,"skY":0,"pX":0,"scX":1},"colorTransform":{"aM":0,"rM":100,"aO":0,"gM":100,"rO":0,"bM":100,"gO":0,"bO":0}}],"offset":0},{"name":1,"scale":1,"frame":[{"z":3,"duration":3,"transform":{"pY":0,"scY":0.5,"x":3.6,"y":1.6,"skX":0,"skY":0,"pX":0,"scX":0.5},"tweenEasing":0},{"z":3,"duration":5,"transform":{"pY":0,"scY":1.78,"x":3.6,"y":1.6,"skX":0,"skY":0,"pX":0,"scX":1.78},"colorTransform":{"aM":43,"rM":100,"aO":0,"gM":100,"rO":0,"bM":100,"gO":0,"bO":0},"tweenEasing":0},{"z":3,"duration":1,"transform":{"pY":0,"scY":2.16,"x":3.6,"y":1.6,"skX":0,"skY":0,"pX":0,"scX":2.16},"colorTransform":{"aM":0,"rM":100,"aO":0,"gM":100,"rO":0,"bM":100,"gO":0,"bO":0},"tweenEasing":0},{"duration":41,"displayIndex":-1}],"offset":0}],"fadeInTime":0,"tweenEasing":null},{"autoTween":0,"timeline":[{"name":2,"scale":1,"frame":[{"duration":3,"displayIndex":-1},{"z":2,"duration":4,"transform":{"pY":0,"scY":1,"x":2,"y":0,"skX":0,"skY":0,"pX":0,"scX":1},"displayIndex":1,"tweenEasing":0},{"z":2,"duration":1,"transform":{"pY":0,"scY":1.39,"x":2,"y":0,"skX":0,"skY":0,"pX":0,"scX":1.39},"colorTransform":{"aM":0,"rM":100,"aO":0,"gM":100,"rO":0,"bM":100,"gO":0,"bO":0},"displayIndex":1},{"duration":2,"displayIndex":-1}],"offset":0},{"name":1,"scale":1,"frame":[{"z":3,"duration":3,"transform":{"pY":0,"scY":0.25,"x":0,"y":0,"skX":0,"skY":0,"pX":0,"scX":0.25},"colorTransform":{"aM":28,"rM":100,"aO":0,"gM":100,"rO":0,"bM":100,"gO":0,"bO":0},"displayIndex":1,"tweenEasing":0},{"z":3,"duration":2,"transform":{"pY":0,"scY":1.1,"x":2,"y":0,"skX":0,"skY":0,"pX":0,"scX":1.1},"colorTransform":{"aM":100,"rM":34,"aO":0,"gM":34,"rO":168,"bM":34,"gO":168,"bO":168},"displayIndex":1,"tweenEasing":0},{"z":3,"duration":2,"transform":{"pY":0,"scY":0.9,"x":1.5,"y":0,"skX":0,"skY":0,"pX":0,"scX":0.9},"displayIndex":1,"tweenEasing":0},{"z":3,"duration":2,"transform":{"pY":0,"scY":1.02,"x":2,"y":0,"skX":0,"skY":0,"pX":0,"scX":1.02},"displayIndex":1,"tweenEasing":0},{"z":3,"duration":1,"transform":{"pY":0,"scY":1,"x":2,"y":0,"skX":0,"skY":0,"pX":0,"scX":1},"displayIndex":1}],"offset":0}],"duration":10,"scale":1,"loop":1,"tweenEasing":null,"name":"ue_level_star","fadeInTime":0}]}],"version":2.3}