{"frameRate":30,"name":"b2zhuangtaidonghua","armature":[{"name":"b2zhuangtaiku/b2zhuangta","bone":[{"transform":{"skX":0,"scY":1,"x":-2.1,"skY":0,"y":-145.2,"scX":1},"name":12},{"transform":{"skX":0,"scY":1,"x":-1.15,"skY":0,"y":-68.7,"scX":1},"name":10},{"transform":{"skX":0,"scY":1,"x":39.2,"skY":0,"y":-62.5,"scX":-1},"name":9},{"transform":{"skX":0,"scY":1,"x":-21.65,"skY":0,"y":-104,"scX":1},"name":8},{"transform":{"skX":-4.42,"scY":1,"x":24.55,"skY":-4.42,"y":-143.3,"scX":-1},"name":7},{"transform":{"skX":0,"scY":1,"x":-48.6,"skY":0,"y":-38.7,"scX":1},"name":6},{"transform":{"skX":0,"scY":1,"x":-2.8,"skY":0,"y":-18,"scX":1},"name":13},{"transform":{"skX":0,"scY":1,"x":-48.6,"skY":0,"y":-38.7,"scX":1},"name":5},{"transform":{"skX":0,"scY":1,"x":39.2,"skY":0,"y":-62.5,"scX":-1},"name":4},{"transform":{"skX":0,"scY":1,"x":-21.65,"skY":0,"y":-104,"scX":1},"name":3},{"transform":{"skX":0,"scY":1,"x":-2.1,"skY":0,"y":-145.2,"scX":1},"name":11},{"transform":{"skX":-4.42,"scY":1,"x":24.55,"skY":-4.42,"y":-143.3,"scX":-1},"name":2},{"transform":{"skX":0.38,"scY":1,"x":-6.45,"skY":-0.46,"y":-181.75,"scX":1},"name":1}],"skin":[{"slot":[{"name":12,"z":1,"display":[{"transform":{"pY":16,"scY":1,"x":0,"y":0,"skX":0,"skY":0,"pX":17.5,"scX":1},"name":"b2zhuangtaiku/b2zhuangshi","type":"image"}],"parent":12},{"name":10,"z":3,"display":[{"transform":{"pY":73.5,"scY":1,"x":0,"y":0,"skX":0,"skY":0,"pX":44.5,"scX":1},"name":"b2zhuangtaiku/b2pingzi","type":"image"}],"parent":10},{"name":9,"z":4,"display":[{"transform":{"pY":17.2,"scY":1,"x":0,"y":0,"skX":0,"skY":0,"pX":10.95,"scX":1},"name":"b2zhuangtaiku/b2hudie","type":"image"}],"parent":9},{"name":8,"z":5,"display":[{"transform":{"pY":17.2,"scY":1,"x":0,"y":0,"skX":0,"skY":0,"pX":10.95,"scX":1},"name":"b2zhuangtaiku/b2hudie","type":"image"}],"parent":8},{"name":7,"z":6,"display":[{"transform":{"pY":17.2,"scY":1,"x":0,"y":0,"skX":0,"skY":0,"pX":10.95,"scX":1},"name":"b2zhuangtaiku/b2hudie","type":"image"}],"parent":7},{"name":6,"z":7,"display":[{"transform":{"pY":17.2,"scY":1,"x":0,"y":0,"skX":0,"skY":0,"pX":10.95,"scX":1},"name":"b2zhuangtaiku/b2hudie","type":"image"}],"parent":6},{"name":13,"z":0,"display":[{"transform":{"pY":6,"scY":1,"x":0,"y":0,"skX":0,"skY":0,"pX":31,"scX":1},"name":"b2zhuangtaiku/b2shui2","type":"image"},{"transform":{"pY":9,"scY":1,"x":0,"y":0,"skX":0,"skY":0,"pX":36.5,"scX":1},"name":"b2zhuangtaiku/b2shui3","type":"image"},{"transform":{"pY":12.5,"scY":1,"x":0,"y":0,"skX":0,"skY":0,"pX":42.5,"scX":1},"name":"b2zhuangtaiku/b2shui4","type":"image"},{"transform":{"pY":15.5,"scY":1,"x":0,"y":0,"skX":0,"skY":0,"pX":42.5,"scX":1},"name":"b2zhuangtaiku/b2shui5","type":"image"},{"transform":{"pY":19,"scY":1,"x":0,"y":0,"skX":0,"skY":0,"pX":42.5,"scX":1},"name":"b2zhuangtaiku/b2shui6","type":"image"},{"transform":{"pY":21.5,"scY":1,"x":0,"y":0,"skX":0,"skY":0,"pX":40,"scX":1},"name":"b2zhuangtaiku/b2shui7","type":"image"},{"transform":{"pY":2.5,"scY":1,"x":0,"y":0,"skX":0,"skY":0,"pX":14,"scX":1},"name":"b2zhuangtaiku/b2shui1","type":"image"},{"transform":{"pY":25,"scY":1,"x":0,"y":0,"skX":0,"skY":0,"pX":40.5,"scX":1},"name":"b2zhuangtaiku/b2shui8","type":"image"},{"transform":{"pY":28,"scY":1,"x":0,"y":0,"skX":0,"skY":0,"pX":40.5,"scX":1},"name":"b2zhuangtaiku/b2shui9","type":"image"},{"transform":{"pY":31,"scY":1,"x":0,"y":0,"skX":0,"skY":0,"pX":42.5,"scX":1},"name":"b2zhuangtaiku/b2shui10","type":"image"},{"transform":{"pY":34,"scY":1,"x":0,"y":0,"skX":0,"skY":0,"pX":40,"scX":1},"name":"b2zhuangtaiku/b2shui11","type":"image"},{"transform":{"pY":37.5,"scY":1,"x":0,"y":0,"skX":0,"skY":0,"pX":41,"scX":1},"name":"b2zhuangtaiku/b2shui12","type":"image"},{"transform":{"pY":41,"scY":1,"x":0,"y":0,"skX":0,"skY":0,"pX":40.5,"scX":1},"name":"b2zhuangtaiku/b2shui13","type":"image"},{"transform":{"pY":43,"scY":1,"x":0,"y":0,"skX":0,"skY":0,"pX":40.5,"scX":1},"name":"b2zhuangtaiku/b2shui14","type":"image"},{"transform":{"pY":46.5,"scY":1,"x":0,"y":0,"skX":0,"skY":0,"pX":40.5,"scX":1},"name":"b2zhuangtaiku/b2shui15","type":"image"},{"transform":{"pY":50,"scY":1,"x":0,"y":0,"skX":0,"skY":0,"pX":41,"scX":1},"name":"b2zhuangtaiku/b2shui16","type":"image"},{"transform":{"pY":53,"scY":1,"x":0,"y":0,"skX":0,"skY":0,"pX":40.5,"scX":1},"name":"b2zhuangtaiku/b2shui17","type":"image"},{"transform":{"pY":56,"scY":1,"x":0,"y":0,"skX":0,"skY":0,"pX":40.5,"scX":1},"name":"b2zhuangtaiku/b2shui18","type":"image"},{"transform":{"pY":59.5,"scY":1,"x":0,"y":0,"skX":0,"skY":0,"pX":42.5,"scX":1},"name":"b2zhuangtaiku/b2shui19","type":"image"},{"transform":{"pY":62.5,"scY":1,"x":0,"y":0,"skX":0,"skY":0,"pX":40,"scX":1},"name":"b2zhuangtaiku/b2shui20","type":"image"}],"parent":13},{"name":5,"z":8,"display":[{"transform":{"pY":22.5,"scY":1,"x":0,"y":0,"skX":0,"skY":0,"pX":17,"scX":1},"name":"b2zhuangtaiku/b2hudieliang","type":"image"}],"parent":5},{"name":4,"z":9,"display":[{"transform":{"pY":22.5,"scY":1,"x":0,"y":0,"skX":0,"skY":0,"pX":17,"scX":1},"name":"b2zhuangtaiku/b2hudieliang","type":"image"}],"parent":4},{"name":3,"z":10,"display":[{"transform":{"pY":22.5,"scY":1,"x":0,"y":0,"skX":0,"skY":0,"pX":17,"scX":1},"name":"b2zhuangtaiku/b2hudieliang","type":"image"}],"parent":3},{"name":11,"z":2,"display":[{"transform":{"pY":18.35,"scY":1,"x":0,"y":0,"skX":0,"skY":0,"pX":18.7,"scX":1},"name":"b2zhuangtaiku/b2zuangshiliang","type":"image"}],"parent":11},{"name":2,"z":11,"display":[{"transform":{"pY":22.5,"scY":1,"x":0,"y":0,"skX":0,"skY":0,"pX":17,"scX":1},"name":"b2zhuangtaiku/b2hudieliang","type":"image"}],"parent":2},{"name":1,"z":12,"display":[{"transform":{"pY":42.5,"scY":1,"x":0,"y":0,"skX":0,"skY":0,"pX":24,"scX":1},"name":"b2zhuangtaiku/b2guangdian11","type":"image"},{"transform":{"pY":41,"scY":1,"x":0,"y":0,"skX":0,"skY":0,"pX":28.5,"scX":1},"name":"b2zhuangtaiku/b2guangdian1","type":"image"},{"transform":{"pY":40,"scY":1,"x":0,"y":0,"skX":0,"skY":0,"pX":28.5,"scX":1},"name":"b2zhuangtaiku/b2guangdian2","type":"image"},{"transform":{"pY":37,"scY":1,"x":0,"y":0,"skX":0,"skY":0,"pX":28.5,"scX":1},"name":"b2zhuangtaiku/b2guangdian3","type":"image"},{"transform":{"pY":33.5,"scY":1,"x":0,"y":0,"skX":0,"skY":0,"pX":28.5,"scX":1},"name":"b2zhuangtaiku/b2guangdian4","type":"image"},{"transform":{"pY":30.5,"scY":1,"x":0,"y":0,"skX":0,"skY":0,"pX":29.5,"scX":1},"name":"b2zhuangtaiku/b2guangdian5","type":"image"},{"transform":{"pY":34.5,"scY":1,"x":0,"y":0,"skX":0,"skY":0,"pX":30,"scX":1},"name":"b2zhuangtaiku/b2guangdian6","type":"image"},{"transform":{"pY":28,"scY":1,"x":0,"y":0,"skX":0,"skY":0,"pX":28.5,"scX":1},"name":"b2zhuangtaiku/b2guangdian7","type":"image"},{"transform":{"pY":25,"scY":1,"x":0,"y":0,"skX":0,"skY":0,"pX":19.5,"scX":1},"name":"b2zhuangtaiku/b2guangdian8","type":"image"},{"transform":{"pY":26,"scY":1,"x":0,"y":0,"skX":0,"skY":0,"pX":18,"scX":1},"name":"b2zhuangtaiku/b2guangdian9","type":"image"},{"transform":{"pY":38,"scY":1,"x":0,"y":0,"skX":0,"skY":0,"pX":22.5,"scX":1},"name":"b2zhuangtaiku/b2guangdian10","type":"image"}],"parent":1}],"name":"default"}],"animation":[{"autoTween":1,"timeline":[{"name":12,"scale":1,"frame":[{"transform":{"pY":0,"scY":1,"x":-2.1,"y":-145.2,"skX":0,"skY":0,"pX":0,"scX":1},"z":1,"duration":1}],"offset":0},{"name":10,"scale":1,"frame":[{"transform":{"pY":0,"scY":1,"x":-1.15,"y":-68.7,"skX":0,"skY":0,"pX":0,"scX":1},"z":3,"duration":1}],"offset":0},{"name":9,"scale":1,"frame":[{"transform":{"pY":0,"scY":1,"x":39.2,"y":-62.5,"skX":0,"skY":0,"pX":0,"scX":-1},"z":4,"duration":1}],"offset":0},{"name":8,"scale":1,"frame":[{"transform":{"pY":0,"scY":1,"x":-21.65,"y":-104,"skX":0,"skY":0,"pX":0,"scX":1},"z":5,"duration":1}],"offset":0},{"name":7,"scale":1,"frame":[{"transform":{"pY":0,"scY":1,"x":24.55,"y":-143.3,"skX":-4.42,"skY":-4.42,"pX":0,"scX":-1},"z":6,"duration":1}],"offset":0},{"name":6,"scale":1,"frame":[{"transform":{"pY":0,"scY":1,"x":-48.6,"y":-38.7,"skX":0,"skY":0,"pX":0,"scX":1},"z":7,"duration":1}],"offset":0}],"duration":1,"scale":1,"loop":1,"tweenEasing":null,"name":"ui_bonus02_1","fadeInTime":0},{"autoTween":0,"name":"ui_bonus02_2_sheng","duration":6,"scale":1,"loop":1,"frame":[{"duration":5},{"duration":1}],"timeline":[{"name":13,"scale":1,"frame":[{"transform":{"pY":0,"scY":1,"x":-2.8,"y":-18,"skX":0,"skY":0,"pX":0,"scX":1},"z":0,"duration":1},{"z":0,"duration":1,"transform":{"pY":0,"scY":1,"x":-2.1,"y":-20.2,"skX":0,"skY":0,"pX":0,"scX":1},"displayIndex":1},{"z":0,"duration":1,"transform":{"pY":0,"scY":1,"x":-3.5,"y":-23.9,"skX":0,"skY":0,"pX":0,"scX":1},"displayIndex":2},{"z":0,"duration":1,"transform":{"pY":0,"scY":1,"x":-3.5,"y":-26.5,"skX":0,"skY":0,"pX":0,"scX":1},"displayIndex":3},{"z":0,"duration":1,"transform":{"pY":0,"scY":1,"x":-3.5,"y":-30.2,"skX":0,"skY":0,"pX":0,"scX":1},"displayIndex":4},{"z":0,"duration":1,"transform":{"pY":0,"scY":1,"x":-1.4,"y":-32.5,"skX":0,"skY":0,"pX":0,"scX":1},"displayIndex":5}],"offset":0},{"name":12,"scale":1,"frame":[{"transform":{"pY":0,"scY":1,"x":-2.1,"y":-145.2,"skX":0,"skY":0,"pX":0,"scX":1},"z":1,"duration":5},{"transform":{"pY":0,"scY":1,"x":-2.1,"y":-145.2,"skX":0,"skY":0,"pX":0,"scX":1},"z":1,"duration":1}],"offset":0},{"name":10,"scale":1,"frame":[{"transform":{"pY":0,"scY":1,"x":-1.15,"y":-68.7,"skX":0,"skY":0,"pX":0,"scX":1},"z":3,"duration":5},{"transform":{"pY":0,"scY":1,"x":-1.15,"y":-68.7,"skX":0,"skY":0,"pX":0,"scX":1},"z":3,"duration":1}],"offset":0},{"name":9,"scale":1,"frame":[{"transform":{"pY":0,"scY":1,"x":39.2,"y":-62.5,"skX":0,"skY":0,"pX":0,"scX":-1},"z":4,"duration":5},{"transform":{"pY":0,"scY":1,"x":39.2,"y":-62.5,"skX":0,"skY":0,"pX":0,"scX":-1},"z":4,"duration":1}],"offset":0},{"name":8,"scale":1,"frame":[{"transform":{"pY":0,"scY":1,"x":-21.65,"y":-104,"skX":0,"skY":0,"pX":0,"scX":1},"z":5,"duration":5},{"transform":{"pY":0,"scY":1,"x":-21.65,"y":-104,"skX":0,"skY":0,"pX":0,"scX":1},"z":5,"duration":1}],"offset":0},{"name":7,"scale":1,"frame":[{"transform":{"pY":0,"scY":1,"x":24.55,"y":-143.3,"skX":-4.42,"skY":-4.42,"pX":0,"scX":-1},"z":6,"duration":5},{"transform":{"pY":0,"scY":1,"x":24.55,"y":-143.3,"skX":-4.42,"skY":-4.42,"pX":0,"scX":-1},"z":6,"duration":1}],"offset":0},{"name":6,"scale":1,"frame":[{"transform":{"pY":0,"scY":1,"x":-48.6,"y":-38.7,"skX":0,"skY":0,"pX":0,"scX":1},"z":7,"duration":5},{"transform":{"pY":0,"scY":1,"x":-48.6,"y":-38.7,"skX":0,"skY":0,"pX":0,"scX":1},"z":7,"duration":1}],"offset":0},{"name":5,"scale":1,"frame":[{"duration":1,"displayIndex":-1},{"z":8,"duration":4,"transform":{"pY":0,"scY":1,"x":-48.6,"y":-38.7,"skX":0,"skY":0,"pX":0,"scX":1},"colorTransform":{"aM":0,"rM":100,"aO":0,"gM":100,"rO":0,"bM":100,"gO":0,"bO":0},"tweenEasing":0},{"transform":{"pY":0,"scY":1,"x":-48.6,"y":-38.7,"skX":0,"skY":0,"pX":0,"scX":1},"z":8,"duration":1}],"offset":0}],"fadeInTime":0,"tweenEasing":null},{"autoTween":0,"name":"ui_bonus02_2_jiang","duration":7,"scale":1,"loop":1,"frame":[{"duration":6},{"duration":1}],"timeline":[{"name":13,"scale":1,"frame":[{"z":0,"duration":1,"transform":{"pY":0,"scY":1,"x":-1.4,"y":-32.5,"skX":0,"skY":0,"pX":0,"scX":1},"displayIndex":5},{"z":0,"duration":1,"transform":{"pY":0,"scY":1,"x":-3.5,"y":-30.2,"skX":0,"skY":0,"pX":0,"scX":1},"displayIndex":4},{"z":0,"duration":1,"transform":{"pY":0,"scY":1,"x":-3.5,"y":-26.5,"skX":0,"skY":0,"pX":0,"scX":1},"displayIndex":3},{"z":0,"duration":1,"transform":{"pY":0,"scY":1,"x":-3.5,"y":-23.9,"skX":0,"skY":0,"pX":0,"scX":1},"displayIndex":2},{"z":0,"duration":1,"transform":{"pY":0,"scY":1,"x":-2.1,"y":-20.2,"skX":0,"skY":0,"pX":0,"scX":1},"displayIndex":1},{"transform":{"pY":0,"scY":1,"x":-2.8,"y":-18,"skX":0,"skY":0,"pX":0,"scX":1},"z":0,"duration":1},{"z":0,"duration":1,"transform":{"pY":0,"scY":1,"x":-0.6,"y":-14.3,"skX":0,"skY":0,"pX":0,"scX":1},"displayIndex":6}],"offset":0},{"name":12,"scale":1,"frame":[{"transform":{"pY":0,"scY":1,"x":-2.1,"y":-145.2,"skX":0,"skY":0,"pX":0,"scX":1},"z":1,"duration":6},{"transform":{"pY":0,"scY":1,"x":-2.1,"y":-145.2,"skX":0,"skY":0,"pX":0,"scX":1},"z":1,"duration":1}],"offset":0},{"name":10,"scale":1,"frame":[{"transform":{"pY":0,"scY":1,"x":-1.15,"y":-68.7,"skX":0,"skY":0,"pX":0,"scX":1},"z":3,"duration":6},{"transform":{"pY":0,"scY":1,"x":-1.15,"y":-68.7,"skX":0,"skY":0,"pX":0,"scX":1},"z":3,"duration":1}],"offset":0},{"name":9,"scale":1,"frame":[{"transform":{"pY":0,"scY":1,"x":39.2,"y":-62.5,"skX":0,"skY":0,"pX":0,"scX":-1},"z":4,"duration":6},{"transform":{"pY":0,"scY":1,"x":39.2,"y":-62.5,"skX":0,"skY":0,"pX":0,"scX":-1},"z":4,"duration":1}],"offset":0},{"name":8,"scale":1,"frame":[{"transform":{"pY":0,"scY":1,"x":-21.65,"y":-104,"skX":0,"skY":0,"pX":0,"scX":1},"z":5,"duration":6},{"transform":{"pY":0,"scY":1,"x":-21.65,"y":-104,"skX":0,"skY":0,"pX":0,"scX":1},"z":5,"duration":1}],"offset":0},{"name":7,"scale":1,"frame":[{"transform":{"pY":0,"scY":1,"x":24.55,"y":-143.3,"skX":-4.42,"skY":-4.42,"pX":0,"scX":-1},"z":6,"duration":6},{"transform":{"pY":0,"scY":1,"x":24.55,"y":-143.3,"skX":-4.42,"skY":-4.42,"pX":0,"scX":-1},"z":6,"duration":1}],"offset":0},{"name":6,"scale":1,"frame":[{"transform":{"pY":0,"scY":1,"x":-48.6,"y":-38.7,"skX":0,"skY":0,"pX":0,"scX":1},"z":7,"duration":6},{"transform":{"pY":0,"scY":1,"x":-48.6,"y":-38.7,"skX":0,"skY":0,"pX":0,"scX":1},"z":7,"duration":1}],"offset":0},{"name":5,"scale":1,"frame":[{"z":8,"duration":4,"transform":{"pY":0,"scY":1,"x":-48.6,"y":-38.7,"skX":0,"skY":0,"pX":0,"scX":1},"tweenEasing":0},{"z":8,"duration":1,"transform":{"pY":0,"scY":1,"x":-48.6,"y":-38.7,"skX":0,"skY":0,"pX":0,"scX":1},"colorTransform":{"aM":0,"rM":100,"aO":0,"gM":100,"rO":0,"bM":100,"gO":0,"bO":0}},{"duration":2,"displayIndex":-1}],"offset":0}],"fadeInTime":0,"tweenEasing":null},{"autoTween":0,"name":"ui_bonus02_3_sheng","duration":7,"scale":1,"loop":1,"frame":[{"duration":6},{"duration":1}],"timeline":[{"name":13,"scale":1,"frame":[{"z":0,"duration":1,"transform":{"pY":0,"scY":1,"x":-1.4,"y":-32.5,"skX":0,"skY":0,"pX":0,"scX":1},"displayIndex":5},{"z":0,"duration":1,"transform":{"pY":0,"scY":1,"x":-1.7,"y":-35.8,"skX":0,"skY":0,"pX":0,"scX":1},"displayIndex":7},{"z":0,"duration":1,"transform":{"pY":0,"scY":1,"x":-1.3,"y":-38.8,"skX":0,"skY":0,"pX":0,"scX":1},"displayIndex":8},{"z":0,"duration":1,"transform":{"pY":0,"scY":1,"x":-3.5,"y":-42.2,"skX":0,"skY":0,"pX":0,"scX":1},"displayIndex":9},{"z":0,"duration":1,"transform":{"pY":0,"scY":1,"x":-3.5,"y":-42.2,"skX":0,"skY":0,"pX":0,"scX":1},"displayIndex":9},{"z":0,"duration":1,"transform":{"pY":0,"scY":1,"x":-3.5,"y":-42.2,"skX":0,"skY":0,"pX":0,"scX":1},"displayIndex":9},{"z":0,"duration":1,"transform":{"pY":0,"scY":1,"x":-3.5,"y":-42.2,"skX":0,"skY":0,"pX":0,"scX":1},"displayIndex":9}],"offset":0},{"name":12,"scale":1,"frame":[{"transform":{"pY":0,"scY":1,"x":-2.1,"y":-145.2,"skX":0,"skY":0,"pX":0,"scX":1},"z":1,"duration":6},{"transform":{"pY":0,"scY":1,"x":-2.1,"y":-145.2,"skX":0,"skY":0,"pX":0,"scX":1},"z":1,"duration":1}],"offset":0},{"name":10,"scale":1,"frame":[{"transform":{"pY":0,"scY":1,"x":-1.15,"y":-68.7,"skX":0,"skY":0,"pX":0,"scX":1},"z":3,"duration":6},{"transform":{"pY":0,"scY":1,"x":-1.15,"y":-68.7,"skX":0,"skY":0,"pX":0,"scX":1},"z":3,"duration":1}],"offset":0},{"name":9,"scale":1,"frame":[{"transform":{"pY":0,"scY":1,"x":39.2,"y":-62.5,"skX":0,"skY":0,"pX":0,"scX":-1},"z":4,"duration":6},{"transform":{"pY":0,"scY":1,"x":39.2,"y":-62.5,"skX":0,"skY":0,"pX":0,"scX":-1},"z":4,"duration":1}],"offset":0},{"name":8,"scale":1,"frame":[{"transform":{"pY":0,"scY":1,"x":-21.65,"y":-104,"skX":0,"skY":0,"pX":0,"scX":1},"z":5,"duration":6},{"transform":{"pY":0,"scY":1,"x":-21.65,"y":-104,"skX":0,"skY":0,"pX":0,"scX":1},"z":5,"duration":1}],"offset":0},{"name":7,"scale":1,"frame":[{"transform":{"pY":0,"scY":1,"x":24.55,"y":-143.3,"skX":-4.42,"skY":-4.42,"pX":0,"scX":-1},"z":6,"duration":6},{"transform":{"pY":0,"scY":1,"x":24.55,"y":-143.3,"skX":-4.42,"skY":-4.42,"pX":0,"scX":-1},"z":6,"duration":1}],"offset":0},{"name":6,"scale":1,"frame":[{"transform":{"pY":0,"scY":1,"x":-48.6,"y":-38.7,"skX":0,"skY":0,"pX":0,"scX":1},"z":7,"duration":6},{"transform":{"pY":0,"scY":1,"x":-48.6,"y":-38.7,"skX":0,"skY":0,"pX":0,"scX":1},"z":7,"duration":1}],"offset":0},{"name":5,"scale":1,"frame":[{"transform":{"pY":0,"scY":1,"x":-48.6,"y":-38.7,"skX":0,"skY":0,"pX":0,"scX":1},"z":8,"duration":6},{"transform":{"pY":0,"scY":1,"x":-48.6,"y":-38.7,"skX":0,"skY":0,"pX":0,"scX":1},"z":8,"duration":1}],"offset":0},{"name":4,"scale":1,"frame":[{"duration":2,"displayIndex":-1},{"z":9,"duration":4,"transform":{"pY":0,"scY":1,"x":39.2,"y":-62.5,"skX":0,"skY":0,"pX":0,"scX":-1},"colorTransform":{"aM":0,"rM":100,"aO":0,"gM":100,"rO":0,"bM":100,"gO":0,"bO":0},"tweenEasing":0},{"transform":{"pY":0,"scY":1,"x":39.2,"y":-62.5,"skX":0,"skY":0,"pX":0,"scX":-1},"z":9,"duration":1}],"offset":0}],"fadeInTime":0,"tweenEasing":null},{"autoTween":0,"name":"ui_bonus02_3_jiang","duration":10,"scale":1,"loop":1,"frame":[{"duration":9},{"duration":1}],"timeline":[{"name":13,"scale":1,"frame":[{"z":0,"duration":1,"transform":{"pY":0,"scY":1,"x":-3.5,"y":-42.2,"skX":0,"skY":0,"pX":0,"scX":1},"displayIndex":9},{"z":0,"duration":1,"transform":{"pY":0,"scY":1,"x":-1.3,"y":-38.8,"skX":0,"skY":0,"pX":0,"scX":1},"displayIndex":8},{"z":0,"duration":1,"transform":{"pY":0,"scY":1,"x":-1.7,"y":-35.8,"skX":0,"skY":0,"pX":0,"scX":1},"displayIndex":7},{"z":0,"duration":1,"transform":{"pY":0,"scY":1,"x":-1.4,"y":-32.5,"skX":0,"skY":0,"pX":0,"scX":1},"displayIndex":5},{"z":0,"duration":1,"transform":{"pY":0,"scY":1,"x":-3.5,"y":-30.2,"skX":0,"skY":0,"pX":0,"scX":1},"displayIndex":4},{"z":0,"duration":1,"transform":{"pY":0,"scY":1,"x":-3.5,"y":-26.5,"skX":0,"skY":0,"pX":0,"scX":1},"displayIndex":3},{"z":0,"duration":1,"transform":{"pY":0,"scY":1,"x":-3.5,"y":-23.9,"skX":0,"skY":0,"pX":0,"scX":1},"displayIndex":2},{"z":0,"duration":1,"transform":{"pY":0,"scY":1,"x":-2.1,"y":-20.2,"skX":0,"skY":0,"pX":0,"scX":1},"displayIndex":1},{"transform":{"pY":0,"scY":1,"x":-2.8,"y":-18,"skX":0,"skY":0,"pX":0,"scX":1},"z":0,"duration":1},{"z":0,"duration":1,"transform":{"pY":0,"scY":1,"x":-0.6,"y":-14.3,"skX":0,"skY":0,"pX":0,"scX":1},"displayIndex":6}],"offset":0},{"name":12,"scale":1,"frame":[{"transform":{"pY":0,"scY":1,"x":-2.1,"y":-145.2,"skX":0,"skY":0,"pX":0,"scX":1},"z":1,"duration":9},{"transform":{"pY":0,"scY":1,"x":-2.1,"y":-145.2,"skX":0,"skY":0,"pX":0,"scX":1},"z":1,"duration":1}],"offset":0},{"name":10,"scale":1,"frame":[{"transform":{"pY":0,"scY":1,"x":-1.15,"y":-68.7,"skX":0,"skY":0,"pX":0,"scX":1},"z":3,"duration":9},{"transform":{"pY":0,"scY":1,"x":-1.15,"y":-68.7,"skX":0,"skY":0,"pX":0,"scX":1},"z":3,"duration":1}],"offset":0},{"name":9,"scale":1,"frame":[{"transform":{"pY":0,"scY":1,"x":39.2,"y":-62.5,"skX":0,"skY":0,"pX":0,"scX":-1},"z":4,"duration":9},{"transform":{"pY":0,"scY":1,"x":39.2,"y":-62.5,"skX":0,"skY":0,"pX":0,"scX":-1},"z":4,"duration":1}],"offset":0},{"name":8,"scale":1,"frame":[{"transform":{"pY":0,"scY":1,"x":-21.65,"y":-104,"skX":0,"skY":0,"pX":0,"scX":1},"z":5,"duration":9},{"transform":{"pY":0,"scY":1,"x":-21.65,"y":-104,"skX":0,"skY":0,"pX":0,"scX":1},"z":5,"duration":1}],"offset":0},{"name":7,"scale":1,"frame":[{"transform":{"pY":0,"scY":1,"x":24.55,"y":-143.3,"skX":-4.42,"skY":-4.42,"pX":0,"scX":-1},"z":6,"duration":9},{"transform":{"pY":0,"scY":1,"x":24.55,"y":-143.3,"skX":-4.42,"skY":-4.42,"pX":0,"scX":-1},"z":6,"duration":1}],"offset":0},{"name":6,"scale":1,"frame":[{"transform":{"pY":0,"scY":1,"x":-48.6,"y":-38.7,"skX":0,"skY":0,"pX":0,"scX":1},"z":7,"duration":9},{"transform":{"pY":0,"scY":1,"x":-48.6,"y":-38.7,"skX":0,"skY":0,"pX":0,"scX":1},"z":7,"duration":1}],"offset":0},{"name":5,"scale":1,"frame":[{"transform":{"pY":0,"scY":1,"x":-48.6,"y":-38.7,"skX":0,"skY":0,"pX":0,"scX":1},"z":8,"duration":4},{"z":8,"duration":4,"transform":{"pY":0,"scY":1,"x":-48.6,"y":-38.7,"skX":0,"skY":0,"pX":0,"scX":1},"tweenEasing":0},{"z":8,"duration":1,"transform":{"pY":0,"scY":1,"x":-48.6,"y":-38.7,"skX":0,"skY":0,"pX":0,"scX":1},"colorTransform":{"aM":0,"rM":100,"aO":0,"gM":100,"rO":0,"bM":100,"gO":0,"bO":0}},{"duration":1,"displayIndex":-1}],"offset":0},{"name":4,"scale":1,"frame":[{"z":9,"duration":4,"transform":{"pY":0,"scY":1,"x":39.2,"y":-62.5,"skX":0,"skY":0,"pX":0,"scX":-1},"tweenEasing":0},{"z":9,"duration":1,"transform":{"pY":0,"scY":1,"x":39.2,"y":-62.5,"skX":0,"skY":0,"pX":0,"scX":-1},"colorTransform":{"aM":0,"rM":100,"aO":0,"gM":100,"rO":0,"bM":100,"gO":0,"bO":0},"tweenEasing":0},{"duration":5,"displayIndex":-1}],"offset":0}],"fadeInTime":0,"tweenEasing":null},{"autoTween":0,"name":"ui_bonus02_4_sheng","duration":8,"scale":1,"loop":1,"frame":[{"duration":7},{"duration":1}],"timeline":[{"name":13,"scale":1,"frame":[{"z":0,"duration":1,"transform":{"pY":0,"scY":1,"x":-3.5,"y":-42.2,"skX":0,"skY":0,"pX":0,"scX":1},"displayIndex":9},{"z":0,"duration":1,"transform":{"pY":0,"scY":1,"x":-1.4,"y":-44.8,"skX":0,"skY":0,"pX":0,"scX":1},"displayIndex":10},{"z":0,"duration":1,"transform":{"pY":0,"scY":1,"x":-1.6,"y":-48.5,"skX":0,"skY":0,"pX":0,"scX":1},"displayIndex":11},{"z":0,"duration":1,"transform":{"pY":0,"scY":1,"x":-1.3,"y":-51.4,"skX":0,"skY":0,"pX":0,"scX":1},"displayIndex":12},{"z":0,"duration":1,"transform":{"pY":0,"scY":1,"x":-1.7,"y":-54.6,"skX":0,"skY":0,"pX":0,"scX":1},"displayIndex":13},{"z":0,"duration":1,"transform":{"pY":0,"scY":1,"x":-1.3,"y":-57.9,"skX":0,"skY":0,"pX":0,"scX":1},"displayIndex":14},{"z":0,"duration":1,"transform":{"pY":0,"scY":1,"x":-1.6,"y":-60.8,"skX":0,"skY":0,"pX":0,"scX":1},"displayIndex":15},{"z":0,"duration":1,"transform":{"pY":0,"scY":1,"x":-1.6,"y":-60.8,"skX":0,"skY":0,"pX":0,"scX":1},"displayIndex":15}],"offset":0},{"name":12,"scale":1,"frame":[{"transform":{"pY":0,"scY":1,"x":-2.1,"y":-145.2,"skX":0,"skY":0,"pX":0,"scX":1},"z":1,"duration":7},{"transform":{"pY":0,"scY":1,"x":-2.1,"y":-145.2,"skX":0,"skY":0,"pX":0,"scX":1},"z":1,"duration":1}],"offset":0},{"name":10,"scale":1,"frame":[{"transform":{"pY":0,"scY":1,"x":-1.15,"y":-68.7,"skX":0,"skY":0,"pX":0,"scX":1},"z":3,"duration":7},{"transform":{"pY":0,"scY":1,"x":-1.15,"y":-68.7,"skX":0,"skY":0,"pX":0,"scX":1},"z":3,"duration":1}],"offset":0},{"name":9,"scale":1,"frame":[{"transform":{"pY":0,"scY":1,"x":39.2,"y":-62.5,"skX":0,"skY":0,"pX":0,"scX":-1},"z":4,"duration":7},{"transform":{"pY":0,"scY":1,"x":39.2,"y":-62.5,"skX":0,"skY":0,"pX":0,"scX":-1},"z":4,"duration":1}],"offset":0},{"name":8,"scale":1,"frame":[{"transform":{"pY":0,"scY":1,"x":-21.65,"y":-104,"skX":0,"skY":0,"pX":0,"scX":1},"z":5,"duration":7},{"transform":{"pY":0,"scY":1,"x":-21.65,"y":-104,"skX":0,"skY":0,"pX":0,"scX":1},"z":5,"duration":1}],"offset":0},{"name":7,"scale":1,"frame":[{"transform":{"pY":0,"scY":1,"x":24.55,"y":-143.3,"skX":-4.42,"skY":-4.42,"pX":0,"scX":-1},"z":6,"duration":7},{"transform":{"pY":0,"scY":1,"x":24.55,"y":-143.3,"skX":-4.42,"skY":-4.42,"pX":0,"scX":-1},"z":6,"duration":1}],"offset":0},{"name":6,"scale":1,"frame":[{"transform":{"pY":0,"scY":1,"x":-48.6,"y":-38.7,"skX":0,"skY":0,"pX":0,"scX":1},"z":7,"duration":7},{"transform":{"pY":0,"scY":1,"x":-48.6,"y":-38.7,"skX":0,"skY":0,"pX":0,"scX":1},"z":7,"duration":1}],"offset":0},{"name":5,"scale":1,"frame":[{"transform":{"pY":0,"scY":1,"x":-48.6,"y":-38.7,"skX":0,"skY":0,"pX":0,"scX":1},"z":8,"duration":7},{"transform":{"pY":0,"scY":1,"x":-48.6,"y":-38.7,"skX":0,"skY":0,"pX":0,"scX":1},"z":8,"duration":1}],"offset":0},{"name":4,"scale":1,"frame":[{"transform":{"pY":0,"scY":1,"x":39.2,"y":-62.5,"skX":0,"skY":0,"pX":0,"scX":-1},"z":9,"duration":7},{"transform":{"pY":0,"scY":1,"x":39.2,"y":-62.5,"skX":0,"skY":0,"pX":0,"scX":-1},"z":9,"duration":1}],"offset":0},{"name":3,"scale":1,"frame":[{"duration":3,"displayIndex":-1},{"z":10,"duration":4,"transform":{"pY":0,"scY":1,"x":-21.65,"y":-104,"skX":0,"skY":0,"pX":0,"scX":1},"colorTransform":{"aM":0,"rM":100,"aO":0,"gM":100,"rO":0,"bM":100,"gO":0,"bO":0},"tweenEasing":0},{"transform":{"pY":0,"scY":1,"x":-21.65,"y":-104,"skX":0,"skY":0,"pX":0,"scX":1},"z":10,"duration":1}],"offset":0}],"fadeInTime":0,"tweenEasing":null},{"autoTween":0,"name":"ui_bonus02_4_jiang","duration":16,"scale":1,"loop":1,"frame":[{"duration":15},{"duration":1}],"timeline":[{"name":13,"scale":1,"frame":[{"z":0,"duration":1,"transform":{"pY":0,"scY":1,"x":-1.6,"y":-60.8,"skX":0,"skY":0,"pX":0,"scX":1},"displayIndex":15},{"z":0,"duration":1,"transform":{"pY":0,"scY":1,"x":-1.3,"y":-57.9,"skX":0,"skY":0,"pX":0,"scX":1},"displayIndex":14},{"z":0,"duration":1,"transform":{"pY":0,"scY":1,"x":-1.7,"y":-54.6,"skX":0,"skY":0,"pX":0,"scX":1},"displayIndex":13},{"z":0,"duration":1,"transform":{"pY":0,"scY":1,"x":-1.3,"y":-51.4,"skX":0,"skY":0,"pX":0,"scX":1},"displayIndex":12},{"z":0,"duration":1,"transform":{"pY":0,"scY":1,"x":-1.6,"y":-48.5,"skX":0,"skY":0,"pX":0,"scX":1},"displayIndex":11},{"z":0,"duration":1,"transform":{"pY":0,"scY":1,"x":-1.4,"y":-44.8,"skX":0,"skY":0,"pX":0,"scX":1},"displayIndex":10},{"z":0,"duration":1,"transform":{"pY":0,"scY":1,"x":-3.5,"y":-42.2,"skX":0,"skY":0,"pX":0,"scX":1},"displayIndex":9},{"z":0,"duration":1,"transform":{"pY":0,"scY":1,"x":-1.3,"y":-38.8,"skX":0,"skY":0,"pX":0,"scX":1},"displayIndex":8},{"z":0,"duration":1,"transform":{"pY":0,"scY":1,"x":-1.7,"y":-35.8,"skX":0,"skY":0,"pX":0,"scX":1},"displayIndex":7},{"z":0,"duration":1,"transform":{"pY":0,"scY":1,"x":-1.4,"y":-32.5,"skX":0,"skY":0,"pX":0,"scX":1},"displayIndex":5},{"z":0,"duration":1,"transform":{"pY":0,"scY":1,"x":-3.5,"y":-30.2,"skX":0,"skY":0,"pX":0,"scX":1},"displayIndex":4},{"z":0,"duration":1,"transform":{"pY":0,"scY":1,"x":-3.5,"y":-26.5,"skX":0,"skY":0,"pX":0,"scX":1},"displayIndex":3},{"z":0,"duration":1,"transform":{"pY":0,"scY":1,"x":-3.5,"y":-23.9,"skX":0,"skY":0,"pX":0,"scX":1},"displayIndex":2},{"z":0,"duration":1,"transform":{"pY":0,"scY":1,"x":-2.1,"y":-20.2,"skX":0,"skY":0,"pX":0,"scX":1},"displayIndex":1},{"transform":{"pY":0,"scY":1,"x":-2.8,"y":-18,"skX":0,"skY":0,"pX":0,"scX":1},"z":0,"duration":1},{"z":0,"duration":1,"transform":{"pY":0,"scY":1,"x":-0.6,"y":-14.3,"skX":0,"skY":0,"pX":0,"scX":1},"displayIndex":6}],"offset":0},{"name":12,"scale":1,"frame":[{"transform":{"pY":0,"scY":1,"x":-2.1,"y":-145.2,"skX":0,"skY":0,"pX":0,"scX":1},"z":1,"duration":15},{"transform":{"pY":0,"scY":1,"x":-2.1,"y":-145.2,"skX":0,"skY":0,"pX":0,"scX":1},"z":1,"duration":1}],"offset":0},{"name":10,"scale":1,"frame":[{"transform":{"pY":0,"scY":1,"x":-1.15,"y":-68.7,"skX":0,"skY":0,"pX":0,"scX":1},"z":3,"duration":15},{"transform":{"pY":0,"scY":1,"x":-1.15,"y":-68.7,"skX":0,"skY":0,"pX":0,"scX":1},"z":3,"duration":1}],"offset":0},{"name":9,"scale":1,"frame":[{"transform":{"pY":0,"scY":1,"x":39.2,"y":-62.5,"skX":0,"skY":0,"pX":0,"scX":-1},"z":4,"duration":15},{"transform":{"pY":0,"scY":1,"x":39.2,"y":-62.5,"skX":0,"skY":0,"pX":0,"scX":-1},"z":4,"duration":1}],"offset":0},{"name":8,"scale":1,"frame":[{"transform":{"pY":0,"scY":1,"x":-21.65,"y":-104,"skX":0,"skY":0,"pX":0,"scX":1},"z":5,"duration":15},{"transform":{"pY":0,"scY":1,"x":-21.65,"y":-104,"skX":0,"skY":0,"pX":0,"scX":1},"z":5,"duration":1}],"offset":0},{"name":7,"scale":1,"frame":[{"transform":{"pY":0,"scY":1,"x":24.55,"y":-143.3,"skX":-4.42,"skY":-4.42,"pX":0,"scX":-1},"z":6,"duration":15},{"transform":{"pY":0,"scY":1,"x":24.55,"y":-143.3,"skX":-4.42,"skY":-4.42,"pX":0,"scX":-1},"z":6,"duration":1}],"offset":0},{"name":6,"scale":1,"frame":[{"transform":{"pY":0,"scY":1,"x":-48.6,"y":-38.7,"skX":0,"skY":0,"pX":0,"scX":1},"z":7,"duration":15},{"transform":{"pY":0,"scY":1,"x":-48.6,"y":-38.7,"skX":0,"skY":0,"pX":0,"scX":1},"z":7,"duration":1}],"offset":0},{"name":5,"scale":1,"frame":[{"transform":{"pY":0,"scY":1,"x":-48.6,"y":-38.7,"skX":0,"skY":0,"pX":0,"scX":1},"z":8,"duration":10},{"z":8,"duration":4,"transform":{"pY":0,"scY":1,"x":-48.6,"y":-38.7,"skX":0,"skY":0,"pX":0,"scX":1},"tweenEasing":0},{"z":8,"duration":1,"transform":{"pY":0,"scY":1,"x":-48.6,"y":-38.7,"skX":0,"skY":0,"pX":0,"scX":1},"colorTransform":{"aM":0,"rM":100,"aO":0,"gM":100,"rO":0,"bM":100,"gO":0,"bO":0}},{"duration":1,"displayIndex":-1}],"offset":0},{"name":4,"scale":1,"frame":[{"transform":{"pY":0,"scY":1,"x":39.2,"y":-62.5,"skX":0,"skY":0,"pX":0,"scX":-1},"z":9,"duration":6},{"z":9,"duration":4,"transform":{"pY":0,"scY":1,"x":39.2,"y":-62.5,"skX":0,"skY":0,"pX":0,"scX":-1},"tweenEasing":0},{"z":9,"duration":1,"transform":{"pY":0,"scY":1,"x":39.2,"y":-62.5,"skX":0,"skY":0,"pX":0,"scX":-1},"colorTransform":{"aM":0,"rM":100,"aO":0,"gM":100,"rO":0,"bM":100,"gO":0,"bO":0},"tweenEasing":0},{"duration":5,"displayIndex":-1}],"offset":0},{"name":3,"scale":1,"frame":[{"z":10,"duration":4,"transform":{"pY":0,"scY":1,"x":-21.65,"y":-104,"skX":0,"skY":0,"pX":0,"scX":1},"tweenEasing":0},{"z":10,"duration":1,"transform":{"pY":0,"scY":1,"x":-21.65,"y":-104,"skX":0,"skY":0,"pX":0,"scX":1},"colorTransform":{"aM":0,"rM":100,"aO":0,"gM":100,"rO":0,"bM":100,"gO":0,"bO":0},"tweenEasing":0},{"duration":11,"displayIndex":-1}],"offset":0}],"fadeInTime":0,"tweenEasing":null},{"autoTween":0,"name":"ui_bonus02_5_sheng","duration":10,"scale":1,"loop":1,"frame":[{"duration":9},{"duration":1}],"timeline":[{"name":13,"scale":1,"frame":[{"z":0,"duration":1,"transform":{"pY":0,"scY":1,"x":-1.6,"y":-60.8,"skX":0,"skY":0,"pX":0,"scX":1},"displayIndex":15},{"z":0,"duration":1,"transform":{"pY":0,"scY":1,"x":-1.3,"y":-63.8,"skX":0,"skY":0,"pX":0,"scX":1},"displayIndex":16},{"z":0,"duration":1,"transform":{"pY":0,"scY":1,"x":-1.7,"y":-66.8,"skX":0,"skY":0,"pX":0,"scX":1},"displayIndex":17},{"z":0,"duration":1,"transform":{"pY":0,"scY":1,"x":-3.5,"y":-69.7,"skX":0,"skY":0,"pX":0,"scX":1},"displayIndex":18},{"z":0,"duration":5,"transform":{"pY":0,"scY":1,"x":-1.4,"y":-73.75,"skX":0,"skY":0,"pX":0,"scX":1},"displayIndex":19},{"z":0,"duration":1,"transform":{"pY":0,"scY":1,"x":-1.4,"y":-73.75,"skX":0,"skY":0,"pX":0,"scX":1},"displayIndex":19}],"offset":0},{"name":12,"scale":1,"frame":[{"transform":{"pY":0,"scY":1,"x":-2.1,"y":-145.2,"skX":0,"skY":0,"pX":0,"scX":1},"z":1,"duration":9},{"transform":{"pY":0,"scY":1,"x":-2.1,"y":-145.2,"skX":0,"skY":0,"pX":0,"scX":1},"z":1,"duration":1}],"offset":0},{"name":11,"scale":1,"frame":[{"duration":5,"displayIndex":-1},{"z":2,"duration":4,"transform":{"pY":0,"scY":1,"x":-2.1,"y":-145.2,"skX":0,"skY":0,"pX":0,"scX":1},"colorTransform":{"aM":0,"rM":100,"aO":0,"gM":100,"rO":0,"bM":100,"gO":0,"bO":0},"tweenEasing":0},{"transform":{"pY":0,"scY":1,"x":-2.1,"y":-145.2,"skX":0,"skY":0,"pX":0,"scX":1},"z":2,"duration":1}],"offset":0},{"name":10,"scale":1,"frame":[{"transform":{"pY":0,"scY":1,"x":-1.15,"y":-68.7,"skX":0,"skY":0,"pX":0,"scX":1},"z":3,"duration":9},{"transform":{"pY":0,"scY":1,"x":-1.15,"y":-68.7,"skX":0,"skY":0,"pX":0,"scX":1},"z":3,"duration":1}],"offset":0},{"name":9,"scale":1,"frame":[{"transform":{"pY":0,"scY":1,"x":39.2,"y":-62.5,"skX":0,"skY":0,"pX":0,"scX":-1},"z":4,"duration":9},{"transform":{"pY":0,"scY":1,"x":39.2,"y":-62.5,"skX":0,"skY":0,"pX":0,"scX":-1},"z":4,"duration":1}],"offset":0},{"name":8,"scale":1,"frame":[{"transform":{"pY":0,"scY":1,"x":-21.65,"y":-104,"skX":0,"skY":0,"pX":0,"scX":1},"z":5,"duration":9},{"transform":{"pY":0,"scY":1,"x":-21.65,"y":-104,"skX":0,"skY":0,"pX":0,"scX":1},"z":5,"duration":1}],"offset":0},{"name":7,"scale":1,"frame":[{"transform":{"pY":0,"scY":1,"x":24.55,"y":-143.3,"skX":-4.42,"skY":-4.42,"pX":0,"scX":-1},"z":6,"duration":9},{"transform":{"pY":0,"scY":1,"x":24.55,"y":-143.3,"skX":-4.42,"skY":-4.42,"pX":0,"scX":-1},"z":6,"duration":1}],"offset":0},{"name":6,"scale":1,"frame":[{"transform":{"pY":0,"scY":1,"x":-48.6,"y":-38.7,"skX":0,"skY":0,"pX":0,"scX":1},"z":7,"duration":9},{"transform":{"pY":0,"scY":1,"x":-48.6,"y":-38.7,"skX":0,"skY":0,"pX":0,"scX":1},"z":7,"duration":1}],"offset":0},{"name":5,"scale":1,"frame":[{"transform":{"pY":0,"scY":1,"x":-48.6,"y":-38.7,"skX":0,"skY":0,"pX":0,"scX":1},"z":8,"duration":9},{"transform":{"pY":0,"scY":1,"x":-48.6,"y":-38.7,"skX":0,"skY":0,"pX":0,"scX":1},"z":8,"duration":1}],"offset":0},{"name":4,"scale":1,"frame":[{"transform":{"pY":0,"scY":1,"x":39.2,"y":-62.5,"skX":0,"skY":0,"pX":0,"scX":-1},"z":9,"duration":9},{"transform":{"pY":0,"scY":1,"x":39.2,"y":-62.5,"skX":0,"skY":0,"pX":0,"scX":-1},"z":9,"duration":1}],"offset":0},{"name":3,"scale":1,"frame":[{"transform":{"pY":0,"scY":1,"x":-21.65,"y":-104,"skX":0,"skY":0,"pX":0,"scX":1},"z":10,"duration":9},{"transform":{"pY":0,"scY":1,"x":-21.65,"y":-104,"skX":0,"skY":0,"pX":0,"scX":1},"z":10,"duration":1}],"offset":0},{"name":2,"scale":1,"frame":[{"duration":2,"displayIndex":-1},{"z":11,"duration":4,"transform":{"pY":0,"scY":1,"x":24.55,"y":-143.3,"skX":-4.42,"skY":-4.42,"pX":0,"scX":-1},"colorTransform":{"aM":0,"rM":100,"aO":0,"gM":100,"rO":0,"bM":100,"gO":0,"bO":0},"tweenEasing":0},{"transform":{"pY":0,"scY":1,"x":24.55,"y":-143.3,"skX":-4.42,"skY":-4.42,"pX":0,"scX":-1},"z":11,"duration":3},{"transform":{"pY":0,"scY":1,"x":24.55,"y":-143.3,"skX":-4.42,"skY":-4.42,"pX":0,"scX":-1},"z":11,"duration":1}],"offset":0},{"name":1,"scale":1,"frame":[{"duration":5,"displayIndex":-1},{"z":12,"duration":1,"transform":{"pY":0,"scY":1,"x":-2.95,"y":-173.9,"skX":0.38,"skY":-0.46,"pX":0,"scX":1},"colorTransform":{"aM":0,"rM":100,"aO":0,"gM":100,"rO":0,"bM":100,"gO":0,"bO":0},"tweenEasing":0},{"z":12,"duration":1,"transform":{"pY":0,"scY":1,"x":-6.8,"y":-175.7,"skX":0.28,"skY":-0.3,"pX":0,"scX":1},"colorTransform":{"aM":45,"rM":100,"aO":0,"gM":100,"rO":0,"bM":100,"gO":0,"bO":0},"displayIndex":1,"tweenEasing":0},{"z":12,"duration":1,"transform":{"pY":0,"scY":1,"x":-6.8,"y":-175.7,"skX":0.28,"skY":-0.3,"pX":0,"scX":1},"colorTransform":{"aM":75,"rM":100,"aO":0,"gM":100,"rO":0,"bM":100,"gO":0,"bO":0},"displayIndex":1,"tweenEasing":0},{"z":12,"duration":1,"transform":{"pY":0,"scY":1,"x":-7.35,"y":-177.55,"skX":0.28,"skY":-0.3,"pX":0,"scX":1},"colorTransform":{"aM":90,"rM":100,"aO":0,"gM":100,"rO":0,"bM":100,"gO":0,"bO":0},"displayIndex":2,"tweenEasing":0},{"z":12,"duration":1,"transform":{"pY":0,"scY":1,"x":-7.35,"y":-177.55,"skX":0.38,"skY":-0.46,"pX":0,"scX":1},"displayIndex":2}],"offset":0}],"fadeInTime":0,"tweenEasing":null},{"autoTween":0,"name":"ui_bonus02_5_xunhuan","duration":21,"scale":1,"loop":5,"frame":[{"duration":20},{"duration":1}],"timeline":[{"name":13,"scale":1,"frame":[{"z":0,"duration":20,"transform":{"pY":0,"scY":1,"x":-1.4,"y":-73.75,"skX":0,"skY":0,"pX":0,"scX":1},"displayIndex":19},{"z":0,"duration":1,"transform":{"pY":0,"scY":1,"x":-1.4,"y":-73.75,"skX":0,"skY":0,"pX":0,"scX":1},"displayIndex":19}],"offset":0},{"name":12,"scale":1,"frame":[{"transform":{"pY":0,"scY":1,"x":-2.1,"y":-145.2,"skX":0,"skY":0,"pX":0,"scX":1},"z":1,"duration":20},{"transform":{"pY":0,"scY":1,"x":-2.1,"y":-145.2,"skX":0,"skY":0,"pX":0,"scX":1},"z":1,"duration":1}],"offset":0},{"name":11,"scale":1,"frame":[{"z":2,"duration":10,"transform":{"pY":0,"scY":1,"x":-2.1,"y":-145.2,"skX":0,"skY":0,"pX":0,"scX":1},"tweenEasing":0},{"z":2,"duration":10,"transform":{"pY":0,"scY":1,"x":-2.1,"y":-145.2,"skX":0,"skY":0,"pX":0,"scX":1},"colorTransform":{"aM":54,"rM":100,"aO":0,"gM":100,"rO":0,"bM":100,"gO":0,"bO":0},"tweenEasing":0},{"z":2,"duration":1,"transform":{"pY":0,"scY":1,"x":-2.1,"y":-145.2,"skX":0,"skY":0,"pX":0,"scX":1},"colorTransform":{"aM":96,"rM":100,"aO":0,"gM":100,"rO":0,"bM":100,"gO":0,"bO":0},"tweenEasing":0}],"offset":0},{"name":10,"scale":1,"frame":[{"transform":{"pY":0,"scY":1,"x":-1.15,"y":-68.7,"skX":0,"skY":0,"pX":0,"scX":1},"z":3,"duration":20},{"transform":{"pY":0,"scY":1,"x":-1.15,"y":-68.7,"skX":0,"skY":0,"pX":0,"scX":1},"z":3,"duration":1}],"offset":0},{"name":9,"scale":1,"frame":[{"transform":{"pY":0,"scY":1,"x":39.2,"y":-62.5,"skX":0,"skY":0,"pX":0,"scX":-1},"z":4,"duration":20},{"transform":{"pY":0,"scY":1,"x":39.2,"y":-62.5,"skX":0,"skY":0,"pX":0,"scX":-1},"z":4,"duration":1}],"offset":0},{"name":8,"scale":1,"frame":[{"transform":{"pY":0,"scY":1,"x":-21.65,"y":-104,"skX":0,"skY":0,"pX":0,"scX":1},"z":5,"duration":20},{"transform":{"pY":0,"scY":1,"x":-21.65,"y":-104,"skX":0,"skY":0,"pX":0,"scX":1},"z":5,"duration":1}],"offset":0},{"name":7,"scale":1,"frame":[{"transform":{"pY":0,"scY":1,"x":24.55,"y":-143.3,"skX":-4.42,"skY":-4.42,"pX":0,"scX":-1},"z":6,"duration":20},{"transform":{"pY":0,"scY":1,"x":24.55,"y":-143.3,"skX":-4.42,"skY":-4.42,"pX":0,"scX":-1},"z":6,"duration":1}],"offset":0},{"name":6,"scale":1,"frame":[{"transform":{"pY":0,"scY":1,"x":-48.6,"y":-38.7,"skX":0,"skY":0,"pX":0,"scX":1},"z":7,"duration":20},{"transform":{"pY":0,"scY":1,"x":-48.6,"y":-38.7,"skX":0,"skY":0,"pX":0,"scX":1},"z":7,"duration":1}],"offset":0},{"name":5,"scale":1,"frame":[{"transform":{"pY":0,"scY":1,"x":-48.6,"y":-38.7,"skX":0,"skY":0,"pX":0,"scX":1},"z":8,"duration":20},{"transform":{"pY":0,"scY":1,"x":-48.6,"y":-38.7,"skX":0,"skY":0,"pX":0,"scX":1},"z":8,"duration":1}],"offset":0},{"name":4,"scale":1,"frame":[{"transform":{"pY":0,"scY":1,"x":39.2,"y":-62.5,"skX":0,"skY":0,"pX":0,"scX":-1},"z":9,"duration":20},{"transform":{"pY":0,"scY":1,"x":39.2,"y":-62.5,"skX":0,"skY":0,"pX":0,"scX":-1},"z":9,"duration":1}],"offset":0},{"name":3,"scale":1,"frame":[{"transform":{"pY":0,"scY":1,"x":-21.65,"y":-104,"skX":0,"skY":0,"pX":0,"scX":1},"z":10,"duration":20},{"transform":{"pY":0,"scY":1,"x":-21.65,"y":-104,"skX":0,"skY":0,"pX":0,"scX":1},"z":10,"duration":1}],"offset":0},{"name":2,"scale":1,"frame":[{"transform":{"pY":0,"scY":1,"x":24.55,"y":-143.3,"skX":-4.42,"skY":-4.42,"pX":0,"scX":-1},"z":11,"duration":20},{"transform":{"pY":0,"scY":1,"x":24.55,"y":-143.3,"skX":-4.42,"skY":-4.42,"pX":0,"scX":-1},"z":11,"duration":1}],"offset":0},{"name":1,"scale":1,"frame":[{"z":12,"duration":2,"transform":{"pY":0,"scY":1,"x":-6.45,"y":-181.75,"skX":0.38,"skY":-0.46,"pX":0,"scX":1},"displayIndex":3},{"z":12,"duration":2,"transform":{"pY":0,"scY":1,"x":-5.9,"y":-184.6,"skX":0.38,"skY":-0.46,"pX":0,"scX":1},"displayIndex":4},{"z":12,"duration":2,"transform":{"pY":0,"scY":1,"x":-4.2,"y":-187.65,"skX":0.38,"skY":-0.46,"pX":0,"scX":1},"displayIndex":5},{"z":12,"duration":2,"transform":{"pY":0,"scY":1,"x":-6.1,"y":-183.9,"skX":0.38,"skY":-0.46,"pX":0,"scX":1},"displayIndex":6},{"z":12,"duration":2,"transform":{"pY":0,"scY":1,"x":-7.25,"y":-174.85,"skX":0.38,"skY":-0.46,"pX":0,"scX":1},"displayIndex":7},{"z":12,"duration":2,"transform":{"pY":0,"scY":1,"x":-7.3,"y":-176.35,"skX":0.38,"skY":-0.46,"pX":0,"scX":1},"displayIndex":8},{"z":12,"duration":2,"transform":{"pY":0,"scY":1,"x":-8.8,"y":-183.05,"skX":0.38,"skY":-0.46,"pX":0,"scX":1},"displayIndex":9},{"z":12,"duration":2,"transform":{"pY":0,"scY":1,"x":-5.8,"y":-174.6,"skX":0.38,"skY":-0.46,"pX":0,"scX":1},"displayIndex":10},{"transform":{"pY":0,"scY":1,"x":-2.95,"y":-173.9,"skX":0.38,"skY":-0.46,"pX":0,"scX":1},"z":12,"duration":2},{"z":12,"duration":2,"transform":{"pY":0,"scY":1,"x":-6.8,"y":-175.7,"skX":0.38,"skY":-0.46,"pX":0,"scX":1},"displayIndex":1},{"z":12,"duration":1,"transform":{"pY":0,"scY":1,"x":-7.35,"y":-177.55,"skX":0.38,"skY":-0.46,"pX":0,"scX":1},"displayIndex":2}],"offset":0}],"fadeInTime":0,"tweenEasing":null},{"autoTween":0,"timeline":[{"name":13,"scale":1,"frame":[{"z":0,"duration":1,"transform":{"pY":0,"scY":1,"x":-1.4,"y":-73.75,"skX":0,"skY":0,"pX":0,"scX":1},"displayIndex":19},{"z":0,"duration":1,"transform":{"pY":0,"scY":1,"x":-3.5,"y":-69.7,"skX":0,"skY":0,"pX":0,"scX":1},"displayIndex":18},{"z":0,"duration":1,"transform":{"pY":0,"scY":1,"x":-1.7,"y":-66.8,"skX":0,"skY":0,"pX":0,"scX":1},"displayIndex":17},{"z":0,"duration":1,"transform":{"pY":0,"scY":1,"x":-1.3,"y":-63.8,"skX":0,"skY":0,"pX":0,"scX":1},"displayIndex":16},{"z":0,"duration":1,"transform":{"pY":0,"scY":1,"x":-1.6,"y":-60.8,"skX":0,"skY":0,"pX":0,"scX":1},"displayIndex":15},{"z":0,"duration":1,"transform":{"pY":0,"scY":1,"x":-1.3,"y":-57.9,"skX":0,"skY":0,"pX":0,"scX":1},"displayIndex":14},{"z":0,"duration":1,"transform":{"pY":0,"scY":1,"x":-1.7,"y":-54.6,"skX":0,"skY":0,"pX":0,"scX":1},"displayIndex":13},{"z":0,"duration":1,"transform":{"pY":0,"scY":1,"x":-1.3,"y":-51.4,"skX":0,"skY":0,"pX":0,"scX":1},"displayIndex":12},{"z":0,"duration":1,"transform":{"pY":0,"scY":1,"x":-1.6,"y":-48.5,"skX":0,"skY":0,"pX":0,"scX":1},"displayIndex":11},{"z":0,"duration":1,"transform":{"pY":0,"scY":1,"x":-1.4,"y":-44.8,"skX":0,"skY":0,"pX":0,"scX":1},"displayIndex":10},{"z":0,"duration":1,"transform":{"pY":0,"scY":1,"x":-3.5,"y":-42.2,"skX":0,"skY":0,"pX":0,"scX":1},"displayIndex":9},{"z":0,"duration":1,"transform":{"pY":0,"scY":1,"x":-1.3,"y":-38.8,"skX":0,"skY":0,"pX":0,"scX":1},"displayIndex":8},{"z":0,"duration":1,"transform":{"pY":0,"scY":1,"x":-1.7,"y":-35.8,"skX":0,"skY":0,"pX":0,"scX":1},"displayIndex":7},{"z":0,"duration":1,"transform":{"pY":0,"scY":1,"x":-1.4,"y":-32.5,"skX":0,"skY":0,"pX":0,"scX":1},"displayIndex":5},{"z":0,"duration":1,"transform":{"pY":0,"scY":1,"x":-3.5,"y":-30.2,"skX":0,"skY":0,"pX":0,"scX":1},"displayIndex":4},{"z":0,"duration":1,"transform":{"pY":0,"scY":1,"x":-3.5,"y":-26.5,"skX":0,"skY":0,"pX":0,"scX":1},"displayIndex":3},{"z":0,"duration":1,"transform":{"pY":0,"scY":1,"x":-3.5,"y":-23.9,"skX":0,"skY":0,"pX":0,"scX":1},"displayIndex":2},{"z":0,"duration":1,"transform":{"pY":0,"scY":1,"x":-2.1,"y":-20.2,"skX":0,"skY":0,"pX":0,"scX":1},"displayIndex":1},{"transform":{"pY":0,"scY":1,"x":-2.8,"y":-18,"skX":0,"skY":0,"pX":0,"scX":1},"z":0,"duration":1},{"z":0,"duration":1,"transform":{"pY":0,"scY":1,"x":-0.6,"y":-14.3,"skX":0,"skY":0,"pX":0,"scX":1},"displayIndex":6}],"offset":0},{"name":12,"scale":1,"frame":[{"transform":{"pY":0,"scY":1,"x":-2.1,"y":-145.2,"skX":0,"skY":0,"pX":0,"scX":1},"z":1,"duration":19},{"transform":{"pY":0,"scY":1,"x":-2.1,"y":-145.2,"skX":0,"skY":0,"pX":0,"scX":1},"z":1,"duration":1}],"offset":0},{"name":11,"scale":1,"frame":[{"z":2,"duration":4,"transform":{"pY":0,"scY":1,"x":-2.1,"y":-145.2,"skX":0,"skY":0,"pX":0,"scX":1},"tweenEasing":0},{"z":2,"duration":1,"transform":{"pY":0,"scY":1,"x":-2.1,"y":-145.2,"skX":0,"skY":0,"pX":0,"scX":1},"colorTransform":{"aM":0,"rM":100,"aO":0,"gM":100,"rO":0,"bM":100,"gO":0,"bO":0}},{"duration":15,"displayIndex":-1}],"offset":0},{"name":10,"scale":1,"frame":[{"transform":{"pY":0,"scY":1,"x":-1.15,"y":-68.7,"skX":0,"skY":0,"pX":0,"scX":1},"z":3,"duration":19},{"transform":{"pY":0,"scY":1,"x":-1.15,"y":-68.7,"skX":0,"skY":0,"pX":0,"scX":1},"z":3,"duration":1}],"offset":0},{"name":9,"scale":1,"frame":[{"transform":{"pY":0,"scY":1,"x":39.2,"y":-62.5,"skX":0,"skY":0,"pX":0,"scX":-1},"z":4,"duration":19},{"transform":{"pY":0,"scY":1,"x":39.2,"y":-62.5,"skX":0,"skY":0,"pX":0,"scX":-1},"z":4,"duration":1}],"offset":0},{"name":8,"scale":1,"frame":[{"transform":{"pY":0,"scY":1,"x":-21.65,"y":-104,"skX":0,"skY":0,"pX":0,"scX":1},"z":5,"duration":19},{"transform":{"pY":0,"scY":1,"x":-21.65,"y":-104,"skX":0,"skY":0,"pX":0,"scX":1},"z":5,"duration":1}],"offset":0},{"name":7,"scale":1,"frame":[{"transform":{"pY":0,"scY":1,"x":24.55,"y":-143.3,"skX":-4.42,"skY":-4.42,"pX":0,"scX":-1},"z":6,"duration":19},{"transform":{"pY":0,"scY":1,"x":24.55,"y":-143.3,"skX":-4.42,"skY":-4.42,"pX":0,"scX":-1},"z":6,"duration":1}],"offset":0},{"name":6,"scale":1,"frame":[{"transform":{"pY":0,"scY":1,"x":-48.6,"y":-38.7,"skX":0,"skY":0,"pX":0,"scX":1},"z":7,"duration":19},{"transform":{"pY":0,"scY":1,"x":-48.6,"y":-38.7,"skX":0,"skY":0,"pX":0,"scX":1},"z":7,"duration":1}],"offset":0},{"name":5,"scale":1,"frame":[{"transform":{"pY":0,"scY":1,"x":-48.6,"y":-38.7,"skX":0,"skY":0,"pX":0,"scX":1},"z":8,"duration":13},{"z":8,"duration":4,"transform":{"pY":0,"scY":1,"x":-48.6,"y":-38.7,"skX":0,"skY":0,"pX":0,"scX":1},"tweenEasing":0},{"z":8,"duration":1,"transform":{"pY":0,"scY":1,"x":-48.6,"y":-38.7,"skX":0,"skY":0,"pX":0,"scX":1},"colorTransform":{"aM":0,"rM":100,"aO":0,"gM":100,"rO":0,"bM":100,"gO":0,"bO":0}},{"duration":2,"displayIndex":-1}],"offset":0},{"name":4,"scale":1,"frame":[{"transform":{"pY":0,"scY":1,"x":39.2,"y":-62.5,"skX":0,"skY":0,"pX":0,"scX":-1},"z":9,"duration":9},{"z":9,"duration":4,"transform":{"pY":0,"scY":1,"x":39.2,"y":-62.5,"skX":0,"skY":0,"pX":0,"scX":-1},"tweenEasing":0},{"z":9,"duration":1,"transform":{"pY":0,"scY":1,"x":39.2,"y":-62.5,"skX":0,"skY":0,"pX":0,"scX":-1},"colorTransform":{"aM":0,"rM":100,"aO":0,"gM":100,"rO":0,"bM":100,"gO":0,"bO":0},"tweenEasing":0},{"duration":6,"displayIndex":-1}],"offset":0},{"name":3,"scale":1,"frame":[{"transform":{"pY":0,"scY":1,"x":-21.65,"y":-104,"skX":0,"skY":0,"pX":0,"scX":1},"z":10,"duration":3},{"z":10,"duration":4,"transform":{"pY":0,"scY":1,"x":-21.65,"y":-104,"skX":0,"skY":0,"pX":0,"scX":1},"tweenEasing":0},{"z":10,"duration":1,"transform":{"pY":0,"scY":1,"x":-21.65,"y":-104,"skX":0,"skY":0,"pX":0,"scX":1},"colorTransform":{"aM":0,"rM":100,"aO":0,"gM":100,"rO":0,"bM":100,"gO":0,"bO":0},"tweenEasing":0},{"duration":12,"displayIndex":-1}],"offset":0},{"name":2,"scale":1,"frame":[{"z":11,"duration":4,"transform":{"pY":0,"scY":1,"x":24.55,"y":-143.3,"skX":-4.42,"skY":-4.42,"pX":0,"scX":-1},"tweenEasing":0},{"z":11,"duration":1,"transform":{"pY":0,"scY":1,"x":24.55,"y":-143.3,"skX":-4.42,"skY":-4.42,"pX":0,"scX":-1},"colorTransform":{"aM":0,"rM":100,"aO":0,"gM":100,"rO":0,"bM":100,"gO":0,"bO":0},"tweenEasing":0},{"duration":15,"displayIndex":-1}],"offset":0},{"name":1,"scale":1,"frame":[{"z":12,"duration":1,"transform":{"pY":0,"scY":1,"x":-7.35,"y":-177.55,"skX":0.38,"skY":-0.46,"pX":0,"scX":1},"displayIndex":2,"tweenEasing":0},{"z":12,"duration":1,"transform":{"pY":0,"scY":1,"x":-6.5,"y":-181.7,"skX":0.28,"skY":-0.3,"pX":0,"scX":1},"colorTransform":{"aM":90,"rM":100,"aO":0,"gM":100,"rO":0,"bM":100,"gO":0,"bO":0},"displayIndex":3,"tweenEasing":0},{"z":12,"duration":1,"transform":{"pY":0,"scY":1,"x":-6.5,"y":-181.7,"skX":0.28,"skY":-0.3,"pX":0,"scX":1},"colorTransform":{"aM":56,"rM":100,"aO":0,"gM":100,"rO":0,"bM":100,"gO":0,"bO":0},"displayIndex":3,"tweenEasing":0},{"z":12,"duration":1,"transform":{"pY":0,"scY":1,"x":-5.9,"y":-184.55,"skX":0.28,"skY":-0.3,"pX":0,"scX":1},"colorTransform":{"aM":28,"rM":100,"aO":0,"gM":100,"rO":0,"bM":100,"gO":0,"bO":0},"displayIndex":4,"tweenEasing":0},{"z":12,"duration":1,"transform":{"pY":0,"scY":1,"x":-5.9,"y":-184.6,"skX":0.38,"skY":-0.46,"pX":0,"scX":1},"colorTransform":{"aM":0,"rM":100,"aO":0,"gM":100,"rO":0,"bM":100,"gO":0,"bO":0},"displayIndex":4},{"duration":15,"displayIndex":-1}],"offset":0}],"duration":20,"scale":1,"loop":1,"tweenEasing":null,"name":"ui_bonus02_5_jiang","fadeInTime":0}]}],"version":2.3}