{"name":"b2zhuangtaidonghua","SubTexture":[{"name":"b2zhuangtaiku/b2zhuangshi","x":0,"width":35,"y":347,"height":32},{"name":"b2zhuangtaiku/b2pingzi","x":0,"width":89,"y":0,"height":147},{"name":"b2zhuangtaiku/b2hudie","x":402,"width":21,"y":196,"height":33},{"name":"b2zhuangtaiku/b2shui2","x":138,"width":62,"y":348,"height":12},{"name":"b2zhuangtaiku/b2shui3","x":226,"width":73,"y":321,"height":18},{"name":"b2zhuangtaiku/b2shui4","x":301,"width":85,"y":325,"height":25},{"name":"b2zhuangtaiku/b2shui5","x":394,"width":85,"y":319,"height":31},{"name":"b2zhuangtaiku/b2shui6","x":402,"width":85,"y":279,"height":38},{"name":"b2zhuangtaiku/b2shui7","x":312,"width":80,"y":280,"height":43},{"name":"b2zhuangtaiku/b2shui1","x":220,"width":28,"y":245,"height":5},{"name":"b2zhuangtaiku/b2shui8","x":256,"width":81,"y":198,"height":50},{"name":"b2zhuangtaiku/b2shui9","x":87,"width":81,"y":197,"height":56},{"name":"b2zhuangtaiku/b2shui10","x":0,"width":85,"y":149,"height":62},{"name":"b2zhuangtaiku/b2shui11","x":91,"width":80,"y":127,"height":68},{"name":"b2zhuangtaiku/b2shui12","x":173,"width":82,"y":121,"height":75},{"name":"b2zhuangtaiku/b2shui13","x":260,"width":81,"y":114,"height":82},{"name":"b2zhuangtaiku/b2shui14","x":343,"width":81,"y":108,"height":86},{"name":"b2zhuangtaiku/b2shui15","x":426,"width":81,"y":102,"height":93},{"name":"b2zhuangtaiku/b2shui16","x":426,"width":82,"y":0,"height":100},{"name":"b2zhuangtaiku/b2shui17","x":343,"width":81,"y":0,"height":106},{"name":"b2zhuangtaiku/b2shui18","x":260,"width":81,"y":0,"height":112},{"name":"b2zhuangtaiku/b2shui19","x":173,"width":85,"y":0,"height":119},{"name":"b2zhuangtaiku/b2shui20","x":91,"width":80,"y":0,"height":125},{"name":"b2zhuangtaiku/b2hudieliang","x":220,"width":34,"y":198,"height":45},{"name":"b2zhuangtaiku/b2zuangshiliang","x":226,"width":38,"y":341,"height":37},{"name":"b2zhuangtaiku/b2guangdian11","x":170,"width":48,"y":198,"height":85},{"name":"b2zhuangtaiku/b2guangdian1","x":343,"width":57,"y":196,"height":82},{"name":"b2zhuangtaiku/b2guangdian2","x":425,"width":57,"y":197,"height":80},{"name":"b2zhuangtaiku/b2guangdian3","x":0,"width":57,"y":213,"height":74},{"name":"b2zhuangtaiku/b2guangdian4","x":59,"width":57,"y":255,"height":67},{"name":"b2zhuangtaiku/b2guangdian5","x":165,"width":59,"y":285,"height":61},{"name":"b2zhuangtaiku/b2guangdian6","x":250,"width":60,"y":250,"height":69},{"name":"b2zhuangtaiku/b2guangdian7","x":0,"width":57,"y":289,"height":56},{"name":"b2zhuangtaiku/b2guangdian8","x":59,"width":39,"y":324,"height":50},{"name":"b2zhuangtaiku/b2guangdian9","x":100,"width":36,"y":333,"height":52},{"name":"b2zhuangtaiku/b2guangdian10","x":118,"width":45,"y":255,"height":76}],"imagePath":"texture.png"}