{"frameRate":30,"name":"shizixiaozhuangtai","armature":[{"name":"shizixiaozhuangtaiku/xiaozixiaozhuangtai","bone":[{"transform":{"skX":0,"scY":1,"x":-0.3,"skY":0,"y":0.6,"scX":1},"name":2},{"transform":{"skX":44.54,"scY":1,"x":-0.05,"skY":44.54,"y":0,"scX":1},"name":1}],"skin":[{"slot":[{"name":2,"z":0,"display":[{"transform":{"pY":40,"scY":1,"x":0,"y":0,"skX":0,"skY":0,"pX":40,"scX":1},"name":"shizixiaozhuangtaiku/szxtubiao","type":"image"}],"parent":2},{"name":1,"z":1,"display":[{"transform":{"pY":31.6,"scY":1,"x":0.15,"y":-0.05,"skX":0,"skY":0,"pX":30.85,"scX":1},"name":"shizixiaozhuangtaiku/szxlunkuo","type":"image"}],"parent":1}],"name":"default"}],"animation":[{"autoTween":1,"timeline":[{"name":2,"scale":1,"frame":[{"z":0,"duration":3,"transform":{"pY":0,"scY":1,"x":-0.3,"y":0.6,"skX":0,"skY":0,"pX":0,"scX":1},"tweenEasing":0},{"z":0,"duration":3,"transform":{"pY":0,"scY":1.09,"x":-0.3,"y":0.6,"skX":0,"skY":0,"pX":0,"scX":1.09},"tweenEasing":0},{"z":0,"duration":3,"transform":{"pY":0,"scY":0.96,"x":-0.3,"y":0.6,"skX":0,"skY":0,"pX":0,"scX":0.96},"tweenEasing":0},{"z":0,"duration":3,"transform":{"pY":0,"scY":1.05,"x":-0.3,"y":0.6,"skX":0,"skY":0,"pX":0,"scX":1.05},"tweenEasing":0},{"transform":{"pY":0,"scY":1,"x":-0.3,"y":0.6,"skX":0,"skY":0,"pX":0,"scX":1},"z":0,"duration":2},{"transform":{"pY":0,"scY":1,"x":-0.3,"y":0.6,"skX":0,"skY":0,"pX":0,"scX":1},"z":0,"duration":1}],"offset":0},{"name":1,"scale":1,"frame":[{"z":1,"duration":3,"transform":{"pY":0,"scY":1,"x":-0.05,"y":0,"skX":44.54,"skY":44.54,"pX":0,"scX":1},"colorTransform":{"aM":0,"rM":100,"aO":0,"gM":100,"rO":0,"bM":100,"gO":0,"bO":0},"tweenEasing":0},{"z":1,"duration":3,"transform":{"pY":0,"scY":1.18,"x":-0.05,"y":0,"skX":44.54,"skY":44.54,"pX":0,"scX":1.18},"colorTransform":{"aM":65,"rM":100,"aO":0,"gM":100,"rO":0,"bM":100,"gO":0,"bO":0},"tweenEasing":0},{"z":1,"duration":8,"transform":{"pY":0.05,"scY":1.27,"x":0,"y":0,"skX":44.54,"skY":44.54,"pX":-0.05,"scX":1.27},"colorTransform":{"aM":65,"rM":100,"aO":0,"gM":100,"rO":0,"bM":100,"gO":0,"bO":0},"tweenEasing":0},{"z":1,"duration":1,"transform":{"pY":0.05,"scY":1.32,"x":0,"y":0,"skX":44.54,"skY":44.54,"pX":-0.05,"scX":1.32},"colorTransform":{"aM":0,"rM":100,"aO":0,"gM":100,"rO":0,"bM":100,"gO":0,"bO":0}}],"offset":0}],"duration":15,"scale":1,"loop":1,"tweenEasing":null,"name":"skill_cross_state","fadeInTime":0}]}],"version":2.3}