{"frameRate":24,"name":"suijitihuan","armature":[{"name":"suijitihuanku/suijitihuan","bone":[{"transform":{"scX":1,"skX":0,"x":-3.4,"scY":1,"y":-11.9,"skY":0},"name":"图层 2"}],"skin":[{"slot":[{"name":"图层 2","z":0,"display":[{"transform":{"pY":86,"scX":1,"x":0,"scY":1,"y":0,"skX":0,"pX":81.5,"skY":0},"name":"suijitihuanku/sjth1","type":"image"},{"transform":{"pY":80,"scX":1,"x":0,"scY":1,"y":0,"skX":0,"pX":79.5,"skY":0},"name":"suijitihuanku/sjth2","type":"image"},{"transform":{"pY":77,"scX":1,"x":0,"scY":1,"y":0,"skX":0,"pX":79,"skY":0},"name":"suijitihuanku/sjth3","type":"image"},{"transform":{"pY":74.5,"scX":1,"x":0,"scY":1,"y":0,"skX":0,"pX":72.5,"skY":0},"name":"suijitihuanku/sjth4","type":"image"},{"transform":{"pY":74,"scX":1,"x":0,"scY":1,"y":0,"skX":0,"pX":73,"skY":0},"name":"suijitihuanku/sjth5","type":"image"},{"transform":{"pY":69,"scX":1,"x":0,"scY":1,"y":0,"skX":0,"pX":66.5,"skY":0},"name":"suijitihuanku/sjth6","type":"image"},{"transform":{"pY":63,"scX":1,"x":0,"scY":1,"y":0,"skX":0,"pX":67,"skY":0},"name":"suijitihuanku/sjth7","type":"image"},{"transform":{"pY":61,"scX":1,"x":0,"scY":1,"y":0,"skX":0,"pX":65,"skY":0},"name":"suijitihuanku/sjth8","type":"image"}],"parent":"图层 2"}],"name":"default"}],"animation":[{"autoTween":1,"timeline":[{"name":"图层 2","scale":1,"frame":[{"z":0,"duration":1,"transform":{"pY":0,"scX":1,"x":-3.4,"scY":1,"y":-11.9,"skX":0,"pX":0,"skY":0},"colorTransform":{"bO":0,"aM":90,"rM":100,"aO":0,"gM":100,"rO":0,"bM":100,"gO":0}},{"z":0,"duration":1,"transform":{"pY":0,"scX":1,"x":-1.4,"scY":1,"y":-7.9,"skX":0,"pX":0,"skY":0},"colorTransform":{"bO":0,"aM":90,"rM":100,"aO":0,"gM":100,"rO":0,"bM":100,"gO":0},"displayIndex":1},{"z":0,"duration":1,"transform":{"pY":0,"scX":1,"x":-2.9,"scY":1,"y":-11.9,"skX":0,"pX":0,"skY":0},"colorTransform":{"bO":0,"aM":90,"rM":100,"aO":0,"gM":100,"rO":0,"bM":100,"gO":0},"displayIndex":2},{"z":0,"duration":1,"transform":{"pY":0,"scX":1,"x":-2.4,"scY":1,"y":-12.4,"skX":0,"pX":0,"skY":0},"colorTransform":{"bO":0,"aM":90,"rM":100,"aO":0,"gM":100,"rO":0,"bM":100,"gO":0},"displayIndex":3},{"z":0,"duration":1,"transform":{"pY":0,"scX":1,"x":-3.9,"scY":1,"y":-9.9,"skX":0,"pX":0,"skY":0},"colorTransform":{"bO":0,"aM":90,"rM":100,"aO":0,"gM":100,"rO":0,"bM":100,"gO":0},"displayIndex":4},{"z":0,"duration":1,"transform":{"pY":0,"scX":1,"x":-4.4,"scY":1,"y":-12.9,"skX":0,"pX":0,"skY":0},"colorTransform":{"bO":0,"aM":90,"rM":100,"aO":0,"gM":100,"rO":0,"bM":100,"gO":0},"displayIndex":5},{"z":0,"duration":1,"transform":{"pY":0,"scX":1,"x":0.1,"scY":1,"y":-11.9,"skX":0,"pX":0,"skY":0},"colorTransform":{"bO":0,"aM":90,"rM":100,"aO":0,"gM":100,"rO":0,"bM":100,"gO":0},"displayIndex":6},{"z":0,"duration":1,"transform":{"pY":0,"scX":1,"x":-7.9,"scY":1,"y":-11.9,"skX":0,"pX":0,"skY":0},"colorTransform":{"bO":0,"aM":90,"rM":100,"aO":0,"gM":100,"rO":0,"bM":100,"gO":0},"displayIndex":7},{"z":0,"duration":1,"transform":{"pY":0,"scX":1,"x":-7.9,"scY":1,"y":-11.9,"skX":0,"pX":0,"skY":0},"colorTransform":{"bO":0,"aM":0,"rM":100,"aO":0,"gM":100,"rO":0,"bM":100,"gO":0},"displayIndex":7}],"offset":0}],"duration":9,"scale":1,"loop":1,"tweenEasing":null,"name":"bonus_01_01_cast","fadeInTime":0}]}],"version":2.3}