{"frameRate":24,"name":"piaochong","armature":[{"name":"piaochongku/ladybird","bone":[{"transform":{"scX":1,"skX":-124.19,"x":495.05,"scY":1,"y":-144.3,"skY":-124.19},"name":8},{"transform":{"scX":-1,"skX":164.28,"x":508.3,"scY":1,"y":-147.5,"skY":164.28},"name":7},{"transform":{"scX":1,"skX":-152.13,"x":481.4,"scY":1,"y":-149.9,"skY":-152.13},"name":6},{"transform":{"scX":1,"skX":-83.25,"x":498.7,"scY":1,"y":-126.3,"skY":-83.25},"name":5},{"transform":{"scX":1,"skX":175.34,"x":489.85,"scY":1,"y":-130.65,"skY":175.34},"name":4},{"transform":{"scX":1,"skX":-126.71,"x":494.1,"scY":1,"y":-128.05,"skY":-126.71},"name":3},{"transform":{"scX":1,"skX":-126.71,"x":493.1,"scY":1,"y":-128.7,"skY":-126.71},"name":2},{"transform":{"scX":1,"skX":0,"x":121.8,"scY":1,"y":-26.7,"skY":0},"name":1},{"transform":{"scX":1,"skX":0,"x":121.8,"scY":1,"y":-26.7,"skY":0},"name":9},{"transform":{"scX":1,"skX":-41.04,"x":-46.1,"scY":1,"y":-37.2,"skY":-41.04},"name":10},{"transform":{"scX":1,"skX":-41.04,"x":-46.1,"scY":1,"y":-37.2,"skY":-41.04},"name":11}],"skin":[{"slot":[{"name":8,"z":0,"display":[{"transform":{"pY":20.5,"scX":1,"x":0,"scY":1,"y":0,"skX":0,"pX":22.35,"skY":0},"name":"piaochongku/shenzi","type":"image"}],"parent":8},{"name":7,"z":1,"display":[{"transform":{"pY":21,"scX":1,"x":0,"scY":1,"y":0,"skX":0,"pX":19,"skY":0},"name":"piaochongku/xuying1","type":"image"},{"transform":{"pY":20,"scX":1,"x":0,"scY":1,"y":0,"skX":0,"pX":14.5,"skY":0},"name":"piaochongku/xuying2","type":"image"}],"parent":7},{"name":6,"z":2,"display":[{"transform":{"pY":21,"scX":1,"x":0,"scY":1,"y":0,"skX":0,"pX":19,"skY":0},"name":"piaochongku/xuying1","type":"image"},{"transform":{"pY":20,"scX":1,"x":0,"scY":1,"y":0,"skX":0,"pX":14.5,"skY":0},"name":"piaochongku/xuying2","type":"image"}],"parent":6},{"name":5,"z":3,"display":[{"transform":{"pY":17.7,"scX":1,"x":15.1,"scY":1,"y":13.5,"skX":0,"pX":19.15,"skY":0},"name":"piaochongku/ciabng2","type":"image"}],"parent":5},{"name":4,"z":4,"display":[{"transform":{"pY":17.15,"scX":1,"x":11.05,"scY":1,"y":12.4,"skX":0,"pX":18.6,"skY":0},"name":"piaochongku/cibang1","type":"image"}],"parent":4},{"name":3,"z":5,"display":[{"transform":{"pY":13.85,"scX":1,"x":0,"scY":1,"y":0.05,"skX":0,"pX":12.9,"skY":0},"name":"piaochongku/tou","type":"image"}],"parent":3},{"name":2,"z":6,"display":[{"transform":{"pY":8,"scX":1,"x":0,"scY":1,"y":0,"skX":0,"pX":8.5,"skY":0},"name":"piaochongku/yanjing","type":"image"}],"parent":2},{"name":1,"z":7,"display":[{"transform":{"pY":7.5,"scX":1,"x":0,"scY":1,"y":0,"skX":0,"pX":8,"skY":0},"name":"piaochongku/biyan1","type":"image"},{"transform":{"pY":7.5,"scX":1,"x":0,"scY":1,"y":0,"skX":0,"pX":8,"skY":0},"name":"piaochongku/biyan2","type":"image"},{"transform":{"pY":7.5,"scX":1,"x":0,"scY":1,"y":0,"skX":0,"pX":8,"skY":0},"name":"piaochongku/biyan3","type":"image"}],"parent":1},{"name":9,"z":8,"display":[{"transform":{"pY":7.5,"scX":1,"x":0,"scY":1,"y":0,"skX":0,"pX":8,"skY":0},"name":"piaochongku/biyan1","type":"image"},{"transform":{"pY":7.5,"scX":1,"x":0,"scY":1,"y":0,"skX":0,"pX":8,"skY":0},"name":"piaochongku/biyan2","type":"image"},{"transform":{"pY":7.5,"scX":1,"x":0,"scY":1,"y":0,"skX":0,"pX":8,"skY":0},"name":"piaochongku/biyan3","type":"image"}],"parent":9},{"name":10,"z":9,"display":[{"transform":{"pY":7.5,"scX":1,"x":0,"scY":1,"y":0,"skX":0,"pX":8,"skY":0},"name":"piaochongku/biyan1","type":"image"},{"transform":{"pY":7.5,"scX":1,"x":0,"scY":1,"y":0,"skX":0,"pX":8,"skY":0},"name":"piaochongku/biyan2","type":"image"},{"transform":{"pY":7.5,"scX":1,"x":0,"scY":1,"y":0,"skX":0,"pX":8,"skY":0},"name":"piaochongku/biyan3","type":"image"}],"parent":10},{"name":11,"z":10,"display":[{"transform":{"pY":7.5,"scX":1,"x":0,"scY":1,"y":0,"skX":0,"pX":8,"skY":0},"name":"piaochongku/biyan1","type":"image"},{"transform":{"pY":7.5,"scX":1,"x":0,"scY":1,"y":0,"skX":0,"pX":8,"skY":0},"name":"piaochongku/biyan2","type":"image"},{"transform":{"pY":7.5,"scX":1,"x":0,"scY":1,"y":0,"skX":0,"pX":8,"skY":0},"name":"piaochongku/biyan3","type":"image"}],"parent":11}],"name":"default"}],"animation":[{"autoTween":1,"timeline":[{"name":8,"scale":1,"frame":[{"z":0,"duration":2,"transform":{"pY":0,"scX":1,"x":495.05,"scY":1,"y":-144.3,"skX":-124.19,"pX":0,"skY":-124.19},"tweenEasing":0},{"z":0,"duration":2,"transform":{"pY":0,"scX":1,"x":493.15,"scY":1,"y":-127.1,"skX":-120.26,"pX":0,"skY":-120.26},"tweenEasing":0},{"z":0,"duration":2,"transform":{"pY":0,"scX":1,"x":489.25,"scY":1,"y":-114.3,"skX":-118.95,"pX":0,"skY":-118.95},"tweenEasing":0},{"z":0,"duration":2,"transform":{"pY":0,"scX":1,"x":485.8,"scY":1,"y":-97.35,"skX":-115.02,"pX":0,"skY":-115.02},"tweenEasing":0},{"z":0,"duration":2,"transform":{"pY":0,"scX":1,"x":481.85,"scY":1,"y":-82.15,"skX":-109.72,"pX":0,"skY":-109.72},"tweenEasing":0},{"z":0,"duration":2,"transform":{"pY":0,"scX":1,"x":475.9,"scY":1,"y":-66.05,"skX":-106.72,"pX":0,"skY":-106.72},"tweenEasing":0},{"z":0,"duration":2,"transform":{"pY":0,"scX":1,"x":469.4,"scY":1,"y":-49.7,"skX":-102.53,"pX":0,"skY":-102.53},"tweenEasing":0},{"z":0,"duration":2,"transform":{"pY":0,"scX":1,"x":462.65,"scY":1,"y":-35.9,"skX":-98.49,"pX":0,"skY":-98.49},"tweenEasing":0},{"z":0,"duration":2,"transform":{"pY":0,"scX":1,"x":456.05,"scY":1,"y":-19.65,"skX":-92.83,"pX":0,"skY":-92.83},"tweenEasing":0},{"z":0,"duration":2,"transform":{"pY":0,"scX":1,"x":446.65,"scY":1,"y":-5.4,"skX":-88.5,"pX":0,"skY":-88.5},"tweenEasing":0},{"z":0,"duration":2,"transform":{"pY":0,"scX":1,"x":438.4,"scY":1,"y":8.9,"skX":-82.84,"pX":0,"skY":-82.84},"tweenEasing":0},{"z":0,"duration":2,"transform":{"pY":0,"scX":1,"x":426.3,"scY":1,"y":22.3,"skX":-79.73,"pX":0,"skY":-79.73},"tweenEasing":0},{"z":0,"duration":2,"transform":{"pY":0,"scX":1,"x":414.1,"scY":1,"y":34,"skX":-76.3,"pX":0,"skY":-76.3},"tweenEasing":0},{"z":0,"duration":2,"transform":{"pY":0,"scX":1,"x":401.35,"scY":1,"y":45.05,"skX":-71.22,"pX":0,"skY":-71.22},"tweenEasing":0},{"z":0,"duration":2,"transform":{"pY":0,"scX":1,"x":386.05,"scY":1,"y":53,"skX":-66.59,"pX":0,"skY":-66.59},"tweenEasing":0},{"z":0,"duration":2,"transform":{"pY":0,"scX":1,"x":370.05,"scY":1,"y":60.25,"skX":-62.96,"pX":0,"skY":-62.96},"tweenEasing":0},{"z":0,"duration":2,"transform":{"pY":0,"scX":1,"x":351.9,"scY":1,"y":64.35,"skX":-57.63,"pX":0,"skY":-57.63},"tweenEasing":0},{"z":0,"duration":2,"transform":{"pY":0,"scX":1,"x":333.75,"scY":1,"y":66.35,"skX":-52.73,"pX":0,"skY":-52.73},"tweenEasing":0},{"z":0,"duration":2,"transform":{"pY":0,"scX":1,"x":315.7,"scY":1,"y":66.95,"skX":-49.92,"pX":0,"skY":-49.92},"tweenEasing":0},{"z":0,"duration":2,"transform":{"pY":0,"scX":1,"x":298.05,"scY":1,"y":64.3,"skX":-44.27,"pX":0,"skY":-44.27},"tweenEasing":0},{"z":0,"duration":2,"transform":{"pY":0,"scX":1,"x":280.45,"scY":1,"y":60.55,"skX":-39,"pX":0,"skY":-39},"tweenEasing":0},{"z":0,"duration":2,"transform":{"pY":0,"scX":1,"x":263.3,"scY":1,"y":55.5,"skX":-35.81,"pX":0,"skY":-35.81},"tweenEasing":0},{"z":0,"duration":2,"transform":{"pY":0,"scX":1,"x":246.3,"scY":1,"y":49.8,"skX":-31.83,"pX":0,"skY":-31.83},"tweenEasing":0},{"z":0,"duration":2,"transform":{"pY":0,"scX":1,"x":231,"scY":1,"y":42.75,"skX":-24.9,"pX":0,"skY":-24.9},"tweenEasing":0},{"z":0,"duration":2,"transform":{"pY":0,"scX":1,"x":214.3,"scY":1,"y":33.55,"skX":-21.34,"pX":0,"skY":-21.34},"tweenEasing":0},{"z":0,"duration":2,"transform":{"pY":0,"scX":1,"x":198,"scY":1,"y":25.6,"skX":-17.66,"pX":0,"skY":-17.66},"tweenEasing":0},{"z":0,"duration":2,"transform":{"pY":0,"scX":1,"x":183.3,"scY":1,"y":16.3,"skX":-13.1,"pX":0,"skY":-13.1},"tweenEasing":0},{"z":0,"duration":2,"transform":{"pY":0,"scX":1,"x":168.55,"scY":1,"y":7.7,"skX":-7.62,"pX":0,"skY":-7.62},"tweenEasing":0},{"z":0,"duration":2,"transform":{"pY":0,"scX":1,"x":154.2,"scY":1,"y":-3.15,"skX":-2.72,"pX":0,"skY":-2.72},"tweenEasing":0},{"transform":{"pY":0,"scX":1,"x":139.5,"scY":1,"y":-11.8,"skX":-2.97,"pX":0,"skY":-2.97},"z":0,"duration":1},{"transform":{"pY":0,"scX":1,"x":132.1,"scY":1,"y":-16.3,"skX":0,"pX":0,"skY":0},"z":0,"duration":3},{"transform":{"pY":0,"scX":1,"x":132.1,"scY":1,"y":-16.3,"skX":0,"pX":0,"skY":0},"z":0,"duration":1},{"transform":{"pY":0,"scX":1,"x":132.1,"scY":1,"y":-16.3,"skX":0,"pX":0,"skY":0},"z":0,"duration":96},{"z":0,"duration":6,"transform":{"pY":0,"scX":1,"x":132.1,"scY":1,"y":-16.3,"skX":0,"pX":0,"skY":0},"tweenEasing":0},{"z":0,"duration":13,"transform":{"pY":0,"scX":1,"x":111.6,"scY":1,"y":-25.35,"skX":-15.29,"pX":0,"skY":-15.29},"tweenEasing":0},{"z":0,"duration":29,"transform":{"pY":0,"scX":1,"x":65.4,"scY":1,"y":-30.75,"skX":-42.8,"pX":0,"skY":-42.8},"tweenEasing":0},{"transform":{"pY":0,"scX":1,"x":-31.5,"scY":1,"y":-36.1,"skX":-41.04,"pX":0,"skY":-41.04},"z":0,"duration":107},{"transform":{"pY":0,"scX":1,"x":-31.5,"scY":1,"y":-36.1,"skX":-41.04,"pX":0,"skY":-41.04},"z":0,"duration":1},{"z":0,"duration":4,"transform":{"pY":0,"scX":1,"x":-31.5,"scY":1,"y":-36.1,"skX":-41.04,"pX":0,"skY":-41.04},"tweenEasing":0},{"z":0,"duration":1,"transform":{"pY":0,"scX":1,"x":-31.5,"scY":1,"y":-36.1,"skX":-41.04,"pX":0,"skY":-41.04},"tweenEasing":0},{"z":0,"duration":2,"transform":{"pY":0,"scX":1,"x":-31.5,"scY":1,"y":-36.1,"skX":-41.04,"pX":0,"skY":-41.04},"tweenEasing":0},{"z":0,"duration":2,"transform":{"pY":0,"scX":1,"x":-48.4,"scY":1,"y":-27,"skX":-41.51,"pX":0,"skY":-41.51},"tweenEasing":0},{"z":0,"duration":2,"transform":{"pY":0,"scX":1,"x":-65.8,"scY":1,"y":-18.6,"skX":-51.21,"pX":0,"skY":-51.21},"tweenEasing":0},{"z":0,"duration":2,"transform":{"pY":0,"scX":1,"x":-83.1,"scY":1,"y":-12,"skX":-54.65,"pX":0,"skY":-54.65},"tweenEasing":0},{"z":0,"duration":2,"transform":{"pY":0,"scX":1,"x":-97.8,"scY":1,"y":-2.95,"skX":-65.87,"pX":0,"skY":-65.87},"tweenEasing":0},{"z":0,"duration":2,"transform":{"pY":0,"scX":1,"x":-114.2,"scY":1,"y":6.1,"skX":-69.56,"pX":0,"skY":-69.56},"tweenEasing":0},{"z":0,"duration":2,"transform":{"pY":0,"scX":1,"x":-130.35,"scY":1,"y":16.45,"skX":-77.11,"pX":0,"skY":-77.11},"tweenEasing":0},{"z":0,"duration":2,"transform":{"pY":0,"scX":1,"x":-145.8,"scY":1,"y":25.55,"skX":-78.02,"pX":0,"skY":-78.02},"tweenEasing":0},{"z":0,"duration":2,"transform":{"pY":0,"scX":1,"x":-160.45,"scY":1,"y":33.45,"skX":-77.89,"pX":0,"skY":-77.89},"tweenEasing":0},{"z":0,"duration":2,"transform":{"pY":0,"scX":1,"x":-179.05,"scY":1,"y":42.25,"skX":-70.99,"pX":0,"skY":-70.99},"tweenEasing":0},{"z":0,"duration":2,"transform":{"pY":0,"scX":1,"x":-193.7,"scY":1,"y":50.2,"skX":-71.9,"pX":0,"skY":-71.9},"tweenEasing":0},{"z":0,"duration":2,"transform":{"pY":0,"scX":1,"x":-212.05,"scY":1,"y":54.4,"skX":-66.69,"pX":0,"skY":-66.69},"tweenEasing":0},{"z":0,"duration":2,"transform":{"pY":0,"scX":1,"x":-229.25,"scY":1,"y":61,"skX":-66.18,"pX":0,"skY":-66.18},"tweenEasing":0},{"z":0,"duration":2,"transform":{"pY":0,"scX":1,"x":-247.45,"scY":1,"y":63.45,"skX":-62.41,"pX":0,"skY":-62.41},"tweenEasing":0},{"z":0,"duration":2,"transform":{"pY":0,"scX":1,"x":-273.65,"scY":1,"y":66.95,"skX":-54.48,"pX":0,"skY":-54.48},"tweenEasing":0},{"z":0,"duration":2,"transform":{"pY":0,"scX":1,"x":-302.55,"scY":1,"y":64.9,"skX":-45.53,"pX":0,"skY":-45.53},"tweenEasing":0},{"z":0,"duration":2,"transform":{"pY":0,"scX":1,"x":-330.85,"scY":1,"y":63.25,"skX":-38.08,"pX":0,"skY":-38.08},"tweenEasing":0},{"z":0,"duration":2,"transform":{"pY":0,"scX":1,"x":-358.3,"scY":1,"y":54.95,"skX":-28.6,"pX":0,"skY":-28.6},"tweenEasing":0},{"z":0,"duration":2,"transform":{"pY":0,"scX":1,"x":-384,"scY":1,"y":45.9,"skX":-22.43,"pX":0,"skY":-22.43},"tweenEasing":0},{"z":0,"duration":2,"transform":{"pY":0,"scX":1,"x":-407,"scY":1,"y":29.5,"skX":-12.47,"pX":0,"skY":-12.47},"tweenEasing":0},{"z":0,"duration":2,"transform":{"pY":0,"scX":1,"x":-427.5,"scY":1,"y":10.5,"skX":-4.99,"pX":0,"skY":-4.99},"tweenEasing":0},{"z":0,"duration":2,"transform":{"pY":0,"scX":1,"x":-442.6,"scY":1,"y":-13.8,"skX":3.55,"pX":0,"skY":3.55},"tweenEasing":0},{"z":0,"duration":2,"transform":{"pY":0,"scX":1,"x":-453.6,"scY":1,"y":-38.15,"skX":6.97,"pX":0,"skY":6.97},"tweenEasing":0},{"z":0,"duration":2,"transform":{"pY":0,"scX":1,"x":-462.55,"scY":1,"y":-66.15,"skX":18.54,"pX":0,"skY":18.54},"tweenEasing":0},{"z":0,"duration":2,"transform":{"pY":0,"scX":1,"x":-465.85,"scY":1,"y":-92.6,"skX":22.45,"pX":0,"skY":22.45},"tweenEasing":0},{"z":0,"duration":2,"transform":{"pY":0,"scX":1,"x":-465.7,"scY":1,"y":-121.95,"skX":34.78,"pX":0,"skY":34.78},"tweenEasing":0},{"z":0,"duration":2,"transform":{"pY":0,"scX":1,"x":-463.85,"scY":1,"y":-149.55,"skX":41.64,"pX":0,"skY":41.64},"tweenEasing":0},{"z":0,"duration":2,"transform":{"pY":0,"scX":1,"x":-457.9,"scY":1,"y":-177.35,"skX":51.16,"pX":0,"skY":51.16},"tweenEasing":0},{"z":0,"duration":2,"transform":{"pY":0,"scX":1,"x":-455.2,"scY":1,"y":-205,"skX":55.34,"pX":0,"skY":55.34},"tweenEasing":0},{"z":0,"duration":1,"transform":{"pY":0,"scX":1,"x":-446.7,"scY":1,"y":-232.25,"skX":67.08,"pX":0,"skY":67.08},"tweenEasing":0}],"offset":0},{"name":7,"scale":1,"frame":[{"z":1,"duration":2,"transform":{"pY":0,"scX":-1,"x":508.3,"scY":1,"y":-147.5,"skX":164.28,"pX":0,"skY":164.28},"tweenEasing":0},{"z":1,"duration":2,"transform":{"pY":0,"scX":-1,"x":501.95,"scY":1,"y":-130.2,"skX":168.21,"pX":0,"skY":168.21},"displayIndex":1,"tweenEasing":0},{"z":1,"duration":2,"transform":{"pY":0,"scX":-1,"x":502.75,"scY":1,"y":-116.3,"skX":169.52,"pX":0,"skY":169.52},"tweenEasing":0},{"z":1,"duration":2,"transform":{"pY":0,"scX":-1,"x":494.8,"scY":1,"y":-99.65,"skX":173.45,"pX":0,"skY":173.45},"displayIndex":1,"tweenEasing":0},{"z":1,"duration":2,"transform":{"pY":0,"scX":-1,"x":495.55,"scY":1,"y":-82,"skX":178.75,"pX":0,"skY":178.75},"tweenEasing":0},{"z":1,"duration":2,"transform":{"pY":0,"scX":-1,"x":485.1,"scY":1,"y":-66.95,"skX":-178.25,"pX":0,"skY":-178.25},"displayIndex":1,"tweenEasing":0},{"z":1,"duration":2,"transform":{"pY":0,"scX":-1,"x":482.95,"scY":1,"y":-47.85,"skX":-174.06,"pX":0,"skY":-174.06},"tweenEasing":0},{"z":1,"duration":2,"transform":{"pY":0,"scX":-1,"x":471.85,"scY":1,"y":-35.5,"skX":-170.02,"pX":0,"skY":-170.02},"displayIndex":1,"tweenEasing":0},{"z":1,"duration":2,"transform":{"pY":0,"scX":-1,"x":469.05,"scY":1,"y":-15.5,"skX":-164.36,"pX":0,"skY":-164.36},"tweenEasing":0},{"z":1,"duration":2,"transform":{"pY":0,"scX":-1,"x":455.7,"scY":1,"y":-3.4,"skX":-160.03,"pX":0,"skY":-160.03},"displayIndex":1,"tweenEasing":0},{"z":1,"duration":2,"transform":{"pY":0,"scX":-1,"x":450.45,"scY":1,"y":15.25,"skX":-154.37,"pX":0,"skY":-154.37},"tweenEasing":0},{"z":1,"duration":2,"transform":{"pY":0,"scX":-1,"x":434.9,"scY":1,"y":25.65,"skX":-151.26,"pX":0,"skY":-151.26},"displayIndex":1,"tweenEasing":0},{"z":1,"duration":2,"transform":{"pY":0,"scX":-1,"x":425.35,"scY":1,"y":41.7,"skX":-147.84,"pX":0,"skY":-147.84},"tweenEasing":0},{"z":1,"duration":2,"transform":{"pY":0,"scX":-1,"x":409.35,"scY":1,"y":49.65,"skX":-142.75,"pX":0,"skY":-142.75},"displayIndex":1,"tweenEasing":0},{"z":1,"duration":2,"transform":{"pY":0,"scX":-1,"x":395.85,"scY":1,"y":62.5,"skX":-138.12,"pX":0,"skY":-138.12},"tweenEasing":0},{"z":1,"duration":2,"transform":{"pY":0,"scX":-1,"x":377.3,"scY":1,"y":66,"skX":-134.49,"pX":0,"skY":-134.49},"displayIndex":1,"tweenEasing":0},{"z":1,"duration":2,"transform":{"pY":0,"scX":-1,"x":360.1,"scY":1,"y":75.3,"skX":-129.16,"pX":0,"skY":-129.16},"tweenEasing":0},{"z":1,"duration":2,"transform":{"pY":0,"scX":-1,"x":339.9,"scY":1,"y":73.25,"skX":-124.26,"pX":0,"skY":-124.26},"displayIndex":1,"tweenEasing":0},{"z":1,"duration":2,"transform":{"pY":0,"scX":-1,"x":322.4,"scY":1,"y":79,"skX":-121.45,"pX":0,"skY":-121.45},"tweenEasing":0},{"z":1,"duration":2,"transform":{"pY":0,"scX":-1,"x":303.05,"scY":1,"y":72.1,"skX":-115.8,"pX":0,"skY":-115.8},"displayIndex":1,"tweenEasing":0},{"z":1,"duration":2,"transform":{"pY":0,"scX":-1,"x":284.75,"scY":1,"y":73.6,"skX":-110.54,"pX":0,"skY":-110.54},"tweenEasing":0},{"z":1,"duration":2,"transform":{"pY":0,"scX":-1,"x":267,"scY":1,"y":64.05,"skX":-107.34,"pX":0,"skY":-107.34},"displayIndex":1,"tweenEasing":0},{"z":1,"duration":2,"transform":{"pY":0,"scX":-1,"x":249,"scY":1,"y":63.25,"skX":-103.36,"pX":0,"skY":-103.36},"tweenEasing":0},{"z":1,"duration":2,"transform":{"pY":0,"scX":-1,"x":233,"scY":1,"y":51.9,"skX":-96.43,"pX":0,"skY":-96.43},"displayIndex":1,"tweenEasing":0},{"z":1,"duration":2,"transform":{"pY":0,"scX":-1,"x":214.5,"scY":1,"y":47.3,"skX":-92.88,"pX":0,"skY":-92.88},"tweenEasing":0},{"z":1,"duration":2,"transform":{"pY":0,"scX":-1,"x":198.85,"scY":1,"y":34.95,"skX":-89.19,"pX":0,"skY":-89.19},"displayIndex":1,"tweenEasing":0},{"z":1,"duration":2,"transform":{"pY":0,"scX":-1,"x":181.55,"scY":1,"y":29.95,"skX":-84.63,"pX":0,"skY":-84.63},"tweenEasing":0},{"z":1,"duration":2,"transform":{"pY":0,"scX":-1,"x":167.75,"scY":1,"y":17.1,"skX":-79.16,"pX":0,"skY":-79.16},"displayIndex":1,"tweenEasing":0},{"z":1,"duration":2,"transform":{"pY":0,"scX":-1,"x":150.05,"scY":1,"y":9.95,"skX":-74.25,"pX":0,"skY":-74.25},"tweenEasing":0},{"z":1,"duration":1,"transform":{"pY":0,"scX":-1,"x":134.95,"scY":1,"y":-0.1,"skX":-71.98,"pX":0,"skY":-71.98},"tweenEasing":0},{"z":1,"duration":1,"transform":{"pY":0,"scX":-1,"x":126.95,"scY":1,"y":-4.85,"skX":-69.02,"pX":0,"skY":-69.02},"tweenEasing":0},{"z":1,"duration":1,"transform":{"pY":0,"scX":-1,"x":127.8,"scY":1,"y":-5.1,"skX":-70.42,"pX":0,"skY":-70.42},"tweenEasing":0},{"z":1,"duration":1,"transform":{"pY":0,"scX":-1,"x":131.4,"scY":1,"y":-8.95,"skX":-71.48,"pX":0,"skY":-71.48},"displayIndex":1,"tweenEasing":0},{"z":1,"duration":1,"transform":{"pY":0,"scX":-1,"x":132.05,"scY":1,"y":-9.25,"skX":-72.73,"pX":0,"skY":-72.73},"displayIndex":1,"tweenEasing":0},{"z":1,"duration":96,"transform":{"pY":0,"scX":-1,"x":132.05,"scY":1,"y":-9.25,"skX":-72.73,"pX":0,"skY":-72.73},"displayIndex":1},{"z":1,"duration":6,"transform":{"pY":0,"scX":-1,"x":132.05,"scY":1,"y":-9.25,"skX":-72.73,"pX":0,"skY":-72.73},"displayIndex":1,"tweenEasing":0},{"z":1,"duration":13,"transform":{"pY":0,"scX":-1,"x":113.6,"scY":1,"y":-17.4,"skX":-93.4,"pX":0,"skY":-93.4},"displayIndex":1,"tweenEasing":0},{"z":1,"duration":29,"transform":{"pY":0,"scX":-1,"x":71.35,"scY":1,"y":-25.4,"skX":-109.47,"pX":0,"skY":-109.47},"displayIndex":1,"tweenEasing":0},{"z":1,"duration":107,"transform":{"pY":0,"scX":-1,"x":-24.45,"scY":1,"y":-29.15,"skX":-114.98,"pX":0,"skY":-114.98},"displayIndex":1},{"z":1,"duration":1,"transform":{"pY":0,"scX":-1,"x":-24.45,"scY":1,"y":-29.15,"skX":-114.98,"pX":0,"skY":-114.98},"displayIndex":1},{"z":1,"duration":1,"transform":{"pY":0,"scX":-1,"x":-27.75,"scY":1,"y":-28.85,"skX":-110.06,"pX":0,"skY":-110.06},"displayIndex":1,"tweenEasing":0},{"z":1,"duration":1,"transform":{"pY":0,"scX":-1,"x":-27.7,"scY":1,"y":-28.95,"skX":-110.21,"pX":0,"skY":-110.21},"displayIndex":1,"tweenEasing":0},{"z":1,"duration":1,"transform":{"pY":0,"scX":-1,"x":-27.7,"scY":1,"y":-24.2,"skX":-110.21,"pX":0,"skY":-110.21},"tweenEasing":0},{"z":1,"duration":1,"transform":{"pY":0,"scX":-1,"x":-27.7,"scY":1,"y":-24.2,"skX":-110.21,"pX":0,"skY":-110.21},"tweenEasing":0},{"z":1,"duration":1,"transform":{"pY":0,"scX":-1,"x":-27.85,"scY":1,"y":-24.1,"skX":-110.06,"pX":0,"skY":-110.06},"tweenEasing":0},{"z":1,"duration":2,"transform":{"pY":0,"scX":-1,"x":-27.85,"scY":1,"y":-24.1,"skX":-110.06,"pX":0,"skY":-110.06},"tweenEasing":0},{"z":1,"duration":2,"transform":{"pY":0,"scX":-1,"x":-43.65,"scY":1,"y":-19,"skX":-113.04,"pX":0,"skY":-113.04},"displayIndex":1,"tweenEasing":0},{"z":1,"duration":2,"transform":{"pY":0,"scX":-1,"x":-60.1,"scY":1,"y":-7.45,"skX":-120.22,"pX":0,"skY":-120.22},"tweenEasing":0},{"z":1,"duration":2,"transform":{"pY":0,"scX":-1,"x":-76.6,"scY":1,"y":-5.3,"skX":-126.18,"pX":0,"skY":-126.18},"displayIndex":1,"tweenEasing":0},{"z":1,"duration":2,"transform":{"pY":0,"scX":-1,"x":-89.45,"scY":1,"y":6.35,"skX":-134.88,"pX":0,"skY":-134.88},"tweenEasing":0},{"z":1,"duration":2,"transform":{"pY":0,"scX":-1,"x":-106.25,"scY":1,"y":10.85,"skX":-141.09,"pX":0,"skY":-141.09},"displayIndex":1,"tweenEasing":0},{"z":1,"duration":2,"transform":{"pY":0,"scX":-1,"x":-120.3,"scY":1,"y":24,"skX":-146.13,"pX":0,"skY":-146.13},"tweenEasing":0},{"z":1,"duration":2,"transform":{"pY":0,"scX":-1,"x":-137.25,"scY":1,"y":29.05,"skX":-149.55,"pX":0,"skY":-149.55},"displayIndex":1,"tweenEasing":0},{"z":1,"duration":2,"transform":{"pY":0,"scX":-1,"x":-150.3,"scY":1,"y":40.85,"skX":-146.9,"pX":0,"skY":-146.9},"tweenEasing":0},{"z":1,"duration":2,"transform":{"pY":0,"scX":-1,"x":-170.95,"scY":1,"y":46.8,"skX":-142.52,"pX":0,"skY":-142.52},"displayIndex":1,"tweenEasing":0},{"z":1,"duration":2,"transform":{"pY":0,"scX":-1,"x":-184.4,"scY":1,"y":58.65,"skX":-140.92,"pX":0,"skY":-140.92},"tweenEasing":0},{"z":1,"duration":2,"transform":{"pY":0,"scX":-1,"x":-204.3,"scY":1,"y":59.6,"skX":-138.22,"pX":0,"skY":-138.22},"displayIndex":1,"tweenEasing":0},{"z":1,"duration":2,"transform":{"pY":0,"scX":-1,"x":-220.85,"scY":1,"y":70.3,"skX":-135.2,"pX":0,"skY":-135.2},"tweenEasing":0},{"z":1,"duration":2,"transform":{"pY":0,"scX":-1,"x":-240.15,"scY":1,"y":69.25,"skX":-133.94,"pX":0,"skY":-133.94},"displayIndex":1,"tweenEasing":0},{"z":1,"duration":2,"transform":{"pY":0,"scX":-1,"x":-267.3,"scY":1,"y":77.75,"skX":-123.49,"pX":0,"skY":-123.49},"tweenEasing":0},{"z":1,"duration":2,"transform":{"pY":0,"scX":-1,"x":-297.3,"scY":1,"y":72.6,"skX":-117.06,"pX":0,"skY":-117.06},"displayIndex":1,"tweenEasing":0},{"z":1,"duration":2,"transform":{"pY":0,"scX":-1,"x":-327.85,"scY":1,"y":75.45,"skX":-107.1,"pX":0,"skY":-107.1},"tweenEasing":0},{"z":1,"duration":2,"transform":{"pY":0,"scX":-1,"x":-355.5,"scY":1,"y":63.85,"skX":-100.13,"pX":0,"skY":-100.13},"displayIndex":1,"tweenEasing":0},{"z":1,"duration":2,"transform":{"pY":0,"scX":-1,"x":-384.35,"scY":1,"y":58.45,"skX":-91.44,"pX":0,"skY":-91.44},"tweenEasing":0},{"z":1,"duration":2,"transform":{"pY":0,"scX":-1,"x":-406.75,"scY":1,"y":38.9,"skX":-84,"pX":0,"skY":-84},"displayIndex":1,"tweenEasing":0},{"z":1,"duration":2,"transform":{"pY":0,"scX":-1,"x":-431.55,"scY":1,"y":22.3,"skX":-74,"pX":0,"skY":-74},"tweenEasing":0},{"z":1,"duration":2,"transform":{"pY":0,"scX":-1,"x":-444.95,"scY":1,"y":-4.7,"skX":-67.98,"pX":0,"skY":-67.98},"displayIndex":1,"tweenEasing":0},{"z":1,"duration":2,"transform":{"pY":0,"scX":-1,"x":-459.95,"scY":1,"y":-27.45,"skX":-62.04,"pX":0,"skY":-62.04},"tweenEasing":0},{"z":1,"duration":2,"transform":{"pY":0,"scX":-1,"x":-467.2,"scY":1,"y":-58,"skX":-52.98,"pX":0,"skY":-52.98},"displayIndex":1,"tweenEasing":0},{"z":1,"duration":2,"transform":{"pY":0,"scX":-1,"x":-474.8,"scY":1,"y":-84,"skX":-46.57,"pX":0,"skY":-46.57},"tweenEasing":0},{"z":1,"duration":2,"transform":{"pY":0,"scX":-1,"x":-472.5,"scY":1,"y":-115.45,"skX":-36.75,"pX":0,"skY":-36.75},"displayIndex":1,"tweenEasing":0},{"z":1,"duration":2,"transform":{"pY":0,"scX":-1,"x":-475.15,"scY":1,"y":-144.4,"skX":-27.37,"pX":0,"skY":-27.37},"tweenEasing":0},{"z":1,"duration":2,"transform":{"pY":0,"scX":-1,"x":-466.25,"scY":1,"y":-173.1,"skX":-20.37,"pX":0,"skY":-20.37},"displayIndex":1,"tweenEasing":0},{"z":1,"duration":2,"transform":{"pY":0,"scX":-1,"x":-467.4,"scY":1,"y":-202.65,"skX":-13.67,"pX":0,"skY":-13.67},"tweenEasing":0},{"z":1,"duration":1,"transform":{"pY":0,"scX":-1,"x":-455.9,"scY":1,"y":-230.45,"skX":-4.45,"pX":0,"skY":-4.45},"displayIndex":1,"tweenEasing":0}],"offset":0},{"name":6,"scale":1,"frame":[{"z":2,"duration":2,"transform":{"pY":0,"scX":1,"x":481.4,"scY":1,"y":-149.9,"skX":-152.13,"pX":0,"skY":-152.13},"tweenEasing":0},{"z":2,"duration":2,"transform":{"pY":0,"scX":1,"x":484.5,"scY":1,"y":-132.8,"skX":-148.19,"pX":0,"skY":-148.19},"displayIndex":1,"tweenEasing":0},{"z":2,"duration":2,"transform":{"pY":0,"scX":1,"x":476.15,"scY":1,"y":-121.1,"skX":-146.89,"pX":0,"skY":-146.89},"tweenEasing":0},{"z":2,"duration":2,"transform":{"pY":0,"scX":1,"x":477.7,"scY":1,"y":-103.8,"skX":-142.95,"pX":0,"skY":-142.95},"displayIndex":1,"tweenEasing":0},{"z":2,"duration":2,"transform":{"pY":0,"scX":1,"x":470,"scY":1,"y":-90.95,"skX":-137.65,"pX":0,"skY":-137.65},"tweenEasing":0},{"z":2,"duration":2,"transform":{"pY":0,"scX":1,"x":468.75,"scY":1,"y":-73.55,"skX":-134.65,"pX":0,"skY":-134.65},"displayIndex":1,"tweenEasing":0},{"z":2,"duration":2,"transform":{"pY":0,"scX":1,"x":458.75,"scY":1,"y":-59.95,"skX":-130.46,"pX":0,"skY":-130.46},"tweenEasing":0},{"z":2,"duration":2,"transform":{"pY":0,"scX":1,"x":456.65,"scY":1,"y":-44.35,"skX":-126.42,"pX":0,"skY":-126.42},"displayIndex":1,"tweenEasing":0},{"z":2,"duration":2,"transform":{"pY":0,"scX":1,"x":447.25,"scY":1,"y":-31.6,"skX":-120.76,"pX":0,"skY":-120.76},"tweenEasing":0},{"z":2,"duration":2,"transform":{"pY":0,"scX":1,"x":442.2,"scY":1,"y":-14.75,"skX":-116.43,"pX":0,"skY":-116.43},"displayIndex":1,"tweenEasing":0},{"z":2,"duration":2,"transform":{"pY":0,"scX":1,"x":431.75,"scY":1,"y":-4.35,"skX":-110.77,"pX":0,"skY":-110.77},"tweenEasing":0},{"z":2,"duration":2,"transform":{"pY":0,"scX":1,"x":423.3,"scY":1,"y":12.4,"skX":-107.66,"pX":0,"skY":-107.66},"displayIndex":1,"tweenEasing":0},{"z":2,"duration":2,"transform":{"pY":0,"scX":1,"x":408.95,"scY":1,"y":20.05,"skX":-104.24,"pX":0,"skY":-104.24},"tweenEasing":0},{"z":2,"duration":2,"transform":{"pY":0,"scX":1,"x":399.8,"scY":1,"y":34.9,"skX":-99.15,"pX":0,"skY":-99.15},"displayIndex":1,"tweenEasing":0},{"z":2,"duration":2,"transform":{"pY":0,"scX":1,"x":383.35,"scY":1,"y":38.4,"skX":-94.52,"pX":0,"skY":-94.52},"tweenEasing":0},{"z":2,"duration":2,"transform":{"pY":0,"scX":1,"x":370,"scY":1,"y":50,"skX":-90.89,"pX":0,"skY":-90.89},"displayIndex":1,"tweenEasing":0},{"z":2,"duration":2,"transform":{"pY":0,"scX":1,"x":351.55,"scY":1,"y":49.55,"skX":-85.56,"pX":0,"skY":-85.56},"tweenEasing":0},{"z":2,"duration":2,"transform":{"pY":0,"scX":1,"x":335.5,"scY":1,"y":56.2,"skX":-80.66,"pX":0,"skY":-80.66},"displayIndex":1,"tweenEasing":0},{"z":2,"duration":2,"transform":{"pY":0,"scX":1,"x":317.35,"scY":1,"y":52.3,"skX":-77.85,"pX":0,"skY":-77.85},"tweenEasing":0},{"z":2,"duration":2,"transform":{"pY":0,"scX":1,"x":301.3,"scY":1,"y":54.6,"skX":-72.21,"pX":0,"skY":-72.21},"displayIndex":1,"tweenEasing":0},{"z":2,"duration":2,"transform":{"pY":0,"scX":1,"x":284.85,"scY":1,"y":46.45,"skX":-66.94,"pX":0,"skY":-66.94},"tweenEasing":0},{"z":2,"duration":2,"transform":{"pY":0,"scX":1,"x":267.95,"scY":1,"y":46.4,"skX":-63.74,"pX":0,"skY":-63.74},"displayIndex":1,"tweenEasing":0},{"z":2,"duration":2,"transform":{"pY":0,"scX":1,"x":252.45,"scY":1,"y":36.35,"skX":-59.76,"pX":0,"skY":-59.76},"tweenEasing":0},{"z":2,"duration":2,"transform":{"pY":0,"scX":1,"x":237.3,"scY":1,"y":34.7,"skX":-52.83,"pX":0,"skY":-52.83},"displayIndex":1,"tweenEasing":0},{"z":2,"duration":2,"transform":{"pY":0,"scX":1,"x":222.8,"scY":1,"y":21.45,"skX":-49.28,"pX":0,"skY":-49.28},"tweenEasing":0},{"z":2,"duration":2,"transform":{"pY":0,"scX":1,"x":205.3,"scY":1,"y":18.4,"skX":-45.59,"pX":0,"skY":-45.59},"displayIndex":1,"tweenEasing":0},{"z":2,"duration":2,"transform":{"pY":0,"scX":1,"x":193.5,"scY":1,"y":5.55,"skX":-41.03,"pX":0,"skY":-41.03},"tweenEasing":0},{"z":2,"duration":2,"transform":{"pY":0,"scX":1,"x":177.05,"scY":1,"y":1.85,"skX":-35.56,"pX":0,"skY":-35.56},"displayIndex":1,"tweenEasing":0},{"z":2,"duration":2,"transform":{"pY":0,"scX":1,"x":166.2,"scY":1,"y":-11.95,"skX":-30.65,"pX":0,"skY":-30.65},"tweenEasing":0},{"z":2,"duration":1,"transform":{"pY":0,"scX":1,"x":151.9,"scY":1,"y":-21.2,"skX":-28.39,"pX":0,"skY":-28.39},"tweenEasing":0},{"z":2,"duration":1,"transform":{"pY":0,"scX":1,"x":144.95,"scY":1,"y":-25.05,"skX":-25.42,"pX":0,"skY":-25.42},"tweenEasing":0},{"z":2,"duration":1,"transform":{"pY":0,"scX":1,"x":144.65,"scY":1,"y":-24,"skX":-23.55,"pX":0,"skY":-23.55},"tweenEasing":0},{"z":2,"duration":1,"transform":{"pY":0,"scX":1,"x":141,"scY":1,"y":-19.65,"skX":-21.78,"pX":0,"skY":-21.78},"displayIndex":1,"tweenEasing":0},{"z":2,"duration":1,"transform":{"pY":0,"scX":1,"x":140.6,"scY":1,"y":-18.65,"skX":-19.92,"pX":0,"skY":-19.92},"displayIndex":1,"tweenEasing":0},{"z":2,"duration":96,"transform":{"pY":0,"scX":1,"x":140.6,"scY":1,"y":-18.65,"skX":-19.92,"pX":0,"skY":-19.92},"displayIndex":1},{"z":2,"duration":6,"transform":{"pY":0,"scX":1,"x":140.6,"scY":1,"y":-18.65,"skX":-19.92,"pX":0,"skY":-19.92},"displayIndex":1,"tweenEasing":0},{"z":2,"duration":13,"transform":{"pY":0,"scX":1,"x":118.3,"scY":1,"y":-28.95,"skX":-40.3,"pX":0,"skY":-40.3},"displayIndex":1,"tweenEasing":0},{"z":2,"duration":29,"transform":{"pY":0,"scX":1,"x":72.65,"scY":1,"y":-37.75,"skX":-56.57,"pX":0,"skY":-56.57},"displayIndex":1,"tweenEasing":0},{"z":2,"duration":107,"transform":{"pY":0,"scX":1,"x":-24.5,"scY":1,"y":-41.85,"skX":-62.18,"pX":0,"skY":-62.18},"displayIndex":1},{"z":2,"duration":1,"transform":{"pY":0,"scX":1,"x":-24.5,"scY":1,"y":-41.85,"skX":-62.18,"pX":0,"skY":-62.18},"displayIndex":1},{"z":2,"duration":1,"transform":{"pY":0,"scX":1,"x":-27.75,"scY":1,"y":-46.45,"skX":-66.46,"pX":0,"skY":-66.46},"displayIndex":1,"tweenEasing":0},{"z":2,"duration":1,"transform":{"pY":0,"scX":1,"x":-27.75,"scY":1,"y":-46.45,"skX":-66.37,"pX":0,"skY":-66.37},"displayIndex":1,"tweenEasing":0},{"z":2,"duration":1,"transform":{"pY":0,"scX":1,"x":-27.45,"scY":1,"y":-51.15,"skX":-66.37,"pX":0,"skY":-66.37},"tweenEasing":0},{"z":2,"duration":1,"transform":{"pY":0,"scX":1,"x":-27.45,"scY":1,"y":-51.15,"skX":-66.37,"pX":0,"skY":-66.37},"tweenEasing":0},{"z":2,"duration":1,"transform":{"pY":0,"scX":1,"x":-27.5,"scY":1,"y":-51.2,"skX":-66.46,"pX":0,"skY":-66.46},"tweenEasing":0},{"z":2,"duration":2,"transform":{"pY":0,"scX":1,"x":-27.5,"scY":1,"y":-51.2,"skX":-66.46,"pX":0,"skY":-66.46},"tweenEasing":0},{"z":2,"duration":2,"transform":{"pY":0,"scX":1,"x":-44.5,"scY":1,"y":-36.55,"skX":-69.44,"pX":0,"skY":-69.44},"displayIndex":1,"tweenEasing":0},{"z":2,"duration":2,"transform":{"pY":0,"scX":1,"x":-64.45,"scY":1,"y":-34.15,"skX":-76.63,"pX":0,"skY":-76.63},"tweenEasing":0},{"z":2,"duration":2,"transform":{"pY":0,"scX":1,"x":-81.4,"scY":1,"y":-22.2,"skX":-82.58,"pX":0,"skY":-82.58},"displayIndex":1,"tweenEasing":0},{"z":2,"duration":2,"transform":{"pY":0,"scX":1,"x":-100.4,"scY":1,"y":-18.3,"skX":-91.29,"pX":0,"skY":-91.29},"tweenEasing":0},{"z":2,"duration":2,"transform":{"pY":0,"scX":1,"x":-115.2,"scY":1,"y":-4.25,"skX":-97.49,"pX":0,"skY":-97.49},"displayIndex":1,"tweenEasing":0},{"z":2,"duration":2,"transform":{"pY":0,"scX":1,"x":-135.85,"scY":1,"y":1.95,"skX":-102.53,"pX":0,"skY":-102.53},"tweenEasing":0},{"z":2,"duration":2,"transform":{"pY":0,"scX":1,"x":-148.35,"scY":1,"y":15.45,"skX":-105.96,"pX":0,"skY":-105.96},"displayIndex":1,"tweenEasing":0},{"z":2,"duration":2,"transform":{"pY":0,"scX":1,"x":-166.1,"scY":1,"y":19,"skX":-103.31,"pX":0,"skY":-103.31},"tweenEasing":0},{"z":2,"duration":2,"transform":{"pY":0,"scX":1,"x":-180.4,"scY":1,"y":31.9,"skX":-98.92,"pX":0,"skY":-98.92},"displayIndex":1,"tweenEasing":0},{"z":2,"duration":2,"transform":{"pY":0,"scX":1,"x":-197.8,"scY":1,"y":35.3,"skX":-97.32,"pX":0,"skY":-97.32},"tweenEasing":0},{"z":2,"duration":2,"transform":{"pY":0,"scX":1,"x":-212.6,"scY":1,"y":44,"skX":-94.62,"pX":0,"skY":-94.62},"displayIndex":1,"tweenEasing":0},{"z":2,"duration":2,"transform":{"pY":0,"scX":1,"x":-231.85,"scY":1,"y":45.75,"skX":-91.6,"pX":0,"skY":-91.6},"tweenEasing":0},{"z":2,"duration":2,"transform":{"pY":0,"scX":1,"x":-247.25,"scY":1,"y":53.05,"skX":-90.34,"pX":0,"skY":-90.34},"displayIndex":1,"tweenEasing":0},{"z":2,"duration":2,"transform":{"pY":0,"scX":1,"x":-273.1,"scY":1,"y":51.45,"skX":-79.9,"pX":0,"skY":-79.9},"tweenEasing":0},{"z":2,"duration":2,"transform":{"pY":0,"scX":1,"x":-299.35,"scY":1,"y":55.05,"skX":-73.46,"pX":0,"skY":-73.46},"displayIndex":1,"tweenEasing":0},{"z":2,"duration":2,"transform":{"pY":0,"scX":1,"x":-325.9,"scY":1,"y":48.55,"skX":-63.5,"pX":0,"skY":-63.5},"tweenEasing":0},{"z":2,"duration":2,"transform":{"pY":0,"scX":1,"x":-352.35,"scY":1,"y":46.5,"skX":-56.54,"pX":0,"skY":-56.54},"displayIndex":1,"tweenEasing":0},{"z":2,"duration":2,"transform":{"pY":0,"scX":1,"x":-375.2,"scY":1,"y":33.15,"skX":-47.85,"pX":0,"skY":-47.85},"tweenEasing":0},{"z":2,"duration":2,"transform":{"pY":0,"scX":1,"x":-398.9,"scY":1,"y":23.05,"skX":-40.4,"pX":0,"skY":-40.4},"displayIndex":1,"tweenEasing":0},{"z":2,"duration":2,"transform":{"pY":0,"scX":1,"x":-415.25,"scY":1,"y":0.9,"skX":-30.41,"pX":0,"skY":-30.41},"tweenEasing":0},{"z":2,"duration":2,"transform":{"pY":0,"scX":1,"x":-433.05,"scY":1,"y":-17.8,"skX":-24.38,"pX":0,"skY":-24.38},"displayIndex":1,"tweenEasing":0},{"z":2,"duration":2,"transform":{"pY":0,"scX":1,"x":-439.65,"scY":1,"y":-44.95,"skX":-18.45,"pX":0,"skY":-18.45},"tweenEasing":0},{"z":2,"duration":2,"transform":{"pY":0,"scX":1,"x":-452.3,"scY":1,"y":-67.55,"skX":-9.39,"pX":0,"skY":-9.39},"displayIndex":1,"tweenEasing":0},{"z":2,"duration":2,"transform":{"pY":0,"scX":1,"x":-450.6,"scY":1,"y":-95.4,"skX":-2.97,"pX":0,"skY":-2.97},"tweenEasing":0},{"z":2,"duration":2,"transform":{"pY":0,"scX":1,"x":-455.5,"scY":1,"y":-120.4,"skX":6.84,"pX":0,"skY":6.84},"displayIndex":1,"tweenEasing":0},{"z":2,"duration":2,"transform":{"pY":0,"scX":1,"x":-448.55,"scY":1,"y":-147.2,"skX":16.22,"pX":0,"skY":16.22},"tweenEasing":0},{"z":2,"duration":2,"transform":{"pY":0,"scX":1,"x":-448.55,"scY":1,"y":-173,"skX":23.22,"pX":0,"skY":23.22},"displayIndex":1,"tweenEasing":0},{"z":2,"duration":2,"transform":{"pY":0,"scX":1,"x":-440.85,"scY":1,"y":-199.1,"skX":29.92,"pX":0,"skY":29.92},"tweenEasing":0},{"z":2,"duration":1,"transform":{"pY":0,"scX":1,"x":-438.85,"scY":1,"y":-225.5,"skX":39.14,"pX":0,"skY":39.14},"displayIndex":1,"tweenEasing":0}],"offset":0},{"name":5,"scale":1,"frame":[{"z":3,"duration":2,"transform":{"pY":0,"scX":1,"x":498.7,"scY":1,"y":-126.3,"skX":-83.25,"pX":0,"skY":-83.25},"tweenEasing":0},{"z":3,"duration":2,"transform":{"pY":0.25,"scX":1,"x":495.5,"scY":1,"y":-108.85,"skX":-79.31,"pX":-0.05,"skY":-79.31},"tweenEasing":0},{"z":3,"duration":2,"transform":{"pY":-0.05,"scX":1,"x":491.25,"scY":1,"y":-96.05,"skX":-78.01,"pX":0,"skY":-78.01},"tweenEasing":0},{"z":3,"duration":2,"transform":{"pY":0.15,"scX":1,"x":486.45,"scY":1,"y":-78.95,"skX":-74.07,"pX":0,"skY":-74.07},"tweenEasing":0},{"z":3,"duration":2,"transform":{"pY":0,"scX":1,"x":480.9,"scY":1,"y":-63.85,"skX":-68.77,"pX":0.05,"skY":-68.77},"tweenEasing":0},{"z":3,"duration":2,"transform":{"pY":0.15,"scX":1,"x":473.8,"scY":1,"y":-47.75,"skX":-65.77,"pX":0,"skY":-65.77},"tweenEasing":0},{"z":3,"duration":2,"transform":{"pY":0.1,"scX":1,"x":466.15,"scY":1,"y":-31.65,"skX":-61.58,"pX":0.05,"skY":-61.58},"tweenEasing":0},{"z":3,"duration":2,"transform":{"pY":0.1,"scX":1,"x":457.95,"scY":1,"y":-18.1,"skX":-57.54,"pX":0,"skY":-57.54},"tweenEasing":0},{"z":3,"duration":2,"transform":{"pY":0.15,"scX":1,"x":449.75,"scY":1,"y":-2.4,"skX":-51.88,"pX":0.1,"skY":-51.88},"tweenEasing":0},{"z":3,"duration":2,"transform":{"pY":0.1,"scX":1,"x":438.95,"scY":1,"y":11.3,"skX":-47.55,"pX":0.05,"skY":-47.55},"tweenEasing":0},{"z":3,"duration":2,"transform":{"pY":0.1,"scX":1,"x":429.2,"scY":1,"y":24.8,"skX":-41.89,"pX":0.05,"skY":-41.89},"tweenEasing":0},{"z":3,"duration":2,"transform":{"pY":0.1,"scX":1,"x":416.15,"scY":1,"y":37.6,"skX":-38.78,"pX":0,"skY":-38.78},"tweenEasing":0},{"z":3,"duration":2,"transform":{"pY":0.1,"scX":1,"x":403.15,"scY":1,"y":48.8,"skX":-35.36,"pX":0.1,"skY":-35.36},"tweenEasing":0},{"z":3,"duration":2,"transform":{"pY":0.15,"scX":1,"x":389,"scY":1,"y":58.7,"skX":-30.27,"pX":0,"skY":-30.27},"tweenEasing":0},{"z":3,"duration":2,"transform":{"pY":0,"scX":1,"x":372.8,"scY":1,"y":65.75,"skX":-25.64,"pX":0.05,"skY":-25.64},"tweenEasing":0},{"z":3,"duration":2,"transform":{"pY":0.1,"scX":1,"x":355.9,"scY":1,"y":72.05,"skX":-22.01,"pX":0.05,"skY":-22.01},"tweenEasing":0},{"z":3,"duration":2,"transform":{"pY":0.05,"scX":1,"x":336.8,"scY":1,"y":74.9,"skX":-16.68,"pX":0.1,"skY":-16.68},"tweenEasing":0},{"z":3,"duration":2,"transform":{"pY":0.15,"scX":1,"x":317.75,"scY":1,"y":75.4,"skX":-11.78,"pX":0,"skY":-11.78},"tweenEasing":0},{"z":3,"duration":2,"transform":{"pY":-0.05,"scX":1,"x":299.35,"scY":1,"y":75.5,"skX":-8.97,"pX":0.1,"skY":-8.97},"tweenEasing":0},{"z":3,"duration":2,"transform":{"pY":0.05,"scX":1,"x":280.85,"scY":1,"y":70.95,"skX":-3.32,"pX":0,"skY":-3.32},"tweenEasing":0},{"z":3,"duration":2,"transform":{"pY":0,"scX":1,"x":262.75,"scY":1,"y":65.8,"skX":1.94,"pX":0.05,"skY":1.94},"tweenEasing":0},{"z":3,"duration":2,"transform":{"pY":0.1,"scX":1,"x":245.25,"scY":1,"y":59.6,"skX":5.14,"pX":0,"skY":5.14},"tweenEasing":0},{"z":3,"duration":2,"transform":{"pY":0.05,"scX":1,"x":228.2,"scY":1,"y":52.7,"skX":9.12,"pX":0.05,"skY":9.12},"tweenEasing":0},{"z":3,"duration":2,"transform":{"pY":0.05,"scX":1,"x":212.55,"scY":1,"y":43.35,"skX":16.05,"pX":0,"skY":16.05},"tweenEasing":0},{"z":3,"duration":2,"transform":{"pY":0.1,"scX":1,"x":195.95,"scY":1,"y":33.1,"skX":19.6,"pX":0.1,"skY":19.6},"tweenEasing":0},{"z":3,"duration":2,"transform":{"pY":0.05,"scX":1,"x":179.65,"scY":1,"y":23.85,"skX":23.29,"pX":0.1,"skY":23.29},"tweenEasing":0},{"z":3,"duration":2,"transform":{"pY":0.05,"scX":1,"x":165.2,"scY":1,"y":13.3,"skX":27.85,"pX":0.1,"skY":27.85},"tweenEasing":0},{"z":3,"duration":2,"transform":{"pY":0,"scX":1,"x":150.8,"scY":1,"y":2.75,"skX":33.33,"pX":0.15,"skY":33.33},"tweenEasing":0},{"z":3,"duration":2,"transform":{"pY":0.15,"scX":1,"x":137,"scY":1,"y":-9.4,"skX":38.23,"pX":0.05,"skY":38.23},"tweenEasing":0},{"z":3,"duration":1,"transform":{"pY":0,"scX":1,"x":122.6,"scY":1,"y":-19.95,"skX":40.49,"pX":0,"skY":40.49},"tweenEasing":0},{"z":3,"duration":3,"transform":{"pY":0,"scX":1,"x":115.65,"scY":1,"y":-25.3,"skX":43.46,"pX":0,"skY":43.46},"tweenEasing":0},{"transform":{"pY":0.1,"scX":1,"x":115.75,"scY":1,"y":-25.45,"skX":0,"pX":-0.05,"skY":0},"z":3,"duration":1},{"transform":{"pY":0.1,"scX":1,"x":115.75,"scY":1,"y":-25.45,"skX":0,"pX":-0.05,"skY":0},"z":3,"duration":34},{"z":3,"duration":4,"transform":{"pY":0.1,"scX":1,"x":115.75,"scY":1,"y":-25.45,"skX":0,"pX":-0.05,"skY":0},"tweenEasing":0},{"z":3,"duration":4,"transform":{"pY":0.15,"scX":1,"x":115.75,"scY":1,"y":-25.45,"skX":10.7,"pX":-0.05,"skY":10.7},"tweenEasing":0},{"z":3,"duration":4,"transform":{"pY":0.1,"scX":1,"x":115.75,"scY":1,"y":-25.45,"skX":0,"pX":-0.05,"skY":0},"tweenEasing":0},{"z":3,"duration":4,"transform":{"pY":0.05,"scX":1,"x":115.75,"scY":1,"y":-25.45,"skX":3.45,"pX":-0.05,"skY":3.45},"tweenEasing":0},{"transform":{"pY":0.1,"scX":1,"x":115.75,"scY":1,"y":-25.45,"skX":0,"pX":-0.05,"skY":0},"z":3,"duration":46},{"z":3,"duration":6,"transform":{"pY":0.1,"scX":1,"x":115.75,"scY":1,"y":-25.45,"skX":0,"pX":-0.05,"skY":0},"tweenEasing":0},{"z":3,"duration":13,"transform":{"pY":0.05,"scX":1,"x":94.9,"scY":1,"y":-29.8,"skX":-15.29,"pX":-0.15,"skY":-15.29},"tweenEasing":0},{"z":3,"duration":29,"transform":{"pY":0.15,"scX":1,"x":48.25,"scY":1,"y":-26.6,"skX":-42.8,"pX":-0.1,"skY":-42.8},"tweenEasing":0},{"transform":{"pY":0.05,"scX":1,"x":-49.8,"scY":1,"y":-32.3,"skX":-41.04,"pX":-0.05,"skY":-41.04},"z":3,"duration":9},{"z":3,"duration":4,"transform":{"pY":0.05,"scX":1,"x":-49.8,"scY":1,"y":-32.3,"skX":-41.04,"pX":-0.05,"skY":-41.04},"tweenEasing":0},{"z":3,"duration":5,"transform":{"pY":0.05,"scX":1,"x":-49.8,"scY":1,"y":-32.3,"skX":-33.84,"pX":-0.1,"skY":-33.84},"tweenEasing":0},{"z":3,"duration":5,"transform":{"pY":0.05,"scX":1,"x":-49.8,"scY":1,"y":-32.3,"skX":-41.04,"pX":-0.05,"skY":-41.04},"tweenEasing":0},{"z":3,"duration":5,"transform":{"pY":0.05,"scX":1,"x":-49.8,"scY":1,"y":-32.3,"skX":-36.04,"pX":-0.05,"skY":-36.04},"tweenEasing":0},{"transform":{"pY":0.05,"scX":1,"x":-49.8,"scY":1,"y":-32.3,"skX":-41.04,"pX":-0.05,"skY":-41.04},"z":3,"duration":58},{"z":3,"duration":4,"transform":{"pY":0.05,"scX":1,"x":-49.8,"scY":1,"y":-32.3,"skX":-41.04,"pX":-0.05,"skY":-41.04},"tweenEasing":0},{"z":3,"duration":5,"transform":{"pY":0.05,"scX":1,"x":-49.8,"scY":1,"y":-32.3,"skX":-33.84,"pX":-0.1,"skY":-33.84},"tweenEasing":0},{"z":3,"duration":5,"transform":{"pY":0.05,"scX":1,"x":-49.8,"scY":1,"y":-32.3,"skX":-41.04,"pX":-0.05,"skY":-41.04},"tweenEasing":0},{"z":3,"duration":5,"transform":{"pY":0.05,"scX":1,"x":-49.8,"scY":1,"y":-32.3,"skX":-36.04,"pX":-0.05,"skY":-36.04},"tweenEasing":0},{"transform":{"pY":0.05,"scX":1,"x":-49.8,"scY":1,"y":-32.3,"skX":-41.04,"pX":-0.05,"skY":-41.04},"z":3,"duration":2},{"transform":{"pY":0.05,"scX":1,"x":-49.8,"scY":1,"y":-32.3,"skX":-41.04,"pX":-0.05,"skY":-41.04},"z":3,"duration":1},{"z":3,"duration":4,"transform":{"pY":0.05,"scX":1,"x":-49.8,"scY":1,"y":-32.3,"skX":-41.04,"pX":-0.05,"skY":-41.04},"tweenEasing":0},{"z":3,"duration":1,"transform":{"pY":0.05,"scX":1,"x":-49.85,"scY":1,"y":-32.15,"skX":2.42,"pX":0.05,"skY":2.42},"tweenEasing":0},{"z":3,"duration":2,"transform":{"pY":0.05,"scX":1,"x":-49.85,"scY":1,"y":-32.15,"skX":2.42,"pX":0.05,"skY":2.42},"tweenEasing":0},{"z":3,"duration":2,"transform":{"pY":0.2,"scX":1,"x":-65.85,"scY":1,"y":-21.1,"skX":-0.56,"pX":-0.05,"skY":-0.56},"tweenEasing":0},{"z":3,"duration":2,"transform":{"pY":0.1,"scX":1,"x":-83.15,"scY":1,"y":-11.45,"skX":-7.75,"pX":0.05,"skY":-7.75},"tweenEasing":0},{"z":3,"duration":2,"transform":{"pY":0.25,"scX":1,"x":-98.75,"scY":1,"y":-2.3,"skX":-13.7,"pX":0,"skY":-13.7},"tweenEasing":0},{"z":3,"duration":2,"transform":{"pY":0.1,"scX":1,"x":-112.7,"scY":1,"y":8.35,"skX":-22.41,"pX":0,"skY":-22.41},"tweenEasing":0},{"z":3,"duration":2,"transform":{"pY":0.2,"scX":1,"x":-126.9,"scY":1,"y":19.4,"skX":-28.61,"pX":-0.05,"skY":-28.61},"tweenEasing":0},{"z":3,"duration":2,"transform":{"pY":0.1,"scX":1,"x":-142.7,"scY":1,"y":30.5,"skX":-33.65,"pX":0.1,"skY":-33.65},"tweenEasing":0},{"z":3,"duration":2,"transform":{"pY":0.2,"scX":1,"x":-156.35,"scY":1,"y":40.55,"skX":-37.08,"pX":-0.05,"skY":-37.08},"tweenEasing":0},{"z":3,"duration":2,"transform":{"pY":0.15,"scX":1,"x":-172.6,"scY":1,"y":47.65,"skX":-34.43,"pX":0.05,"skY":-34.43},"tweenEasing":0},{"z":3,"duration":2,"transform":{"pY":0.2,"scX":1,"x":-191.35,"scY":1,"y":55.85,"skX":-30.04,"pX":-0.1,"skY":-30.04},"tweenEasing":0},{"z":3,"duration":2,"transform":{"pY":0,"scX":1,"x":-207.25,"scY":1,"y":63.05,"skX":-28.44,"pX":0.1,"skY":-28.44},"tweenEasing":0},{"z":3,"duration":2,"transform":{"pY":0.2,"scX":1,"x":-225.35,"scY":1,"y":67,"skX":-25.74,"pX":-0.05,"skY":-25.74},"tweenEasing":0},{"z":3,"duration":2,"transform":{"pY":0.05,"scX":1,"x":-244.1,"scY":1,"y":72.35,"skX":-22.72,"pX":0,"skY":-22.72},"tweenEasing":0},{"z":3,"duration":2,"transform":{"pY":0.2,"scX":1,"x":-261.65,"scY":1,"y":75.05,"skX":-21.46,"pX":-0.1,"skY":-21.46},"tweenEasing":0},{"z":3,"duration":2,"transform":{"pY":0.15,"scX":1,"x":-290.45,"scY":1,"y":75,"skX":-11.02,"pX":0,"skY":-11.02},"tweenEasing":0},{"z":3,"duration":2,"transform":{"pY":0.15,"scX":1,"x":-319.55,"scY":1,"y":71.9,"skX":-4.58,"pX":-0.05,"skY":-4.58},"tweenEasing":0},{"z":3,"duration":2,"transform":{"pY":0.1,"scX":1,"x":-349.3,"scY":1,"y":66.3,"skX":5.37,"pX":0.05,"skY":5.37},"tweenEasing":0},{"z":3,"duration":2,"transform":{"pY":0.15,"scX":1,"x":-376.6,"scY":1,"y":56.75,"skX":12.34,"pX":0,"skY":12.34},"tweenEasing":0},{"z":3,"duration":2,"transform":{"pY":-0.05,"scX":1,"x":-402.55,"scY":1,"y":43.9,"skX":21.03,"pX":0.1,"skY":21.03},"tweenEasing":0},{"z":3,"duration":2,"transform":{"pY":0.15,"scX":1,"x":-425.1,"scY":1,"y":26.15,"skX":28.48,"pX":0.05,"skY":28.48},"tweenEasing":0},{"z":3,"duration":2,"transform":{"pY":0.05,"scX":1,"x":-444.6,"scY":1,"y":2.95,"skX":38.47,"pX":0.05,"skY":38.47},"tweenEasing":0},{"z":3,"duration":2,"transform":{"pY":0.25,"scX":1,"x":-459.05,"scY":1,"y":-22.05,"skX":44.5,"pX":0.15,"skY":44.5},"tweenEasing":0},{"z":3,"duration":2,"transform":{"pY":0.05,"scX":1,"x":-468.8,"scY":1,"y":-49.1,"skX":50.43,"pX":0.15,"skY":50.43},"tweenEasing":0},{"z":3,"duration":2,"transform":{"pY":0.25,"scX":1,"x":-476.35,"scY":1,"y":-78.45,"skX":59.49,"pX":0.15,"skY":59.49},"tweenEasing":0},{"z":3,"duration":2,"transform":{"pY":-0.05,"scX":1,"x":-477.6,"scY":1,"y":-107.2,"skX":65.91,"pX":0.15,"skY":65.91},"tweenEasing":0},{"z":3,"duration":2,"transform":{"pY":0.2,"scX":1,"x":-475.55,"scY":1,"y":-137.65,"skX":75.73,"pX":0.2,"skY":75.73},"tweenEasing":0},{"z":3,"duration":2,"transform":{"pY":0,"scX":1,"x":-470.15,"scY":1,"y":-167.2,"skX":85.1,"pX":0.1,"skY":85.1},"tweenEasing":0},{"z":3,"duration":2,"transform":{"pY":0.2,"scX":1,"x":-462.95,"scY":1,"y":-195.2,"skX":92.11,"pX":0.15,"skY":92.11},"tweenEasing":0},{"z":3,"duration":2,"transform":{"pY":0.05,"scX":1,"x":-457.1,"scY":1,"y":-223.65,"skX":98.8,"pX":0.15,"skY":98.8},"tweenEasing":0},{"z":3,"duration":1,"transform":{"pY":0.15,"scX":1,"x":-446.65,"scY":1,"y":-250.85,"skX":108.03,"pX":0.15,"skY":108.03},"tweenEasing":0}],"offset":0},{"name":4,"scale":1,"frame":[{"z":4,"duration":2,"transform":{"pY":0,"scX":1,"x":489.85,"scY":1,"y":-130.65,"skX":175.34,"pX":0,"skY":175.34},"tweenEasing":0},{"z":4,"duration":2,"transform":{"pY":0,"scX":1,"x":487,"scY":1,"y":-113.85,"skX":179.27,"pX":0,"skY":179.27},"tweenEasing":0},{"z":4,"duration":2,"transform":{"pY":0,"scX":1,"x":482.8,"scY":1,"y":-101.2,"skX":-179.42,"pX":0.05,"skY":-179.42},"tweenEasing":0},{"z":4,"duration":2,"transform":{"pY":-0.05,"scX":1,"x":478.45,"scY":1,"y":-84.7,"skX":-175.49,"pX":0.05,"skY":-175.49},"tweenEasing":0},{"z":4,"duration":2,"transform":{"pY":0.05,"scX":1,"x":473.4,"scY":1,"y":-70.25,"skX":-170.19,"pX":0.05,"skY":-170.19},"tweenEasing":0},{"z":4,"duration":2,"transform":{"pY":0,"scX":1,"x":466.7,"scY":1,"y":-54.5,"skX":-167.19,"pX":0.05,"skY":-167.19},"tweenEasing":0},{"z":4,"duration":2,"transform":{"pY":0.1,"scX":1,"x":459.5,"scY":1,"y":-38.95,"skX":-163,"pX":0,"skY":-163},"tweenEasing":0},{"z":4,"duration":2,"transform":{"pY":0,"scX":1,"x":451.9,"scY":1,"y":-25.8,"skX":-158.96,"pX":0.1,"skY":-158.96},"tweenEasing":0},{"z":4,"duration":2,"transform":{"pY":0.1,"scX":1,"x":444.45,"scY":1,"y":-10.7,"skX":-153.3,"pX":0.05,"skY":-153.3},"tweenEasing":0},{"z":4,"duration":2,"transform":{"pY":0.05,"scX":1,"x":434.35,"scY":1,"y":2.7,"skX":-148.97,"pX":0.2,"skY":-148.97},"tweenEasing":0},{"z":4,"duration":2,"transform":{"pY":0.05,"scX":1,"x":425.4,"scY":1,"y":15.75,"skX":-143.31,"pX":0.05,"skY":-143.31},"tweenEasing":0},{"z":4,"duration":2,"transform":{"pY":0.05,"scX":1,"x":412.9,"scY":1,"y":28.45,"skX":-140.2,"pX":0.2,"skY":-140.2},"tweenEasing":0},{"z":4,"duration":2,"transform":{"pY":0,"scX":1,"x":400.35,"scY":1,"y":39.3,"skX":-136.77,"pX":-0.05,"skY":-136.77},"tweenEasing":0},{"z":4,"duration":2,"transform":{"pY":0,"scX":1,"x":387.15,"scY":1,"y":49.15,"skX":-131.69,"pX":0.2,"skY":-131.69},"tweenEasing":0},{"z":4,"duration":2,"transform":{"pY":0,"scX":1,"x":371.6,"scY":1,"y":55.95,"skX":-127.06,"pX":0,"skY":-127.06},"tweenEasing":0},{"z":4,"duration":2,"transform":{"pY":0,"scX":1,"x":355.4,"scY":1,"y":62.25,"skX":-123.43,"pX":0.15,"skY":-123.43},"tweenEasing":0},{"z":4,"duration":2,"transform":{"pY":0.1,"scX":1,"x":337.1,"scY":1,"y":65,"skX":-118.1,"pX":0,"skY":-118.1},"tweenEasing":0},{"z":4,"duration":2,"transform":{"pY":0,"scX":1,"x":319,"scY":1,"y":65.7,"skX":-113.2,"pX":0.2,"skY":-113.2},"tweenEasing":0},{"z":4,"duration":2,"transform":{"pY":0.1,"scX":1,"x":300.95,"scY":1,"y":65.7,"skX":-110.39,"pX":0,"skY":-110.39},"tweenEasing":0},{"z":4,"duration":2,"transform":{"pY":-0.05,"scX":1,"x":283.55,"scY":1,"y":61.45,"skX":-104.74,"pX":0.1,"skY":-104.74},"tweenEasing":0},{"z":4,"duration":2,"transform":{"pY":0.15,"scX":1,"x":266.15,"scY":1,"y":56.5,"skX":-99.48,"pX":0,"skY":-99.48},"tweenEasing":0},{"z":4,"duration":2,"transform":{"pY":0.05,"scX":1,"x":249.3,"scY":1,"y":50.55,"skX":-96.28,"pX":0.1,"skY":-96.28},"tweenEasing":0},{"z":4,"duration":2,"transform":{"pY":0.05,"scX":1,"x":232.7,"scY":1,"y":43.9,"skX":-92.3,"pX":-0.1,"skY":-92.3},"tweenEasing":0},{"z":4,"duration":2,"transform":{"pY":0,"scX":1,"x":218.2,"scY":1,"y":35.3,"skX":-85.37,"pX":0.2,"skY":-85.37},"tweenEasing":0},{"z":4,"duration":2,"transform":{"pY":0.05,"scX":1,"x":201.95,"scY":1,"y":25.25,"skX":-81.81,"pX":-0.1,"skY":-81.81},"tweenEasing":0},{"z":4,"duration":2,"transform":{"pY":0,"scX":1,"x":186.3,"scY":1,"y":16.55,"skX":-78.12,"pX":0.1,"skY":-78.12},"tweenEasing":0},{"z":4,"duration":2,"transform":{"pY":0.05,"scX":1,"x":172.35,"scY":1,"y":6.35,"skX":-73.57,"pX":-0.1,"skY":-73.57},"tweenEasing":0},{"z":4,"duration":2,"transform":{"pY":-0.1,"scX":1,"x":158.65,"scY":1,"y":-3.25,"skX":-68.09,"pX":0.05,"skY":-68.09},"tweenEasing":0},{"z":4,"duration":2,"transform":{"pY":0,"scX":1,"x":145.25,"scY":1,"y":-15,"skX":-63.19,"pX":-0.2,"skY":-63.19},"tweenEasing":0},{"z":4,"duration":1,"transform":{"pY":0.05,"scX":1,"x":131.15,"scY":1,"y":-24.9,"skX":-60.92,"pX":0,"skY":-60.92},"tweenEasing":0},{"z":4,"duration":3,"transform":{"pY":-0.05,"scX":1,"x":124.45,"scY":1,"y":-29.8,"skX":-57.96,"pX":0,"skY":-57.96},"tweenEasing":0},{"transform":{"pY":-0.1,"scX":1,"x":124.6,"scY":1,"y":-30,"skX":-0.01,"pX":0,"skY":-0.01},"z":4,"duration":1},{"transform":{"pY":-0.1,"scX":1,"x":124.6,"scY":1,"y":-30,"skX":-0.01,"pX":0,"skY":-0.01},"z":4,"duration":34},{"z":4,"duration":4,"transform":{"pY":-0.1,"scX":1,"x":124.6,"scY":1,"y":-30,"skX":-0.01,"pX":0,"skY":-0.01},"tweenEasing":0},{"z":4,"duration":4,"transform":{"pY":0,"scX":1,"x":124.6,"scY":1,"y":-30.05,"skX":-8.97,"pX":-0.05,"skY":-8.97},"tweenEasing":0},{"z":4,"duration":4,"transform":{"pY":-0.1,"scX":1,"x":124.6,"scY":1,"y":-30,"skX":-0.01,"pX":0,"skY":-0.01},"tweenEasing":0},{"z":4,"duration":4,"transform":{"pY":-0.15,"scX":1,"x":124.75,"scY":1,"y":-30,"skX":-5.5,"pX":-0.15,"skY":-5.5},"tweenEasing":0},{"transform":{"pY":-0.1,"scX":1,"x":124.6,"scY":1,"y":-30,"skX":-0.01,"pX":0,"skY":-0.01},"z":4,"duration":46},{"z":4,"duration":6,"transform":{"pY":-0.1,"scX":1,"x":124.6,"scY":1,"y":-30,"skX":-0.01,"pX":0,"skY":-0.01},"tweenEasing":0},{"z":4,"duration":13,"transform":{"pY":-0.05,"scX":1,"x":101.75,"scY":1,"y":-35.9,"skX":-15.31,"pX":-0.15,"skY":-15.31},"tweenEasing":0},{"z":4,"duration":29,"transform":{"pY":0,"scX":1,"x":51.45,"scY":1,"y":-35.45,"skX":-43,"pX":0,"skY":-43},"tweenEasing":0},{"transform":{"pY":-0.1,"scX":1,"x":-46.05,"scY":1,"y":-41.5,"skX":-41.05,"pX":-0.05,"skY":-41.05},"z":4,"duration":9},{"z":4,"duration":4,"transform":{"pY":-0.15,"scX":1,"x":-46.05,"scY":1,"y":-41.45,"skX":-41.04,"pX":0,"skY":-41.04},"tweenEasing":0},{"z":4,"duration":5,"transform":{"pY":-0.3,"scX":1,"x":-46.05,"scY":1,"y":-41.45,"skX":-51.53,"pX":-0.1,"skY":-51.53},"tweenEasing":0},{"z":4,"duration":5,"transform":{"pY":-0.15,"scX":1,"x":-46.05,"scY":1,"y":-41.45,"skX":-41.04,"pX":0,"skY":-41.04},"tweenEasing":0},{"z":4,"duration":5,"transform":{"pY":-0.15,"scX":1,"x":-46.05,"scY":1,"y":-41.45,"skX":-45.74,"pX":-0.05,"skY":-45.74},"tweenEasing":0},{"transform":{"pY":-0.15,"scX":1,"x":-46.05,"scY":1,"y":-41.45,"skX":-41.04,"pX":0,"skY":-41.04},"z":4,"duration":58},{"z":4,"duration":4,"transform":{"pY":-0.15,"scX":1,"x":-46.05,"scY":1,"y":-41.45,"skX":-41.04,"pX":0,"skY":-41.04},"tweenEasing":0},{"z":4,"duration":5,"transform":{"pY":-0.3,"scX":1,"x":-46.05,"scY":1,"y":-41.45,"skX":-51.53,"pX":-0.1,"skY":-51.53},"tweenEasing":0},{"z":4,"duration":5,"transform":{"pY":-0.15,"scX":1,"x":-46.05,"scY":1,"y":-41.45,"skX":-41.04,"pX":0,"skY":-41.04},"tweenEasing":0},{"z":4,"duration":5,"transform":{"pY":-0.15,"scX":1,"x":-46.05,"scY":1,"y":-41.45,"skX":-45.74,"pX":-0.05,"skY":-45.74},"tweenEasing":0},{"transform":{"pY":-0.15,"scX":1,"x":-46.05,"scY":1,"y":-41.45,"skX":-41.04,"pX":0,"skY":-41.04},"z":4,"duration":2},{"transform":{"pY":-0.15,"scX":1,"x":-46.05,"scY":1,"y":-41.45,"skX":-41.04,"pX":0,"skY":-41.04},"z":4,"duration":1},{"z":4,"duration":4,"transform":{"pY":-0.15,"scX":1,"x":-46.05,"scY":1,"y":-41.45,"skX":-41.04,"pX":0,"skY":-41.04},"tweenEasing":0},{"z":4,"duration":1,"transform":{"pY":0.05,"scX":1,"x":-46.15,"scY":1,"y":-41.3,"skX":-99,"pX":0.05,"skY":-99},"tweenEasing":0},{"z":4,"duration":2,"transform":{"pY":0.05,"scX":1,"x":-46.15,"scY":1,"y":-41.3,"skX":-99,"pX":0.05,"skY":-99},"tweenEasing":0},{"z":4,"duration":2,"transform":{"pY":0,"scX":1,"x":-62.65,"scY":1,"y":-30.4,"skX":-101.98,"pX":-0.05,"skY":-101.98},"tweenEasing":0},{"z":4,"duration":2,"transform":{"pY":0.15,"scX":1,"x":-81.2,"scY":1,"y":-21.05,"skX":-109.16,"pX":0.05,"skY":-109.16},"tweenEasing":0},{"z":4,"duration":2,"transform":{"pY":0.05,"scX":1,"x":-97.8,"scY":1,"y":-12.05,"skX":-115.12,"pX":0,"skY":-115.12},"tweenEasing":0},{"z":4,"duration":2,"transform":{"pY":0.1,"scX":1,"x":-113.3,"scY":1,"y":-1.45,"skX":-123.82,"pX":0.05,"skY":-123.82},"tweenEasing":0},{"z":4,"duration":2,"transform":{"pY":0.15,"scX":1,"x":-128.5,"scY":1,"y":9.85,"skX":-130.03,"pX":0.05,"skY":-130.03},"tweenEasing":0},{"z":4,"duration":2,"transform":{"pY":0.15,"scX":1,"x":-145.2,"scY":1,"y":20.95,"skX":-135.07,"pX":0.05,"skY":-135.07},"tweenEasing":0},{"z":4,"duration":2,"transform":{"pY":0.15,"scX":1,"x":-159.4,"scY":1,"y":31.3,"skX":-138.49,"pX":-0.05,"skY":-138.49},"tweenEasing":0},{"z":4,"duration":2,"transform":{"pY":0.1,"scX":1,"x":-175.2,"scY":1,"y":38.15,"skX":-135.85,"pX":0.05,"skY":-135.85},"tweenEasing":0},{"z":4,"duration":2,"transform":{"pY":0.1,"scX":1,"x":-193.25,"scY":1,"y":46.3,"skX":-131.46,"pX":0,"skY":-131.46},"tweenEasing":0},{"z":4,"duration":2,"transform":{"pY":0.1,"scX":1,"x":-208.9,"scY":1,"y":53.35,"skX":-129.86,"pX":0.05,"skY":-129.86},"tweenEasing":0},{"z":4,"duration":2,"transform":{"pY":0.15,"scX":1,"x":-226.55,"scY":1,"y":57.45,"skX":-127.16,"pX":0.05,"skY":-127.16},"tweenEasing":0},{"z":4,"duration":2,"transform":{"pY":0.15,"scX":1,"x":-244.75,"scY":1,"y":62.6,"skX":-124.14,"pX":0.1,"skY":-124.14},"tweenEasing":0},{"z":4,"duration":2,"transform":{"pY":0.25,"scX":1,"x":-262.15,"scY":1,"y":65.45,"skX":-122.88,"pX":0.05,"skY":-122.88},"tweenEasing":0},{"z":4,"duration":2,"transform":{"pY":0.2,"scX":1,"x":-289.1,"scY":1,"y":65.35,"skX":-112.44,"pX":0.15,"skY":-112.44},"tweenEasing":0},{"z":4,"duration":2,"transform":{"pY":0.15,"scX":1,"x":-317.2,"scY":1,"y":62.55,"skX":-106,"pX":0.05,"skY":-106},"tweenEasing":0},{"z":4,"duration":2,"transform":{"pY":0.2,"scX":1,"x":-345.2,"scY":1,"y":57.35,"skX":-96.04,"pX":0.1,"skY":-96.04},"tweenEasing":0},{"z":4,"duration":2,"transform":{"pY":0.05,"scX":1,"x":-371.6,"scY":1,"y":48.45,"skX":-89.07,"pX":0.05,"skY":-89.07},"tweenEasing":0},{"z":4,"duration":2,"transform":{"pY":0.2,"scX":1,"x":-396.15,"scY":1,"y":36.35,"skX":-80.38,"pX":0.05,"skY":-80.38},"tweenEasing":0},{"z":4,"duration":2,"transform":{"pY":0.1,"scX":1,"x":-418,"scY":1,"y":19.6,"skX":-72.94,"pX":0.1,"skY":-72.94},"tweenEasing":0},{"z":4,"duration":2,"transform":{"pY":0.25,"scX":1,"x":-436.25,"scY":1,"y":-2.3,"skX":-62.95,"pX":0,"skY":-62.95},"tweenEasing":0},{"z":4,"duration":2,"transform":{"pY":0.15,"scX":1,"x":-450.45,"scY":1,"y":-26.35,"skX":-56.92,"pX":0.1,"skY":-56.92},"tweenEasing":0},{"z":4,"duration":2,"transform":{"pY":0.2,"scX":1,"x":-459.5,"scY":1,"y":-52.45,"skX":-50.99,"pX":-0.05,"skY":-50.99},"tweenEasing":0},{"z":4,"duration":2,"transform":{"pY":0.15,"scX":1,"x":-466.9,"scY":1,"y":-80.3,"skX":-41.93,"pX":0.1,"skY":-41.93},"tweenEasing":0},{"z":4,"duration":2,"transform":{"pY":0.25,"scX":1,"x":-467.75,"scY":1,"y":-108,"skX":-35.51,"pX":-0.05,"skY":-35.51},"tweenEasing":0},{"z":4,"duration":2,"transform":{"pY":0.15,"scX":1,"x":-465.95,"scY":1,"y":-136.8,"skX":-25.69,"pX":0.05,"skY":-25.69},"tweenEasing":0},{"z":4,"duration":2,"transform":{"pY":0.15,"scX":1,"x":-460.6,"scY":1,"y":-164.7,"skX":-16.32,"pX":-0.05,"skY":-16.32},"tweenEasing":0},{"z":4,"duration":2,"transform":{"pY":0.1,"scX":1,"x":-453.95,"scY":1,"y":-191.65,"skX":-9.31,"pX":0.2,"skY":-9.31},"tweenEasing":0},{"z":4,"duration":2,"transform":{"pY":0.2,"scX":1,"x":-448.45,"scY":1,"y":-218.9,"skX":-2.62,"pX":0,"skY":-2.62},"tweenEasing":0},{"z":4,"duration":1,"transform":{"pY":0,"scX":1,"x":-438.95,"scY":1,"y":-244.9,"skX":6.61,"pX":0.1,"skY":6.61},"tweenEasing":0}],"offset":0},{"name":3,"scale":1,"frame":[{"z":5,"duration":2,"transform":{"pY":0,"scX":1,"x":494.1,"scY":1,"y":-128.05,"skX":-126.71,"pX":0,"skY":-126.71},"tweenEasing":0},{"z":5,"duration":2,"transform":{"pY":0,"scX":1,"x":491.15,"scY":1,"y":-111,"skX":-122.77,"pX":-0.05,"skY":-122.77},"tweenEasing":0},{"z":5,"duration":2,"transform":{"pY":0,"scX":1,"x":486.85,"scY":1,"y":-98.25,"skX":-121.47,"pX":0.05,"skY":-121.47},"tweenEasing":0},{"z":5,"duration":2,"transform":{"pY":-0.05,"scX":1,"x":482.3,"scY":1,"y":-81.5,"skX":-117.53,"pX":0,"skY":-117.53},"tweenEasing":0},{"z":5,"duration":2,"transform":{"pY":0,"scX":1,"x":476.95,"scY":1,"y":-66.7,"skX":-112.23,"pX":0,"skY":-112.23},"tweenEasing":0},{"z":5,"duration":2,"transform":{"pY":0.05,"scX":1,"x":470,"scY":1,"y":-50.85,"skX":-109.23,"pX":-0.05,"skY":-109.23},"tweenEasing":0},{"z":5,"duration":2,"transform":{"pY":0,"scX":1,"x":462.6,"scY":1,"y":-35,"skX":-105.04,"pX":0.05,"skY":-105.04},"tweenEasing":0},{"z":5,"duration":2,"transform":{"pY":0.05,"scX":1,"x":454.6,"scY":1,"y":-21.75,"skX":-101,"pX":-0.05,"skY":-101},"tweenEasing":0},{"z":5,"duration":2,"transform":{"pY":0,"scX":1,"x":446.9,"scY":1,"y":-6.3,"skX":-95.34,"pX":0.05,"skY":-95.34},"tweenEasing":0},{"z":5,"duration":2,"transform":{"pY":0.05,"scX":1,"x":436.25,"scY":1,"y":7.15,"skX":-91.02,"pX":0,"skY":-91.02},"tweenEasing":0},{"z":5,"duration":2,"transform":{"pY":0.05,"scX":1,"x":427,"scY":1,"y":20.5,"skX":-85.35,"pX":0.05,"skY":-85.35},"tweenEasing":0},{"z":5,"duration":2,"transform":{"pY":0,"scX":1,"x":414.1,"scY":1,"y":33.1,"skX":-82.24,"pX":0,"skY":-82.24},"tweenEasing":0},{"z":5,"duration":2,"transform":{"pY":0.1,"scX":1,"x":401.4,"scY":1,"y":44.2,"skX":-78.82,"pX":0,"skY":-78.82},"tweenEasing":0},{"z":5,"duration":2,"transform":{"pY":0,"scX":1,"x":387.7,"scY":1,"y":53.95,"skX":-73.73,"pX":0,"skY":-73.73},"tweenEasing":0},{"z":5,"duration":2,"transform":{"pY":0.15,"scX":1,"x":371.85,"scY":1,"y":60.9,"skX":-69.1,"pX":0,"skY":-69.1},"tweenEasing":0},{"z":5,"duration":2,"transform":{"pY":0,"scX":1,"x":355.3,"scY":1,"y":67.15,"skX":-65.48,"pX":0,"skY":-65.48},"tweenEasing":0},{"z":5,"duration":2,"transform":{"pY":0.1,"scX":1,"x":336.6,"scY":1,"y":69.95,"skX":-60.14,"pX":0.05,"skY":-60.14},"tweenEasing":0},{"z":5,"duration":2,"transform":{"pY":0,"scX":1,"x":318.05,"scY":1,"y":70.45,"skX":-55.24,"pX":0,"skY":-55.24},"tweenEasing":0},{"z":5,"duration":2,"transform":{"pY":0.1,"scX":1,"x":299.8,"scY":1,"y":70.55,"skX":-52.44,"pX":0.05,"skY":-52.44},"tweenEasing":0},{"z":5,"duration":2,"transform":{"pY":0,"scX":1,"x":281.9,"scY":1,"y":66.05,"skX":-46.79,"pX":0.05,"skY":-46.79},"tweenEasing":0},{"z":5,"duration":2,"transform":{"pY":0.15,"scX":1,"x":264.15,"scY":1,"y":61,"skX":-41.52,"pX":0.1,"skY":-41.52},"tweenEasing":0},{"z":5,"duration":2,"transform":{"pY":0,"scX":1,"x":247,"scY":1,"y":54.85,"skX":-38.32,"pX":0,"skY":-38.32},"tweenEasing":0},{"z":5,"duration":2,"transform":{"pY":0.1,"scX":1,"x":230.1,"scY":1,"y":48.25,"skX":-34.34,"pX":0.05,"skY":-34.34},"tweenEasing":0},{"z":5,"duration":2,"transform":{"pY":0,"scX":1,"x":215.15,"scY":1,"y":39,"skX":-27.42,"pX":0.05,"skY":-27.42},"tweenEasing":0},{"z":5,"duration":2,"transform":{"pY":0.1,"scX":1,"x":198.6,"scY":1,"y":29.1,"skX":-23.86,"pX":0.05,"skY":-23.86},"tweenEasing":0},{"z":5,"duration":2,"transform":{"pY":0,"scX":1,"x":182.75,"scY":1,"y":19.9,"skX":-20.17,"pX":0.05,"skY":-20.17},"tweenEasing":0},{"z":5,"duration":2,"transform":{"pY":0.05,"scX":1,"x":168.45,"scY":1,"y":9.75,"skX":-15.62,"pX":0.1,"skY":-15.62},"tweenEasing":0},{"z":5,"duration":2,"transform":{"pY":-0.05,"scX":1,"x":154.55,"scY":1,"y":-0.55,"skX":-10.14,"pX":0.05,"skY":-10.14},"tweenEasing":0},{"z":5,"duration":2,"transform":{"pY":0.05,"scX":1,"x":140.8,"scY":1,"y":-12.3,"skX":-5.23,"pX":0.15,"skY":-5.23},"tweenEasing":0},{"transform":{"pY":0,"scX":1,"x":126.65,"scY":1,"y":-22.7,"skX":-2.97,"pX":-0.05,"skY":-2.97},"z":5,"duration":1},{"transform":{"pY":0,"scX":1,"x":119.85,"scY":1,"y":-27.85,"skX":0,"pX":0,"skY":0},"z":5,"duration":3},{"transform":{"pY":0,"scX":1,"x":119.85,"scY":1,"y":-27.85,"skX":0,"pX":0,"skY":0},"z":5,"duration":1},{"transform":{"pY":0,"scX":1,"x":119.85,"scY":1,"y":-27.85,"skX":0,"pX":0,"skY":0},"z":5,"duration":96},{"z":5,"duration":6,"transform":{"pY":0,"scX":1,"x":119.85,"scY":1,"y":-27.85,"skX":0,"pX":0,"skY":0},"tweenEasing":0},{"z":5,"duration":13,"transform":{"pY":-0.05,"scX":1,"x":97.95,"scY":1,"y":-32.85,"skX":-15.29,"pX":0,"skY":-15.29},"tweenEasing":0},{"z":5,"duration":29,"transform":{"pY":-0.05,"scX":1,"x":49.55,"scY":1,"y":-30.85,"skX":-42.8,"pX":0,"skY":-42.8},"tweenEasing":0},{"transform":{"pY":0,"scX":1,"x":-48.35,"scY":1,"y":-36.75,"skX":-41.04,"pX":0,"skY":-41.04},"z":5,"duration":107},{"transform":{"pY":0,"scX":1,"x":-48.35,"scY":1,"y":-36.75,"skX":-41.04,"pX":0,"skY":-41.04},"z":5,"duration":1},{"z":5,"duration":4,"transform":{"pY":0,"scX":1,"x":-48.35,"scY":1,"y":-36.75,"skX":-41.04,"pX":0,"skY":-41.04},"tweenEasing":0},{"z":5,"duration":1,"transform":{"pY":0,"scX":1,"x":-48.35,"scY":1,"y":-36.75,"skX":-41.04,"pX":0,"skY":-41.04},"tweenEasing":0},{"z":5,"duration":2,"transform":{"pY":0,"scX":1,"x":-48.35,"scY":1,"y":-36.75,"skX":-41.04,"pX":0,"skY":-41.04},"tweenEasing":0},{"z":5,"duration":2,"transform":{"pY":0,"scX":1,"x":-64.55,"scY":1,"y":-25.8,"skX":-44.03,"pX":-0.05,"skY":-44.03},"tweenEasing":0},{"z":5,"duration":2,"transform":{"pY":0,"scX":1,"x":-82.55,"scY":1,"y":-16.2,"skX":-51.21,"pX":0,"skY":-51.21},"tweenEasing":0},{"z":5,"duration":2,"transform":{"pY":0,"scX":1,"x":-98.5,"scY":1,"y":-7.15,"skX":-57.16,"pX":-0.05,"skY":-57.16},"tweenEasing":0},{"z":5,"duration":2,"transform":{"pY":0,"scX":1,"x":-113.3,"scY":1,"y":3.6,"skX":-65.87,"pX":0,"skY":-65.87},"tweenEasing":0},{"z":5,"duration":2,"transform":{"pY":-0.05,"scX":1,"x":-127.9,"scY":1,"y":14.75,"skX":-72.07,"pX":-0.05,"skY":-72.07},"tweenEasing":0},{"z":5,"duration":2,"transform":{"pY":0,"scX":1,"x":-144.2,"scY":1,"y":25.9,"skX":-77.11,"pX":0,"skY":-77.11},"tweenEasing":0},{"z":5,"duration":2,"transform":{"pY":-0.05,"scX":1,"x":-158.1,"scY":1,"y":36.1,"skX":-80.54,"pX":-0.05,"skY":-80.54},"tweenEasing":0},{"z":5,"duration":2,"transform":{"pY":0,"scX":1,"x":-174.15,"scY":1,"y":43.1,"skX":-77.89,"pX":0.05,"skY":-77.89},"tweenEasing":0},{"z":5,"duration":2,"transform":{"pY":0,"scX":1,"x":-192.65,"scY":1,"y":51.2,"skX":-73.51,"pX":-0.05,"skY":-73.51},"tweenEasing":0},{"z":5,"duration":2,"transform":{"pY":0,"scX":1,"x":-208.35,"scY":1,"y":58.45,"skX":-71.9,"pX":0.05,"skY":-71.9},"tweenEasing":0},{"z":5,"duration":2,"transform":{"pY":0,"scX":1,"x":-226.3,"scY":1,"y":62.35,"skX":-69.21,"pX":-0.05,"skY":-69.21},"tweenEasing":0},{"z":5,"duration":2,"transform":{"pY":-0.05,"scX":1,"x":-244.7,"scY":1,"y":67.7,"skX":-66.18,"pX":0.05,"skY":-66.18},"tweenEasing":0},{"z":5,"duration":2,"transform":{"pY":0,"scX":1,"x":-262.3,"scY":1,"y":70.35,"skX":-64.93,"pX":0,"skY":-64.93},"tweenEasing":0},{"z":5,"duration":2,"transform":{"pY":-0.1,"scX":1,"x":-290.1,"scY":1,"y":70.3,"skX":-54.48,"pX":0.05,"skY":-54.48},"tweenEasing":0},{"z":5,"duration":2,"transform":{"pY":0,"scX":1,"x":-318.75,"scY":1,"y":67.25,"skX":-48.04,"pX":0,"skY":-48.04},"tweenEasing":0},{"z":5,"duration":2,"transform":{"pY":-0.05,"scX":1,"x":-347.6,"scY":1,"y":61.85,"skX":-38.08,"pX":0.1,"skY":-38.08},"tweenEasing":0},{"z":5,"duration":2,"transform":{"pY":0,"scX":1,"x":-374.5,"scY":1,"y":52.45,"skX":-31.12,"pX":-0.05,"skY":-31.12},"tweenEasing":0},{"z":5,"duration":2,"transform":{"pY":-0.1,"scX":1,"x":-399.75,"scY":1,"y":40.1,"skX":-22.43,"pX":0.05,"skY":-22.43},"tweenEasing":0},{"z":5,"duration":2,"transform":{"pY":0,"scX":1,"x":-421.85,"scY":1,"y":22.6,"skX":-14.98,"pX":0,"skY":-14.98},"tweenEasing":0},{"z":5,"duration":2,"transform":{"pY":-0.1,"scX":1,"x":-440.8,"scY":1,"y":0.2,"skX":-4.99,"pX":0.05,"skY":-4.99},"tweenEasing":0},{"z":5,"duration":2,"transform":{"pY":0,"scX":1,"x":-454.95,"scY":1,"y":-24.5,"skX":1.03,"pX":0,"skY":1.03},"tweenEasing":0},{"z":5,"duration":2,"transform":{"pY":-0.1,"scX":1,"x":-464.45,"scY":1,"y":-50.95,"skX":6.97,"pX":0.05,"skY":6.97},"tweenEasing":0},{"z":5,"duration":2,"transform":{"pY":0,"scX":1,"x":-471.75,"scY":1,"y":-79.65,"skX":16.03,"pX":0,"skY":16.03},"tweenEasing":0},{"z":5,"duration":2,"transform":{"pY":-0.05,"scX":1,"x":-472.9,"scY":1,"y":-107.85,"skX":22.45,"pX":0.05,"skY":22.45},"tweenEasing":0},{"z":5,"duration":2,"transform":{"pY":0,"scX":1,"x":-470.8,"scY":1,"y":-137.5,"skX":32.26,"pX":0.05,"skY":32.26},"tweenEasing":0},{"z":5,"duration":2,"transform":{"pY":-0.1,"scX":1,"x":-465.5,"scY":1,"y":-166.3,"skX":41.64,"pX":0,"skY":41.64},"tweenEasing":0},{"z":5,"duration":2,"transform":{"pY":0,"scX":1,"x":-458.4,"scY":1,"y":-193.75,"skX":48.64,"pX":0,"skY":48.64},"tweenEasing":0},{"z":5,"duration":2,"transform":{"pY":-0.1,"scX":1,"x":-452.9,"scY":1,"y":-221.7,"skX":55.34,"pX":0,"skY":55.34},"tweenEasing":0},{"z":5,"duration":1,"transform":{"pY":0,"scX":1,"x":-442.65,"scY":1,"y":-248.15,"skX":64.56,"pX":0,"skY":64.56},"tweenEasing":0}],"offset":0},{"name":2,"scale":1,"frame":[{"z":6,"duration":2,"transform":{"pY":0,"scX":1,"x":493.1,"scY":1,"y":-128.7,"skX":-126.71,"pX":0,"skY":-126.71},"tweenEasing":0},{"z":6,"duration":2,"transform":{"pY":0,"scX":1,"x":490.2,"scY":1,"y":-111.5,"skX":-122.77,"pX":0,"skY":-122.77},"tweenEasing":0},{"z":6,"duration":2,"transform":{"pY":0,"scX":1,"x":485.9,"scY":1,"y":-98.95,"skX":-121.47,"pX":0,"skY":-121.47},"tweenEasing":0},{"z":6,"duration":2,"transform":{"pY":0,"scX":1,"x":481.4,"scY":1,"y":-82.1,"skX":-117.53,"pX":0,"skY":-117.53},"tweenEasing":0},{"z":6,"duration":2,"transform":{"pY":0,"scX":1,"x":476.05,"scY":1,"y":-67.55,"skX":-112.23,"pX":0,"skY":-112.23},"tweenEasing":0},{"z":6,"duration":2,"transform":{"pY":0,"scX":1,"x":469.2,"scY":1,"y":-51.6,"skX":-109.23,"pX":0,"skY":-109.23},"tweenEasing":0},{"z":6,"duration":2,"transform":{"pY":0,"scX":1,"x":461.8,"scY":1,"y":-35.95,"skX":-105.04,"pX":0,"skY":-105.04},"tweenEasing":0},{"z":6,"duration":2,"transform":{"pY":0,"scX":1,"x":453.95,"scY":1,"y":-22.55,"skX":-101,"pX":0,"skY":-101},"tweenEasing":0},{"z":6,"duration":2,"transform":{"pY":0,"scX":1,"x":446.2,"scY":1,"y":-7.35,"skX":-95.34,"pX":0,"skY":-95.34},"tweenEasing":0},{"z":6,"duration":2,"transform":{"pY":0,"scX":1,"x":435.8,"scY":1,"y":6.25,"skX":-91.02,"pX":0,"skY":-91.02},"tweenEasing":0},{"z":6,"duration":2,"transform":{"pY":0,"scX":1,"x":426.55,"scY":1,"y":19.35,"skX":-85.35,"pX":0,"skY":-85.35},"tweenEasing":0},{"z":6,"duration":2,"transform":{"pY":0,"scX":1,"x":413.8,"scY":1,"y":32.15,"skX":-82.24,"pX":0,"skY":-82.24},"tweenEasing":0},{"z":6,"duration":2,"transform":{"pY":0,"scX":1,"x":401.1,"scY":1,"y":43.05,"skX":-78.82,"pX":0,"skY":-78.82},"tweenEasing":0},{"z":6,"duration":2,"transform":{"pY":0,"scX":1,"x":387.55,"scY":1,"y":53,"skX":-73.73,"pX":0,"skY":-73.73},"tweenEasing":0},{"z":6,"duration":2,"transform":{"pY":0,"scX":1,"x":371.7,"scY":1,"y":59.75,"skX":-69.1,"pX":0,"skY":-69.1},"tweenEasing":0},{"z":6,"duration":2,"transform":{"pY":0,"scX":1,"x":355.3,"scY":1,"y":66.2,"skX":-65.48,"pX":0,"skY":-65.48},"tweenEasing":0},{"z":6,"duration":2,"transform":{"pY":0,"scX":1,"x":336.65,"scY":1,"y":68.8,"skX":-60.14,"pX":0,"skY":-60.14},"tweenEasing":0},{"z":6,"duration":2,"transform":{"pY":0,"scX":1,"x":318.2,"scY":1,"y":69.55,"skX":-55.24,"pX":0,"skY":-55.24},"tweenEasing":0},{"z":6,"duration":2,"transform":{"pY":0,"scX":1,"x":300,"scY":1,"y":69.4,"skX":-52.44,"pX":0,"skY":-52.44},"tweenEasing":0},{"z":6,"duration":2,"transform":{"pY":0,"scX":1,"x":282.15,"scY":1,"y":65.25,"skX":-46.79,"pX":0,"skY":-46.79},"tweenEasing":0},{"z":6,"duration":2,"transform":{"pY":0,"scX":1,"x":264.55,"scY":1,"y":59.9,"skX":-41.52,"pX":0,"skY":-41.52},"tweenEasing":0},{"z":6,"duration":2,"transform":{"pY":0,"scX":1,"x":247.3,"scY":1,"y":54.15,"skX":-38.32,"pX":0,"skY":-38.32},"tweenEasing":0},{"z":6,"duration":2,"transform":{"pY":0,"scX":1,"x":230.65,"scY":1,"y":47.15,"skX":-34.34,"pX":0,"skY":-34.34},"tweenEasing":0},{"z":6,"duration":2,"transform":{"pY":0,"scX":1,"x":215.55,"scY":1,"y":38.45,"skX":-27.42,"pX":0,"skY":-27.42},"tweenEasing":0},{"z":6,"duration":2,"transform":{"pY":0,"scX":1,"x":199.35,"scY":1,"y":28.1,"skX":-23.86,"pX":0,"skY":-23.86},"tweenEasing":0},{"z":6,"duration":2,"transform":{"pY":0,"scX":1,"x":183.25,"scY":1,"y":19.35,"skX":-20.17,"pX":0,"skY":-20.17},"tweenEasing":0},{"z":6,"duration":2,"transform":{"pY":0,"scX":1,"x":169.3,"scY":1,"y":8.8,"skX":-15.62,"pX":0,"skY":-15.62},"tweenEasing":0},{"z":6,"duration":2,"transform":{"pY":0,"scX":1,"x":155.15,"scY":1,"y":-1.05,"skX":-10.14,"pX":0,"skY":-10.14},"tweenEasing":0},{"z":6,"duration":2,"transform":{"pY":0,"scX":1,"x":141.8,"scY":1,"y":-13.1,"skX":-5.23,"pX":0,"skY":-5.23},"tweenEasing":0},{"transform":{"pY":0,"scX":1,"x":127.65,"scY":1,"y":-23.25,"skX":-2.97,"pX":0,"skY":-2.97},"z":6,"duration":1},{"transform":{"pY":0,"scX":1,"x":120.85,"scY":1,"y":-28.35,"skX":0,"pX":0,"skY":0},"z":6,"duration":3},{"transform":{"pY":0,"scX":1,"x":120.85,"scY":1,"y":-28.35,"skX":0,"pX":0,"skY":0},"z":6,"duration":1},{"transform":{"pY":0,"scX":1,"x":120.85,"scY":1,"y":-28.35,"skX":0,"pX":0,"skY":0},"z":6,"duration":96},{"z":6,"duration":6,"transform":{"pY":0,"scX":1,"x":120.85,"scY":1,"y":-28.35,"skX":0,"pX":0,"skY":0},"tweenEasing":0},{"z":6,"duration":13,"transform":{"pY":0,"scX":1,"x":98.8,"scY":1,"y":-33.65,"skX":-15.29,"pX":0,"skY":-15.29},"tweenEasing":0},{"z":6,"duration":29,"transform":{"pY":0,"scX":1,"x":49.9,"scY":1,"y":-31.9,"skX":-42.8,"pX":0,"skY":-42.8},"tweenEasing":0},{"transform":{"pY":0,"scX":1,"x":-47.85,"scY":1,"y":-37.8,"skX":-41.04,"pX":0,"skY":-41.04},"z":6,"duration":107},{"transform":{"pY":0,"scX":1,"x":-47.85,"scY":1,"y":-37.8,"skX":-41.04,"pX":0,"skY":-41.04},"z":6,"duration":1},{"z":6,"duration":4,"transform":{"pY":0,"scX":1,"x":-47.85,"scY":1,"y":-37.8,"skX":-41.04,"pX":0,"skY":-41.04},"tweenEasing":0},{"z":6,"duration":1,"transform":{"pY":0,"scX":1,"x":-47.85,"scY":1,"y":-37.8,"skX":-41.04,"pX":0,"skY":-41.04},"tweenEasing":0},{"z":6,"duration":2,"transform":{"pY":0,"scX":1,"x":-47.85,"scY":1,"y":-37.8,"skX":-41.04,"pX":0,"skY":-41.04},"tweenEasing":0},{"z":6,"duration":2,"transform":{"pY":0,"scX":1,"x":-64.3,"scY":1,"y":-26.8,"skX":-44.03,"pX":0,"skY":-44.03},"tweenEasing":0},{"z":6,"duration":2,"transform":{"pY":0,"scX":1,"x":-82.25,"scY":1,"y":-17.35,"skX":-51.21,"pX":0,"skY":-51.21},"tweenEasing":0},{"z":6,"duration":2,"transform":{"pY":0,"scX":1,"x":-98.5,"scY":1,"y":-8.2,"skX":-57.16,"pX":0,"skY":-57.16},"tweenEasing":0},{"z":6,"duration":2,"transform":{"pY":0,"scX":1,"x":-113.35,"scY":1,"y":2.45,"skX":-65.87,"pX":0,"skY":-65.87},"tweenEasing":0},{"z":6,"duration":2,"transform":{"pY":0,"scX":1,"x":-128.2,"scY":1,"y":13.7,"skX":-72.07,"pX":0,"skY":-72.07},"tweenEasing":0},{"z":6,"duration":2,"transform":{"pY":0,"scX":1,"x":-144.5,"scY":1,"y":24.85,"skX":-77.11,"pX":0,"skY":-77.11},"tweenEasing":0},{"z":6,"duration":2,"transform":{"pY":0,"scX":1,"x":-158.55,"scY":1,"y":35.1,"skX":-80.54,"pX":0,"skY":-80.54},"tweenEasing":0},{"z":6,"duration":2,"transform":{"pY":0,"scX":1,"x":-174.45,"scY":1,"y":42.05,"skX":-77.89,"pX":0,"skY":-77.89},"tweenEasing":0},{"z":6,"duration":2,"transform":{"pY":0,"scX":1,"x":-192.95,"scY":1,"y":50.15,"skX":-73.51,"pX":0,"skY":-73.51},"tweenEasing":0},{"z":6,"duration":2,"transform":{"pY":0,"scX":1,"x":-208.55,"scY":1,"y":57.35,"skX":-71.9,"pX":0,"skY":-71.9},"tweenEasing":0},{"z":6,"duration":2,"transform":{"pY":0,"scX":1,"x":-226.55,"scY":1,"y":61.25,"skX":-69.21,"pX":0,"skY":-69.21},"tweenEasing":0},{"z":6,"duration":2,"transform":{"pY":0,"scX":1,"x":-244.75,"scY":1,"y":66.55,"skX":-66.18,"pX":0,"skY":-66.18},"tweenEasing":0},{"z":6,"duration":2,"transform":{"pY":0,"scX":1,"x":-262.4,"scY":1,"y":69.2,"skX":-64.93,"pX":0,"skY":-64.93},"tweenEasing":0},{"z":6,"duration":2,"transform":{"pY":0,"scX":1,"x":-289.9,"scY":1,"y":69.15,"skX":-54.48,"pX":0,"skY":-54.48},"tweenEasing":0},{"z":6,"duration":2,"transform":{"pY":0,"scX":1,"x":-318.55,"scY":1,"y":66.1,"skX":-48.04,"pX":0,"skY":-48.04},"tweenEasing":0},{"z":6,"duration":2,"transform":{"pY":0,"scX":1,"x":-347.05,"scY":1,"y":60.8,"skX":-38.08,"pX":0,"skY":-38.08},"tweenEasing":0},{"z":6,"duration":2,"transform":{"pY":0,"scX":1,"x":-374,"scY":1,"y":51.5,"skX":-31.12,"pX":0,"skY":-31.12},"tweenEasing":0},{"z":6,"duration":2,"transform":{"pY":0,"scX":1,"x":-398.9,"scY":1,"y":39.2,"skX":-22.43,"pX":0,"skY":-22.43},"tweenEasing":0},{"z":6,"duration":2,"transform":{"pY":0,"scX":1,"x":-421.15,"scY":1,"y":21.85,"skX":-14.98,"pX":0,"skY":-14.98},"tweenEasing":0},{"z":6,"duration":2,"transform":{"pY":0,"scX":1,"x":-439.7,"scY":1,"y":-0.4,"skX":-4.99,"pX":0,"skY":-4.99},"tweenEasing":0},{"z":6,"duration":2,"transform":{"pY":0,"scX":1,"x":-454.05,"scY":1,"y":-25.05,"skX":1.03,"pX":0,"skY":1.03},"tweenEasing":0},{"z":6,"duration":2,"transform":{"pY":0,"scX":1,"x":-463.2,"scY":1,"y":-51.3,"skX":6.97,"pX":0,"skY":6.97},"tweenEasing":0},{"z":6,"duration":2,"transform":{"pY":0,"scX":1,"x":-470.75,"scY":1,"y":-79.95,"skX":16.03,"pX":0,"skY":16.03},"tweenEasing":0},{"z":6,"duration":2,"transform":{"pY":0,"scX":1,"x":-471.6,"scY":1,"y":-107.8,"skX":22.45,"pX":0,"skY":22.45},"tweenEasing":0},{"z":6,"duration":2,"transform":{"pY":0,"scX":1,"x":-469.8,"scY":1,"y":-137.5,"skX":32.26,"pX":0,"skY":32.26},"tweenEasing":0},{"z":6,"duration":2,"transform":{"pY":0,"scX":1,"x":-464.3,"scY":1,"y":-165.85,"skX":41.64,"pX":0,"skY":41.64},"tweenEasing":0},{"z":6,"duration":2,"transform":{"pY":0,"scX":1,"x":-457.4,"scY":1,"y":-193.45,"skX":48.64,"pX":0,"skY":48.64},"tweenEasing":0},{"z":6,"duration":2,"transform":{"pY":0,"scX":1,"x":-451.8,"scY":1,"y":-220.95,"skX":55.34,"pX":0,"skY":55.34},"tweenEasing":0},{"z":6,"duration":1,"transform":{"pY":0,"scX":1,"x":-441.8,"scY":1,"y":-247.6,"skX":64.56,"pX":0,"skY":64.56},"tweenEasing":0}],"offset":0},{"name":1,"scale":1,"frame":[{"duration":73,"displayIndex":-1},{"transform":{"pY":0,"scX":1,"x":121.8,"scY":1,"y":-26.7,"skX":0,"pX":0,"skY":0},"z":7,"duration":1},{"z":7,"duration":1,"transform":{"pY":0,"scX":1,"x":121.8,"scY":1,"y":-26.7,"skX":0,"pX":0,"skY":0},"displayIndex":1},{"z":7,"duration":1,"transform":{"pY":0,"scX":1,"x":121.8,"scY":1,"y":-26.7,"skX":0,"pX":0,"skY":0},"displayIndex":2},{"z":7,"duration":1,"transform":{"pY":0,"scX":1,"x":121.8,"scY":1,"y":-26.7,"skX":0,"pX":0,"skY":0},"displayIndex":1},{"transform":{"pY":0,"scX":1,"x":121.8,"scY":1,"y":-26.7,"skX":0,"pX":0,"skY":0},"z":7,"duration":1},{"z":7,"duration":1,"transform":{"pY":0,"scX":1,"x":121.8,"scY":1,"y":-26.7,"skX":0,"pX":0,"skY":0},"colorTransform":{"bO":0,"aM":0,"rM":100,"aO":0,"gM":100,"rO":0,"bM":100,"gO":0}},{"duration":300,"displayIndex":-1}],"offset":0},{"name":9,"scale":1,"frame":[{"duration":117,"displayIndex":-1},{"transform":{"pY":0,"scX":1,"x":121.8,"scY":1,"y":-26.7,"skX":0,"pX":0,"skY":0},"z":8,"duration":1},{"z":8,"duration":1,"transform":{"pY":0,"scX":1,"x":121.8,"scY":1,"y":-26.7,"skX":0,"pX":0,"skY":0},"displayIndex":1},{"z":8,"duration":1,"transform":{"pY":0,"scX":1,"x":121.8,"scY":1,"y":-26.7,"skX":0,"pX":0,"skY":0},"displayIndex":2},{"z":8,"duration":1,"transform":{"pY":0,"scX":1,"x":121.8,"scY":1,"y":-26.7,"skX":0,"pX":0,"skY":0},"displayIndex":1},{"transform":{"pY":0,"scX":1,"x":121.8,"scY":1,"y":-26.7,"skX":0,"pX":0,"skY":0},"z":8,"duration":1},{"z":8,"duration":1,"transform":{"pY":0,"scX":1,"x":121.8,"scY":1,"y":-26.7,"skX":0,"pX":0,"skY":0},"colorTransform":{"bO":0,"aM":0,"rM":100,"aO":0,"gM":100,"rO":0,"bM":100,"gO":0}},{"duration":256,"displayIndex":-1}],"offset":0},{"name":10,"scale":1,"frame":[{"duration":240,"displayIndex":-1},{"transform":{"pY":0,"scX":1,"x":-46.1,"scY":1,"y":-37.2,"skX":-41.04,"pX":0,"skY":-41.04},"z":9,"duration":1},{"z":9,"duration":1,"transform":{"pY":0,"scX":1,"x":-46.1,"scY":1,"y":-37.2,"skX":-41.04,"pX":0,"skY":-41.04},"displayIndex":1},{"z":9,"duration":1,"transform":{"pY":0,"scX":1,"x":-46.1,"scY":1,"y":-37.2,"skX":-41.04,"pX":0,"skY":-41.04},"displayIndex":2},{"z":9,"duration":1,"transform":{"pY":0,"scX":1,"x":-46.1,"scY":1,"y":-37.2,"skX":-41.04,"pX":0,"skY":-41.04},"displayIndex":1},{"transform":{"pY":0,"scX":1,"x":-46.1,"scY":1,"y":-37.2,"skX":-41.04,"pX":0,"skY":-41.04},"z":9,"duration":1},{"z":9,"duration":1,"transform":{"pY":0,"scX":1,"x":-46.1,"scY":1,"y":-37.2,"skX":-41.04,"pX":0,"skY":-41.04},"colorTransform":{"bO":0,"aM":0,"rM":100,"aO":0,"gM":100,"rO":0,"bM":100,"gO":0}},{"duration":133,"displayIndex":-1}],"offset":0},{"name":11,"scale":1,"frame":[{"duration":301,"displayIndex":-1},{"transform":{"pY":0,"scX":1,"x":-46.1,"scY":1,"y":-37.2,"skX":-41.04,"pX":0,"skY":-41.04},"z":10,"duration":1},{"z":10,"duration":1,"transform":{"pY":0,"scX":1,"x":-46.1,"scY":1,"y":-37.2,"skX":-41.04,"pX":0,"skY":-41.04},"displayIndex":1},{"z":10,"duration":1,"transform":{"pY":0,"scX":1,"x":-46.1,"scY":1,"y":-37.2,"skX":-41.04,"pX":0,"skY":-41.04},"displayIndex":2},{"z":10,"duration":1,"transform":{"pY":0,"scX":1,"x":-46.1,"scY":1,"y":-37.2,"skX":-41.04,"pX":0,"skY":-41.04},"displayIndex":1},{"transform":{"pY":0,"scX":1,"x":-46.1,"scY":1,"y":-37.2,"skX":-41.04,"pX":0,"skY":-41.04},"z":10,"duration":1},{"z":10,"duration":1,"transform":{"pY":0,"scX":1,"x":-46.1,"scY":1,"y":-37.2,"skX":-41.04,"pX":0,"skY":-41.04},"colorTransform":{"bO":0,"aM":0,"rM":100,"aO":0,"gM":100,"rO":0,"bM":100,"gO":0}},{"duration":72,"displayIndex":-1}],"offset":0}],"duration":379,"scale":1,"loop":3,"tweenEasing":null,"name":"ladybird","fadeInTime":0}]}],"version":2.3}