{"imagePath":"texture.png","name":"piaochong","SubTexture":[{"name":"piaochongku/shenzi","x":0,"width":45,"y":0,"height":41},{"name":"piaochongku/xuying1","x":47,"width":38,"y":0,"height":42},{"name":"piaochongku/xuying2","x":0,"width":29,"y":43,"height":40},{"name":"piaochongku/ciabng2","x":87,"width":39,"y":0,"height":36},{"name":"piaochongku/cibang1","x":87,"width":38,"y":37,"height":35},{"name":"piaochongku/tou","x":31,"width":26,"y":44,"height":28},{"name":"piaochongku/yanjing","x":58,"width":17,"y":44,"height":16},{"name":"piaochongku/biyan1","x":76,"width":16,"y":73,"height":15},{"name":"piaochongku/biyan2","x":31,"width":16,"y":73,"height":15},{"name":"piaochongku/biyan3","x":58,"width":16,"y":62,"height":15}]}