{"frameRate":24,"name":"piaochong","armature":[{"name":"piaochongkuku/piaochong","bone":[{"transform":{"skX":2.51,"scY":1,"x":-2.3,"skY":2.51,"y":-4.4,"scX":1},"name":8},{"transform":{"skX":-69.02,"scY":1,"x":-7.65,"skY":-69.02,"y":8.15,"scX":-1},"name":7},{"transform":{"skX":-25.42,"scY":1,"x":10.35,"skY":-25.42,"y":-12.05,"scX":1},"name":6},{"transform":{"skX":43.46,"scY":1,"x":-18.95,"skY":43.46,"y":-12.3,"scX":1},"name":5},{"transform":{"skX":-57.96,"scY":1,"x":-10.15,"skY":-57.96,"y":-16.8,"scX":1},"name":4},{"transform":{"skX":0,"scY":1,"x":-14.75,"skY":0,"y":-14.85,"scX":1},"name":3},{"transform":{"skX":0,"scY":1,"x":-13.75,"skY":0,"y":-15.35,"scX":1},"name":2},{"transform":{"skX":0,"scY":1,"x":-12.8,"skY":0,"y":-13.7,"scX":1},"name":1}],"skin":[{"slot":[{"name":8,"z":0,"display":[{"transform":{"pY":20.5,"scY":1,"x":0,"y":0,"skX":0,"skY":0,"pX":22.35,"scX":1},"name":"piaochongkuku/shenzi","type":"image"}],"parent":8},{"name":7,"z":1,"display":[{"transform":{"pY":21,"scY":1,"x":0,"y":0,"skX":0,"skY":0,"pX":19,"scX":1},"name":"piaochongkuku/xuying1","type":"image"},{"transform":{"pY":20,"scY":1,"x":0,"y":0,"skX":0,"skY":0,"pX":14.5,"scX":1},"name":"piaochongkuku/xuying2","type":"image"}],"parent":7},{"name":6,"z":2,"display":[{"transform":{"pY":21,"scY":1,"x":0,"y":0,"skX":0,"skY":0,"pX":19,"scX":1},"name":"piaochongkuku/xuying1","type":"image"},{"transform":{"pY":20,"scY":1,"x":0,"y":0,"skX":0,"skY":0,"pX":14.5,"scX":1},"name":"piaochongkuku/xuying2","type":"image"}],"parent":6},{"name":5,"z":3,"display":[{"transform":{"pY":17.7,"scY":1,"x":15.1,"y":13.55,"skX":0,"skY":0,"pX":19.15,"scX":1},"name":"piaochongkuku/ciabng2","type":"image"}],"parent":5},{"name":4,"z":4,"display":[{"transform":{"pY":17.15,"scY":1,"x":11.05,"y":12.35,"skX":0,"skY":0,"pX":18.6,"scX":1},"name":"piaochongkuku/cibang1","type":"image"}],"parent":4},{"name":3,"z":5,"display":[{"transform":{"pY":13.85,"scY":1,"x":0,"y":0.05,"skX":0,"skY":0,"pX":12.9,"scX":1},"name":"piaochongkuku/tou","type":"image"}],"parent":3},{"name":2,"z":6,"display":[{"transform":{"pY":8,"scY":1,"x":0,"y":0,"skX":0,"skY":0,"pX":8.5,"scX":1},"name":"piaochongkuku/yanjing","type":"image"}],"parent":2},{"name":1,"z":7,"display":[{"transform":{"pY":7.5,"scY":1,"x":0,"y":0,"skX":0,"skY":0,"pX":8,"scX":1},"name":"piaochongkuku/biyan1","type":"image"},{"transform":{"pY":7.5,"scY":1,"x":0,"y":0,"skX":0,"skY":0,"pX":8,"scX":1},"name":"piaochongkuku/biyan2","type":"image"},{"transform":{"pY":7.5,"scY":1,"x":0,"y":0,"skX":0,"skY":0,"pX":8,"scX":1},"name":"piaochongkuku/biyan3","type":"image"}],"parent":1}],"name":"default"}],"animation":[{"autoTween":1,"timeline":[{"name":8,"scale":1,"frame":[{"transform":{"pY":0,"scY":1,"x":-2.3,"y":-4.4,"skX":2.51,"skY":2.51,"pX":0,"scX":1},"z":0,"duration":3},{"transform":{"pY":0,"scY":1,"x":-2.3,"y":-4.4,"skX":2.51,"skY":2.51,"pX":0,"scX":1},"z":0,"duration":1}],"offset":0},{"name":7,"scale":1,"frame":[{"transform":{"pY":0,"scY":1,"x":-7.65,"y":8.15,"skX":-69.02,"skY":-69.02,"pX":0,"scX":-1},"z":1,"duration":2},{"z":1,"duration":1,"transform":{"pY":0,"scY":1,"x":-4.5,"y":4.65,"skX":-69.02,"skY":-69.02,"pX":0,"scX":-1},"displayIndex":1},{"z":1,"duration":1,"transform":{"pY":0,"scY":1,"x":-4.5,"y":4.65,"skX":-69.02,"skY":-69.02,"pX":0,"scX":-1},"displayIndex":1}],"offset":0},{"name":6,"scale":1,"frame":[{"transform":{"pY":0,"scY":1,"x":10.35,"y":-12.05,"skX":-25.42,"skY":-25.42,"pX":0,"scX":1},"z":2,"duration":2},{"z":2,"duration":1,"transform":{"pY":0,"scY":1,"x":7.1,"y":-8.65,"skX":-25.42,"skY":-25.42,"pX":0,"scX":1},"displayIndex":1},{"z":2,"duration":1,"transform":{"pY":0,"scY":1,"x":7.1,"y":-8.65,"skX":-25.42,"skY":-25.42,"pX":0,"scX":1},"displayIndex":1}],"offset":0},{"name":5,"scale":1,"frame":[{"transform":{"pY":0,"scY":1,"x":-18.95,"y":-12.3,"skX":43.46,"skY":43.46,"pX":0,"scX":1},"z":3,"duration":3},{"transform":{"pY":0,"scY":1,"x":-18.95,"y":-12.3,"skX":43.46,"skY":43.46,"pX":0,"scX":1},"z":3,"duration":1}],"offset":0},{"name":4,"scale":1,"frame":[{"transform":{"pY":0,"scY":1,"x":-10.15,"y":-16.8,"skX":-57.96,"skY":-57.96,"pX":0,"scX":1},"z":4,"duration":3},{"transform":{"pY":0,"scY":1,"x":-10.15,"y":-16.8,"skX":-57.96,"skY":-57.96,"pX":0,"scX":1},"z":4,"duration":1}],"offset":0},{"name":3,"scale":1,"frame":[{"transform":{"pY":0,"scY":1,"x":-14.75,"y":-14.85,"skX":0,"skY":0,"pX":0,"scX":1},"z":5,"duration":3},{"transform":{"pY":0,"scY":1,"x":-14.75,"y":-14.85,"skX":0,"skY":0,"pX":0,"scX":1},"z":5,"duration":1}],"offset":0},{"name":2,"scale":1,"frame":[{"transform":{"pY":0,"scY":1,"x":-13.75,"y":-15.35,"skX":0,"skY":0,"pX":0,"scX":1},"z":6,"duration":3},{"transform":{"pY":0,"scY":1,"x":-13.75,"y":-15.35,"skX":0,"skY":0,"pX":0,"scX":1},"z":6,"duration":1}],"offset":0}],"duration":4,"scale":1,"loop":3,"tweenEasing":null,"name":"ladybird_01","fadeInTime":0},{"autoTween":1,"timeline":[{"name":8,"scale":1,"frame":[{"transform":{"pY":0,"scY":1,"x":-2.5,"y":-3.3,"skX":0,"skY":0,"pX":0,"scX":1},"z":0,"duration":3},{"transform":{"pY":0,"scY":1,"x":-2.5,"y":-3.3,"skX":0,"skY":0,"pX":0,"scX":1},"z":0,"duration":1}],"offset":0},{"name":7,"scale":1,"frame":[{"z":1,"duration":1,"transform":{"pY":0,"scY":1,"x":-7.65,"y":8.15,"skX":-69.02,"skY":-69.02,"pX":0,"scX":-1},"tweenEasing":0},{"z":1,"duration":1,"transform":{"pY":0,"scY":1,"x":-6.8,"y":7.9,"skX":-70.42,"skY":-70.42,"pX":0,"scX":-1},"tweenEasing":0},{"z":1,"duration":1,"transform":{"pY":0,"scY":1,"x":-3.2,"y":4.05,"skX":-71.48,"skY":-71.48,"pX":0,"scX":-1},"displayIndex":1,"tweenEasing":0},{"z":1,"duration":1,"transform":{"pY":0,"scY":1,"x":-2.55,"y":3.75,"skX":-72.73,"skY":-72.73,"pX":0,"scX":-1},"displayIndex":1,"tweenEasing":0}],"offset":0},{"name":6,"scale":1,"frame":[{"z":2,"duration":1,"transform":{"pY":0,"scY":1,"x":10.35,"y":-12.05,"skX":-25.42,"skY":-25.42,"pX":0,"scX":1},"tweenEasing":0},{"z":2,"duration":1,"transform":{"pY":0,"scY":1,"x":10.05,"y":-11,"skX":-23.55,"skY":-23.55,"pX":0,"scX":1},"tweenEasing":0},{"z":2,"duration":1,"transform":{"pY":0,"scY":1,"x":6.4,"y":-6.65,"skX":-21.78,"skY":-21.78,"pX":0,"scX":1},"displayIndex":1,"tweenEasing":0},{"z":2,"duration":1,"transform":{"pY":0,"scY":1,"x":6,"y":-5.65,"skX":-19.92,"skY":-19.92,"pX":0,"scX":1},"displayIndex":1,"tweenEasing":0}],"offset":0},{"name":5,"scale":1,"frame":[{"z":3,"duration":3,"transform":{"pY":0,"scY":1,"x":-18.95,"y":-12.3,"skX":43.46,"skY":43.46,"pX":0,"scX":1},"tweenEasing":0},{"transform":{"pY":0.05,"scY":1,"x":-18.85,"y":-12.45,"skX":0,"skY":0,"pX":-0.05,"scX":1},"z":3,"duration":1}],"offset":0},{"name":4,"scale":1,"frame":[{"z":4,"duration":3,"transform":{"pY":0,"scY":1,"x":-10.15,"y":-16.8,"skX":-57.96,"skY":-57.96,"pX":0,"scX":1},"tweenEasing":0},{"transform":{"pY":-0.05,"scY":1,"x":-10,"y":-17,"skX":-0.01,"skY":-0.01,"pX":0,"scX":1},"z":4,"duration":1}],"offset":0},{"name":3,"scale":1,"frame":[{"transform":{"pY":0,"scY":1,"x":-14.75,"y":-14.85,"skX":0,"skY":0,"pX":0,"scX":1},"z":5,"duration":3},{"transform":{"pY":0,"scY":1,"x":-14.75,"y":-14.85,"skX":0,"skY":0,"pX":0,"scX":1},"z":5,"duration":1}],"offset":0},{"name":2,"scale":1,"frame":[{"transform":{"pY":0,"scY":1,"x":-13.75,"y":-15.35,"skX":0,"skY":0,"pX":0,"scX":1},"z":6,"duration":3},{"transform":{"pY":0,"scY":1,"x":-13.75,"y":-15.35,"skX":0,"skY":0,"pX":0,"scX":1},"z":6,"duration":1}],"offset":0}],"duration":4,"scale":1,"loop":1,"tweenEasing":null,"name":"ladybird_02","fadeInTime":0},{"autoTween":1,"timeline":[{"name":8,"scale":1,"frame":[{"transform":{"pY":0,"scY":1,"x":-2.5,"y":-3.3,"skX":0,"skY":0,"pX":0,"scX":1},"z":0,"duration":37},{"transform":{"pY":0,"scY":1,"x":-2.5,"y":-3.3,"skX":0,"skY":0,"pX":0,"scX":1},"z":0,"duration":1}],"offset":0},{"name":5,"scale":1,"frame":[{"transform":{"pY":0.05,"scY":1,"x":-18.85,"y":-12.45,"skX":0,"skY":0,"pX":-0.05,"scX":1},"z":3,"duration":37},{"transform":{"pY":0.05,"scY":1,"x":-18.85,"y":-12.45,"skX":0,"skY":0,"pX":-0.05,"scX":1},"z":3,"duration":1}],"offset":0},{"name":4,"scale":1,"frame":[{"transform":{"pY":-0.05,"scY":1,"x":-10,"y":-17,"skX":-0.01,"skY":-0.01,"pX":0,"scX":1},"z":4,"duration":37},{"transform":{"pY":-0.05,"scY":1,"x":-10,"y":-17,"skX":-0.01,"skY":-0.01,"pX":0,"scX":1},"z":4,"duration":1}],"offset":0},{"name":3,"scale":1,"frame":[{"transform":{"pY":0,"scY":1,"x":-14.75,"y":-14.85,"skX":0,"skY":0,"pX":0,"scX":1},"z":5,"duration":37},{"transform":{"pY":0,"scY":1,"x":-14.75,"y":-14.85,"skX":0,"skY":0,"pX":0,"scX":1},"z":5,"duration":1}],"offset":0},{"name":2,"scale":1,"frame":[{"transform":{"pY":0,"scY":1,"x":-13.75,"y":-15.35,"skX":0,"skY":0,"pX":0,"scX":1},"z":6,"duration":37},{"transform":{"pY":0,"scY":1,"x":-13.75,"y":-15.35,"skX":0,"skY":0,"pX":0,"scX":1},"z":6,"duration":1}],"offset":0},{"name":1,"scale":1,"frame":[{"duration":10,"displayIndex":-1},{"transform":{"pY":0,"scY":1,"x":-12.8,"y":-13.7,"skX":0,"skY":0,"pX":0,"scX":1},"z":7,"duration":1},{"z":7,"duration":1,"transform":{"pY":0,"scY":1,"x":-12.8,"y":-13.7,"skX":0,"skY":0,"pX":0,"scX":1},"displayIndex":1},{"z":7,"duration":1,"transform":{"pY":0,"scY":1,"x":-12.8,"y":-13.7,"skX":0,"skY":0,"pX":0,"scX":1},"displayIndex":2},{"z":7,"duration":1,"transform":{"pY":0,"scY":1,"x":-12.8,"y":-13.7,"skX":0,"skY":0,"pX":0,"scX":1},"displayIndex":1},{"transform":{"pY":0,"scY":1,"x":-12.8,"y":-13.7,"skX":0,"skY":0,"pX":0,"scX":1},"z":7,"duration":1},{"duration":23,"displayIndex":-1}],"offset":0}],"duration":38,"scale":1,"loop":1,"tweenEasing":null,"name":"ladybird_03","fadeInTime":0},{"autoTween":1,"timeline":[{"name":8,"scale":1,"frame":[{"transform":{"pY":0,"scY":1,"x":-2.5,"y":-3.3,"skX":0,"skY":0,"pX":0,"scX":1},"z":0,"duration":56},{"transform":{"pY":0,"scY":1,"x":-2.5,"y":-3.3,"skX":0,"skY":0,"pX":0,"scX":1},"z":0,"duration":1}],"offset":0},{"name":5,"scale":1,"frame":[{"transform":{"pY":0.05,"scY":1,"x":-18.85,"y":-12.45,"skX":0,"skY":0,"pX":-0.05,"scX":1},"z":3,"duration":9},{"z":3,"duration":4,"transform":{"pY":0.05,"scY":1,"x":-18.85,"y":-12.45,"skX":0,"skY":0,"pX":-0.05,"scX":1},"tweenEasing":0},{"z":3,"duration":5,"transform":{"pY":0,"scY":1,"x":-18.85,"y":-12.45,"skX":7.2,"skY":7.2,"pX":-0.05,"scX":1},"tweenEasing":0},{"z":3,"duration":5,"transform":{"pY":0.05,"scY":1,"x":-18.85,"y":-12.45,"skX":0,"skY":0,"pX":-0.05,"scX":1},"tweenEasing":0},{"z":3,"duration":5,"transform":{"pY":0.05,"scY":1,"x":-18.85,"y":-12.45,"skX":5,"skY":5,"pX":-0.05,"scX":1},"tweenEasing":0},{"transform":{"pY":0.05,"scY":1,"x":-18.85,"y":-12.45,"skX":0,"skY":0,"pX":-0.05,"scX":1},"z":3,"duration":28},{"transform":{"pY":0.05,"scY":1,"x":-18.85,"y":-12.45,"skX":0,"skY":0,"pX":-0.05,"scX":1},"z":3,"duration":1}],"offset":0},{"name":4,"scale":1,"frame":[{"transform":{"pY":-0.05,"scY":1,"x":-10,"y":-17,"skX":-0.01,"skY":-0.01,"pX":0,"scX":1},"z":4,"duration":9},{"z":4,"duration":4,"transform":{"pY":-0.1,"scY":1,"x":-10,"y":-16.95,"skX":0,"skY":0,"pX":0,"scX":1},"tweenEasing":0},{"z":4,"duration":5,"transform":{"pY":-0.2,"scY":1,"x":-10,"y":-16.95,"skX":-10.48,"skY":-10.48,"pX":-0.05,"scX":1},"tweenEasing":0},{"z":4,"duration":5,"transform":{"pY":-0.1,"scY":1,"x":-10,"y":-16.95,"skX":0,"skY":0,"pX":0,"scX":1},"tweenEasing":0},{"z":4,"duration":5,"transform":{"pY":-0.15,"scY":1,"x":-10,"y":-16.95,"skX":-4.7,"skY":-4.7,"pX":-0.05,"scX":1},"tweenEasing":0},{"transform":{"pY":-0.1,"scY":1,"x":-10,"y":-16.95,"skX":0,"skY":0,"pX":0,"scX":1},"z":4,"duration":28},{"transform":{"pY":-0.1,"scY":1,"x":-10,"y":-16.95,"skX":0,"skY":0,"pX":0,"scX":1},"z":4,"duration":1}],"offset":0},{"name":3,"scale":1,"frame":[{"transform":{"pY":0,"scY":1,"x":-14.75,"y":-14.85,"skX":0,"skY":0,"pX":0,"scX":1},"z":5,"duration":56},{"transform":{"pY":0,"scY":1,"x":-14.75,"y":-14.85,"skX":0,"skY":0,"pX":0,"scX":1},"z":5,"duration":1}],"offset":0},{"name":2,"scale":1,"frame":[{"transform":{"pY":0,"scY":1,"x":-13.75,"y":-15.35,"skX":0,"skY":0,"pX":0,"scX":1},"z":6,"duration":56},{"transform":{"pY":0,"scY":1,"x":-13.75,"y":-15.35,"skX":0,"skY":0,"pX":0,"scX":1},"z":6,"duration":1}],"offset":0},{"name":1,"scale":1,"frame":[{"duration":33,"displayIndex":-1},{"transform":{"pY":0,"scY":1,"x":-12.8,"y":-13.7,"skX":0,"skY":0,"pX":0,"scX":1},"z":7,"duration":1},{"z":7,"duration":1,"transform":{"pY":0,"scY":1,"x":-12.8,"y":-13.7,"skX":0,"skY":0,"pX":0,"scX":1},"displayIndex":1},{"z":7,"duration":1,"transform":{"pY":0,"scY":1,"x":-12.8,"y":-13.7,"skX":0,"skY":0,"pX":0,"scX":1},"displayIndex":2},{"z":7,"duration":1,"transform":{"pY":0,"scY":1,"x":-12.8,"y":-13.7,"skX":0,"skY":0,"pX":0,"scX":1},"displayIndex":1},{"transform":{"pY":0,"scY":1,"x":-12.8,"y":-13.7,"skX":0,"skY":0,"pX":0,"scX":1},"z":7,"duration":1},{"duration":19,"displayIndex":-1}],"offset":0}],"duration":57,"scale":1,"loop":1,"tweenEasing":null,"name":"ladybird_04","fadeInTime":0},{"autoTween":1,"timeline":[{"name":8,"scale":1,"frame":[{"z":0,"duration":4,"transform":{"pY":0,"scY":1,"x":-2.5,"y":-3.3,"skX":0,"skY":0,"pX":0,"scX":1},"tweenEasing":0},{"z":0,"duration":1,"transform":{"pY":0,"scY":1,"x":-2.5,"y":-3.3,"skX":0,"skY":0,"pX":0,"scX":1},"tweenEasing":0}],"offset":0},{"name":7,"scale":1,"frame":[{"z":1,"duration":1,"transform":{"pY":0,"scY":1,"x":-4.5,"y":4.65,"skX":-69.02,"skY":-69.02,"pX":0,"scX":-1},"displayIndex":1,"tweenEasing":0},{"z":1,"duration":1,"transform":{"pY":0,"scY":1,"x":-4.4,"y":4.65,"skX":-69.17,"skY":-69.17,"pX":0,"scX":-1},"displayIndex":1,"tweenEasing":0},{"z":1,"duration":1,"transform":{"pY":0,"scY":1,"x":-7.5,"y":8.15,"skX":-69.17,"skY":-69.17,"pX":0,"scX":-1},"tweenEasing":0},{"z":1,"duration":1,"transform":{"pY":0,"scY":1,"x":-7.5,"y":8.15,"skX":-69.17,"skY":-69.17,"pX":0,"scX":-1},"tweenEasing":0},{"z":1,"duration":1,"transform":{"pY":0,"scY":1,"x":-7.65,"y":8.15,"skX":-69.02,"skY":-69.02,"pX":0,"scX":-1},"tweenEasing":0}],"offset":0},{"name":6,"scale":1,"frame":[{"z":2,"duration":1,"transform":{"pY":0,"scY":1,"x":7.1,"y":-8.65,"skX":-25.42,"skY":-25.42,"pX":0,"scX":1},"displayIndex":1,"tweenEasing":0},{"z":2,"duration":1,"transform":{"pY":0,"scY":1,"x":7.1,"y":-8.65,"skX":-25.33,"skY":-25.33,"pX":0,"scX":1},"displayIndex":1,"tweenEasing":0},{"z":2,"duration":1,"transform":{"pY":0,"scY":1,"x":10.35,"y":-12,"skX":-25.33,"skY":-25.33,"pX":0,"scX":1},"tweenEasing":0},{"z":2,"duration":1,"transform":{"pY":0,"scY":1,"x":10.35,"y":-12,"skX":-25.33,"skY":-25.33,"pX":0,"scX":1},"tweenEasing":0},{"z":2,"duration":1,"transform":{"pY":0,"scY":1,"x":10.35,"y":-12.05,"skX":-25.42,"skY":-25.42,"pX":0,"scX":1},"tweenEasing":0}],"offset":0},{"name":5,"scale":1,"frame":[{"z":3,"duration":4,"transform":{"pY":0.05,"scY":1,"x":-18.85,"y":-12.45,"skX":0,"skY":0,"pX":-0.05,"scX":1},"tweenEasing":0},{"z":3,"duration":1,"transform":{"pY":0,"scY":1,"x":-18.95,"y":-12.3,"skX":43.46,"skY":43.46,"pX":0,"scX":1},"tweenEasing":0}],"offset":0},{"name":4,"scale":1,"frame":[{"z":4,"duration":4,"transform":{"pY":-0.1,"scY":1,"x":-10,"y":-16.95,"skX":0,"skY":0,"pX":0,"scX":1},"tweenEasing":0},{"z":4,"duration":1,"transform":{"pY":0,"scY":1,"x":-10.15,"y":-16.8,"skX":-57.96,"skY":-57.96,"pX":0,"scX":1},"tweenEasing":0}],"offset":0},{"name":3,"scale":1,"frame":[{"z":5,"duration":4,"transform":{"pY":0,"scY":1,"x":-14.75,"y":-14.85,"skX":0,"skY":0,"pX":0,"scX":1},"tweenEasing":0},{"z":5,"duration":1,"transform":{"pY":0,"scY":1,"x":-14.75,"y":-14.85,"skX":0,"skY":0,"pX":0,"scX":1},"tweenEasing":0}],"offset":0},{"name":2,"scale":1,"frame":[{"z":6,"duration":4,"transform":{"pY":0,"scY":1,"x":-13.75,"y":-15.35,"skX":0,"skY":0,"pX":0,"scX":1},"tweenEasing":0},{"z":6,"duration":1,"transform":{"pY":0,"scY":1,"x":-13.75,"y":-15.35,"skX":0,"skY":0,"pX":0,"scX":1},"tweenEasing":0}],"offset":0}],"duration":5,"scale":1,"loop":1,"tweenEasing":null,"name":"ladybird_05","fadeInTime":0}]}],"version":2.3}