{"name":"piaochong","SubTexture":[{"name":"piaochongkuku/shenzi","x":0,"width":45,"y":0,"height":41},{"name":"piaochongkuku/xuying1","x":47,"width":38,"y":0,"height":42},{"name":"piaochongkuku/xuying2","x":0,"width":29,"y":43,"height":40},{"name":"piaochongkuku/ciabng2","x":87,"width":39,"y":0,"height":36},{"name":"piaochongkuku/cibang1","x":87,"width":38,"y":37,"height":35},{"name":"piaochongkuku/tou","x":31,"width":26,"y":44,"height":28},{"name":"piaochongkuku/yanjing","x":58,"width":17,"y":44,"height":16},{"name":"piaochongkuku/biyan1","x":58,"width":16,"y":62,"height":15},{"name":"piaochongkuku/biyan2","x":76,"width":16,"y":73,"height":15},{"name":"piaochongkuku/biyan3","x":31,"width":16,"y":73,"height":15}],"imagePath":"texture.png"}