{"frameRate":30,"name":"chaoeshouyi","armature":[{"name":"chaoeshouyiku/chaoeshouyi","bone":[{"transform":{"scY":0.77,"skY":79.67,"x":14.6,"scX":-0.77,"skX":79.79,"y":-18.4},"name":3},{"transform":{"scY":0.76,"skY":10.25,"x":4.9,"scX":0.77,"skX":10.36,"y":-16.85},"name":2},{"transform":{"scY":0.65,"skY":10.25,"x":14.45,"scX":0.65,"skX":10.36,"y":-16.7},"name":1},{"transform":{"scY":0.85,"skY":79.67,"x":5.2,"scX":-0.85,"skX":79.79,"y":-46.15},"name":5},{"transform":{"scY":0.85,"skY":10.25,"x":-5.55,"scX":0.85,"skX":10.36,"y":-44.45},"name":4},{"transform":{"scY":0.68,"skY":-10.25,"x":-8,"scX":-0.68,"skX":-10.36,"y":-44.05},"name":7},{"transform":{"scY":0.85,"skY":23.23,"x":13.85,"scX":0.85,"skX":23.34,"y":-44.25},"name":6}],"skin":[{"slot":[{"name":3,"z":4,"display":[{"transform":{"pY":25.25,"skY":0,"x":0,"scX":1,"y":0,"scY":1,"pX":25.7,"skX":0},"name":"chaoeshouyiku/syjingbi10","type":"image"},{"transform":{"pY":25.25,"skY":0,"x":0,"scX":1,"y":0,"scY":1,"pX":25.7,"skX":0},"name":"chaoeshouyiku/syjingbi1","type":"image"},{"transform":{"pY":25.25,"skY":0,"x":0,"scX":1,"y":0,"scY":1,"pX":25.7,"skX":0},"name":"chaoeshouyiku/syjingbi4","type":"image"},{"transform":{"pY":25.25,"skY":0,"x":0,"scX":1,"y":0,"scY":1,"pX":25.7,"skX":0},"name":"chaoeshouyiku/syjingbi5","type":"image"},{"transform":{"pY":25.25,"skY":0,"x":0,"scX":1,"y":0,"scY":1,"pX":25.7,"skX":0},"name":"chaoeshouyiku/syjingbi7","type":"image"},{"transform":{"pY":25.25,"skY":0,"x":0,"scX":1,"y":0,"scY":1,"pX":25.7,"skX":0},"name":"chaoeshouyiku/syjingbi8","type":"image"},{"transform":{"pY":25.25,"skY":0,"x":0,"scX":1,"y":0,"scY":1,"pX":25.7,"skX":0},"name":"chaoeshouyiku/syjingbi9","type":"image"},{"transform":{"pY":25.25,"skY":0,"x":0,"scX":1,"y":0,"scY":1,"pX":25.7,"skX":0},"name":"chaoeshouyiku/syjingbi2","type":"image"},{"transform":{"pY":25.25,"skY":0,"x":0,"scX":1,"y":0,"scY":1,"pX":25.7,"skX":0},"name":"chaoeshouyiku/syjingbi3","type":"image"},{"transform":{"pY":25.25,"skY":0,"x":0,"scX":1,"y":0,"scY":1,"pX":25.7,"skX":0},"name":"chaoeshouyiku/syjingbi6","type":"image"},{"transform":{"pY":1,"skY":0,"x":0,"scX":1,"y":0,"scY":1,"pX":2,"skX":0},"name":"chaoeshouyiku/sytoumingdian","type":"image"}],"parent":3},{"name":2,"z":5,"display":[{"transform":{"pY":25.25,"skY":0,"x":0,"scX":1,"y":0,"scY":1,"pX":25.7,"skX":0},"name":"chaoeshouyiku/syjingbi10","type":"image"},{"transform":{"pY":25.25,"skY":0,"x":0,"scX":1,"y":0,"scY":1,"pX":25.7,"skX":0},"name":"chaoeshouyiku/syjingbi1","type":"image"},{"transform":{"pY":25.25,"skY":0,"x":0,"scX":1,"y":0,"scY":1,"pX":25.7,"skX":0},"name":"chaoeshouyiku/syjingbi4","type":"image"},{"transform":{"pY":25.25,"skY":0,"x":0,"scX":1,"y":0,"scY":1,"pX":25.7,"skX":0},"name":"chaoeshouyiku/syjingbi5","type":"image"},{"transform":{"pY":25.25,"skY":0,"x":0,"scX":1,"y":0,"scY":1,"pX":25.7,"skX":0},"name":"chaoeshouyiku/syjingbi7","type":"image"},{"transform":{"pY":25.25,"skY":0,"x":0,"scX":1,"y":0,"scY":1,"pX":25.7,"skX":0},"name":"chaoeshouyiku/syjingbi8","type":"image"},{"transform":{"pY":25.25,"skY":0,"x":0,"scX":1,"y":0,"scY":1,"pX":25.7,"skX":0},"name":"chaoeshouyiku/syjingbi9","type":"image"},{"transform":{"pY":25.25,"skY":0,"x":0,"scX":1,"y":0,"scY":1,"pX":25.7,"skX":0},"name":"chaoeshouyiku/syjingbi2","type":"image"},{"transform":{"pY":25.25,"skY":0,"x":0,"scX":1,"y":0,"scY":1,"pX":25.7,"skX":0},"name":"chaoeshouyiku/syjingbi3","type":"image"},{"transform":{"pY":1,"skY":0,"x":0,"scX":1,"y":0,"scY":1,"pX":2,"skX":0},"name":"chaoeshouyiku/sytoumingdian","type":"image"},{"transform":{"pY":25.25,"skY":0,"x":0,"scX":1,"y":0,"scY":1,"pX":25.7,"skX":0},"name":"chaoeshouyiku/syjingbi6","type":"image"}],"parent":2},{"name":1,"z":6,"display":[{"transform":{"pY":25.25,"skY":0,"x":0,"scX":1,"y":0,"scY":1,"pX":25.7,"skX":0},"name":"chaoeshouyiku/syjingbi10","type":"image"},{"transform":{"pY":25.25,"skY":0,"x":0,"scX":1,"y":0,"scY":1,"pX":25.7,"skX":0},"name":"chaoeshouyiku/syjingbi1","type":"image"},{"transform":{"pY":25.25,"skY":0,"x":0,"scX":1,"y":0,"scY":1,"pX":25.7,"skX":0},"name":"chaoeshouyiku/syjingbi4","type":"image"},{"transform":{"pY":25.25,"skY":0,"x":0,"scX":1,"y":0,"scY":1,"pX":25.7,"skX":0},"name":"chaoeshouyiku/syjingbi5","type":"image"},{"transform":{"pY":25.25,"skY":0,"x":0,"scX":1,"y":0,"scY":1,"pX":25.7,"skX":0},"name":"chaoeshouyiku/syjingbi7","type":"image"},{"transform":{"pY":25.25,"skY":0,"x":0,"scX":1,"y":0,"scY":1,"pX":25.7,"skX":0},"name":"chaoeshouyiku/syjingbi8","type":"image"},{"transform":{"pY":25.25,"skY":0,"x":0,"scX":1,"y":0,"scY":1,"pX":25.7,"skX":0},"name":"chaoeshouyiku/syjingbi9","type":"image"},{"transform":{"pY":25.25,"skY":0,"x":0,"scX":1,"y":0,"scY":1,"pX":25.7,"skX":0},"name":"chaoeshouyiku/syjingbi2","type":"image"},{"transform":{"pY":25.25,"skY":0,"x":0,"scX":1,"y":0,"scY":1,"pX":25.7,"skX":0},"name":"chaoeshouyiku/syjingbi3","type":"image"},{"transform":{"pY":25.25,"skY":0,"x":0,"scX":1,"y":0,"scY":1,"pX":25.7,"skX":0},"name":"chaoeshouyiku/syjingbi6","type":"image"},{"transform":{"pY":1,"skY":0,"x":0,"scX":1,"y":0,"scY":1,"pX":2,"skX":0},"name":"chaoeshouyiku/sytoumingdian","type":"image"}],"parent":1},{"name":5,"z":2,"display":[{"transform":{"pY":25.25,"skY":0,"x":0,"scX":1,"y":0,"scY":1,"pX":25.7,"skX":0},"name":"chaoeshouyiku/syjingbi10","type":"image"},{"transform":{"pY":25.25,"skY":0,"x":0,"scX":1,"y":0,"scY":1,"pX":25.7,"skX":0},"name":"chaoeshouyiku/syjingbi1","type":"image"},{"transform":{"pY":25.25,"skY":0,"x":0,"scX":1,"y":0,"scY":1,"pX":25.7,"skX":0},"name":"chaoeshouyiku/syjingbi4","type":"image"},{"transform":{"pY":25.25,"skY":0,"x":0,"scX":1,"y":0,"scY":1,"pX":25.7,"skX":0},"name":"chaoeshouyiku/syjingbi5","type":"image"},{"transform":{"pY":25.25,"skY":0,"x":0,"scX":1,"y":0,"scY":1,"pX":25.7,"skX":0},"name":"chaoeshouyiku/syjingbi7","type":"image"},{"transform":{"pY":25.25,"skY":0,"x":0,"scX":1,"y":0,"scY":1,"pX":25.7,"skX":0},"name":"chaoeshouyiku/syjingbi8","type":"image"},{"transform":{"pY":25.25,"skY":0,"x":0,"scX":1,"y":0,"scY":1,"pX":25.7,"skX":0},"name":"chaoeshouyiku/syjingbi9","type":"image"},{"transform":{"pY":25.25,"skY":0,"x":0,"scX":1,"y":0,"scY":1,"pX":25.7,"skX":0},"name":"chaoeshouyiku/syjingbi2","type":"image"},{"transform":{"pY":25.25,"skY":0,"x":0,"scX":1,"y":0,"scY":1,"pX":25.7,"skX":0},"name":"chaoeshouyiku/syjingbi3","type":"image"},{"transform":{"pY":25.25,"skY":0,"x":0,"scX":1,"y":0,"scY":1,"pX":25.7,"skX":0},"name":"chaoeshouyiku/syjingbi6","type":"image"},{"transform":{"pY":1,"skY":0,"x":0,"scX":1,"y":0,"scY":1,"pX":2,"skX":0},"name":"chaoeshouyiku/sytoumingdian","type":"image"}],"parent":5},{"name":4,"z":3,"display":[{"transform":{"pY":25.25,"skY":0,"x":0,"scX":1,"y":0,"scY":1,"pX":25.7,"skX":0},"name":"chaoeshouyiku/syjingbi10","type":"image"},{"transform":{"pY":25.25,"skY":0,"x":0,"scX":1,"y":0,"scY":1,"pX":25.7,"skX":0},"name":"chaoeshouyiku/syjingbi1","type":"image"},{"transform":{"pY":25.25,"skY":0,"x":0,"scX":1,"y":0,"scY":1,"pX":25.7,"skX":0},"name":"chaoeshouyiku/syjingbi4","type":"image"},{"transform":{"pY":25.25,"skY":0,"x":0,"scX":1,"y":0,"scY":1,"pX":25.7,"skX":0},"name":"chaoeshouyiku/syjingbi5","type":"image"},{"transform":{"pY":25.25,"skY":0,"x":0,"scX":1,"y":0,"scY":1,"pX":25.7,"skX":0},"name":"chaoeshouyiku/syjingbi7","type":"image"},{"transform":{"pY":25.25,"skY":0,"x":0,"scX":1,"y":0,"scY":1,"pX":25.7,"skX":0},"name":"chaoeshouyiku/syjingbi8","type":"image"},{"transform":{"pY":25.25,"skY":0,"x":0,"scX":1,"y":0,"scY":1,"pX":25.7,"skX":0},"name":"chaoeshouyiku/syjingbi9","type":"image"},{"transform":{"pY":25.25,"skY":0,"x":0,"scX":1,"y":0,"scY":1,"pX":25.7,"skX":0},"name":"chaoeshouyiku/syjingbi2","type":"image"},{"transform":{"pY":25.25,"skY":0,"x":0,"scX":1,"y":0,"scY":1,"pX":25.7,"skX":0},"name":"chaoeshouyiku/syjingbi3","type":"image"},{"transform":{"pY":1,"skY":0,"x":0,"scX":1,"y":0,"scY":1,"pX":2,"skX":0},"name":"chaoeshouyiku/sytoumingdian","type":"image"},{"transform":{"pY":25.25,"skY":0,"x":0,"scX":1,"y":0,"scY":1,"pX":25.7,"skX":0},"name":"chaoeshouyiku/syjingbi6","type":"image"}],"parent":4},{"name":7,"z":0,"display":[{"transform":{"pY":25.25,"skY":0,"x":0,"scX":1,"y":0,"scY":1,"pX":25.7,"skX":0},"name":"chaoeshouyiku/syjingbi10","type":"image"},{"transform":{"pY":25.25,"skY":0,"x":0,"scX":1,"y":0,"scY":1,"pX":25.7,"skX":0},"name":"chaoeshouyiku/syjingbi1","type":"image"},{"transform":{"pY":25.25,"skY":0,"x":0,"scX":1,"y":0,"scY":1,"pX":25.7,"skX":0},"name":"chaoeshouyiku/syjingbi4","type":"image"},{"transform":{"pY":25.25,"skY":0,"x":0,"scX":1,"y":0,"scY":1,"pX":25.7,"skX":0},"name":"chaoeshouyiku/syjingbi5","type":"image"},{"transform":{"pY":25.25,"skY":0,"x":0,"scX":1,"y":0,"scY":1,"pX":25.7,"skX":0},"name":"chaoeshouyiku/syjingbi7","type":"image"},{"transform":{"pY":25.25,"skY":0,"x":0,"scX":1,"y":0,"scY":1,"pX":25.7,"skX":0},"name":"chaoeshouyiku/syjingbi8","type":"image"},{"transform":{"pY":25.25,"skY":0,"x":0,"scX":1,"y":0,"scY":1,"pX":25.7,"skX":0},"name":"chaoeshouyiku/syjingbi9","type":"image"},{"transform":{"pY":25.25,"skY":0,"x":0,"scX":1,"y":0,"scY":1,"pX":25.7,"skX":0},"name":"chaoeshouyiku/syjingbi2","type":"image"},{"transform":{"pY":25.25,"skY":0,"x":0,"scX":1,"y":0,"scY":1,"pX":25.7,"skX":0},"name":"chaoeshouyiku/syjingbi3","type":"image"},{"transform":{"pY":25.25,"skY":0,"x":0,"scX":1,"y":0,"scY":1,"pX":25.7,"skX":0},"name":"chaoeshouyiku/syjingbi6","type":"image"},{"transform":{"pY":1,"skY":0,"x":0,"scX":1,"y":0,"scY":1,"pX":2,"skX":0},"name":"chaoeshouyiku/sytoumingdian","type":"image"}],"parent":7},{"name":6,"z":1,"display":[{"transform":{"pY":25.25,"skY":0,"x":0,"scX":1,"y":0,"scY":1,"pX":25.7,"skX":0},"name":"chaoeshouyiku/syjingbi10","type":"image"},{"transform":{"pY":25.25,"skY":0,"x":0,"scX":1,"y":0,"scY":1,"pX":25.7,"skX":0},"name":"chaoeshouyiku/syjingbi1","type":"image"},{"transform":{"pY":25.25,"skY":0,"x":0,"scX":1,"y":0,"scY":1,"pX":25.7,"skX":0},"name":"chaoeshouyiku/syjingbi4","type":"image"},{"transform":{"pY":25.25,"skY":0,"x":0,"scX":1,"y":0,"scY":1,"pX":25.7,"skX":0},"name":"chaoeshouyiku/syjingbi5","type":"image"},{"transform":{"pY":25.25,"skY":0,"x":0,"scX":1,"y":0,"scY":1,"pX":25.7,"skX":0},"name":"chaoeshouyiku/syjingbi7","type":"image"},{"transform":{"pY":25.25,"skY":0,"x":0,"scX":1,"y":0,"scY":1,"pX":25.7,"skX":0},"name":"chaoeshouyiku/syjingbi8","type":"image"},{"transform":{"pY":25.25,"skY":0,"x":0,"scX":1,"y":0,"scY":1,"pX":25.7,"skX":0},"name":"chaoeshouyiku/syjingbi9","type":"image"},{"transform":{"pY":25.25,"skY":0,"x":0,"scX":1,"y":0,"scY":1,"pX":25.7,"skX":0},"name":"chaoeshouyiku/syjingbi2","type":"image"},{"transform":{"pY":25.25,"skY":0,"x":0,"scX":1,"y":0,"scY":1,"pX":25.7,"skX":0},"name":"chaoeshouyiku/syjingbi3","type":"image"},{"transform":{"pY":1,"skY":0,"x":0,"scX":1,"y":0,"scY":1,"pX":2,"skX":0},"name":"chaoeshouyiku/sytoumingdian","type":"image"}],"parent":6}],"name":"default"}],"animation":[{"autoTween":1,"timeline":[{"name":3,"scale":1,"frame":[{"duration":3,"displayIndex":-1},{"transform":{"pY":0,"skY":-10.26,"x":12.65,"scX":-0.52,"y":-16.4,"scY":0.52,"pX":0,"skX":-10.36},"z":4,"duration":1},{"z":4,"duration":1,"transform":{"pY":0,"skY":-15.03,"x":13.85,"scX":-0.52,"y":-25.25,"scY":0.52,"pX":0,"skX":-15.13},"displayIndex":1},{"z":4,"duration":1,"transform":{"pY":0,"skY":-19.77,"x":15.55,"scX":-0.52,"y":-33.85,"scY":0.52,"pX":0,"skX":-19.88},"displayIndex":1},{"z":4,"duration":1,"transform":{"pY":0,"skY":-43.37,"x":18,"scX":-0.52,"y":-41.85,"scY":0.52,"pX":0,"skX":-43.45},"displayIndex":2},{"z":4,"duration":1,"transform":{"pY":0,"skY":-48.14,"x":19.65,"scX":-0.52,"y":-44.15,"scY":0.52,"pX":0,"skX":-48.21},"displayIndex":2},{"z":4,"duration":1,"transform":{"pY":0,"skY":-52.91,"x":22.2,"scX":-0.52,"y":-45.55,"scY":0.52,"pX":0,"skX":-52.96},"displayIndex":3},{"z":4,"duration":1,"transform":{"pY":0,"skY":-57.68,"x":25.05,"scX":-0.52,"y":-44.5,"scY":0.52,"pX":0,"skX":-57.71},"displayIndex":3},{"z":4,"duration":1,"transform":{"pY":0,"skY":-71.99,"x":27.1,"scX":-0.52,"y":-41.95,"scY":0.52,"pX":0,"skX":-71.97},"displayIndex":4},{"z":4,"duration":1,"transform":{"pY":0,"skY":-76.75,"x":28.6,"scX":-0.52,"y":-39.75,"scY":0.52,"pX":0,"skX":-76.71},"displayIndex":4},{"z":4,"duration":1,"transform":{"pY":0,"skY":-81.52,"x":30.3,"scX":-0.52,"y":-36.85,"scY":0.52,"pX":0,"skX":-81.46},"displayIndex":5},{"z":4,"duration":1,"transform":{"pY":0,"skY":-86.28,"x":32.05,"scX":-0.52,"y":-33.3,"scY":0.52,"pX":0,"skX":-86.21},"displayIndex":5},{"z":4,"duration":1,"transform":{"pY":0,"skY":-91.03,"x":33.95,"scX":-0.52,"y":-29.1,"scY":0.52,"pX":0,"skX":-90.96},"displayIndex":6},{"z":4,"duration":1,"transform":{"pY":0,"skY":-95.79,"x":35.9,"scX":-0.52,"y":-24.2,"scY":0.52,"pX":0,"skX":-95.7},"displayIndex":6},{"transform":{"pY":0,"skY":-100.35,"x":37.85,"scX":-0.52,"y":-18.65,"scY":0.52,"pX":0,"skX":-100.25},"z":4,"duration":1},{"transform":{"pY":0,"skY":-104.91,"x":39.65,"scX":-0.52,"y":-12.3,"scY":0.52,"pX":0,"skX":-104.81},"z":4,"duration":1},{"z":4,"duration":1,"transform":{"pY":0,"skY":-123.9,"x":41.5,"scX":-0.52,"y":-4.9,"scY":0.52,"pX":0,"skX":-123.8},"colorTransform":{"gO":0,"bO":0,"aM":70,"rM":100,"aO":0,"gM":100,"rO":0,"bM":100},"displayIndex":7},{"z":4,"duration":1,"transform":{"pY":0,"skY":-128.66,"x":43,"scX":-0.52,"y":4.65,"scY":0.52,"pX":0,"skX":-128.57},"colorTransform":{"gO":0,"bO":0,"aM":50,"rM":100,"aO":0,"gM":100,"rO":0,"bM":100},"displayIndex":8},{"z":4,"duration":1,"transform":{"pY":0,"skY":-133.42,"x":43.8,"scX":-0.52,"y":14.3,"scY":0.52,"pX":0,"skX":-133.34},"colorTransform":{"gO":0,"bO":0,"aM":30,"rM":100,"aO":0,"gM":100,"rO":0,"bM":100},"displayIndex":8},{"z":4,"duration":1,"transform":{"pY":0,"skY":-161.95,"x":44.65,"scX":-0.52,"y":24.4,"scY":0.52,"pX":0,"skX":-161.97},"colorTransform":{"gO":0,"bO":0,"aM":10,"rM":100,"aO":0,"gM":100,"rO":0,"bM":100},"displayIndex":9},{"z":4,"duration":1,"transform":{"pY":0,"skY":-161.95,"x":44.65,"scX":-0.52,"y":24.4,"scY":0.52,"pX":0,"skX":-161.97},"colorTransform":{"gO":0,"bO":0,"aM":10,"rM":100,"aO":0,"gM":100,"rO":0,"bM":100},"displayIndex":10},{"duration":2,"displayIndex":-1}],"offset":0},{"name":2,"scale":1,"frame":[{"duration":5,"displayIndex":-1},{"transform":{"pY":0,"skY":23.23,"x":29.3,"scX":0.65,"y":-16.55,"scY":0.65,"pX":0,"skX":23.34},"z":5,"duration":1},{"z":5,"duration":1,"transform":{"pY":0,"skY":28,"x":30.3,"scX":0.65,"y":-27.65,"scY":0.65,"pX":0,"skX":28.11},"displayIndex":1},{"z":5,"duration":1,"transform":{"pY":0,"skY":32.74,"x":30.6,"scX":0.65,"y":-38.65,"scY":0.65,"pX":0,"skX":32.86},"displayIndex":1},{"z":5,"duration":1,"transform":{"pY":0,"skY":56.34,"x":29.85,"scX":0.65,"y":-49.05,"scY":0.65,"pX":0,"skX":56.44},"displayIndex":2},{"z":5,"duration":1,"transform":{"pY":0,"skY":61.12,"x":28.55,"scX":0.64,"y":-52.35,"scY":0.65,"pX":0,"skX":61.19},"displayIndex":2},{"z":5,"duration":1,"transform":{"pY":0,"skY":65.88,"x":25.85,"scX":0.64,"y":-54.75,"scY":0.65,"pX":0,"skX":65.94},"displayIndex":3},{"z":5,"duration":1,"transform":{"pY":0,"skY":70.65,"x":22.05,"scX":0.64,"y":-54.3,"scY":0.65,"pX":0,"skX":70.7},"displayIndex":3},{"z":5,"duration":1,"transform":{"pY":0,"skY":84.96,"x":18.8,"scX":0.65,"y":-51.7,"scY":0.65,"pX":0,"skX":84.95},"displayIndex":4},{"z":5,"duration":1,"transform":{"pY":0,"skY":89.73,"x":16.4,"scX":0.64,"y":-49.45,"scY":0.65,"pX":0,"skX":89.69},"displayIndex":4},{"z":5,"duration":1,"transform":{"pY":0,"skY":94.49,"x":13.5,"scX":0.64,"y":-46.4,"scY":0.65,"pX":0,"skX":94.44},"displayIndex":5},{"z":5,"duration":1,"transform":{"pY":0,"skY":99.25,"x":10.35,"scX":0.64,"y":-42.55,"scY":0.65,"pX":0,"skX":99.19},"displayIndex":5},{"z":5,"duration":1,"transform":{"pY":0,"skY":104.01,"x":6.85,"scX":0.64,"y":-38,"scY":0.65,"pX":0,"skX":103.93},"displayIndex":6},{"z":5,"duration":1,"transform":{"pY":0,"skY":108.77,"x":3.1,"scX":0.65,"y":-32.6,"scY":0.65,"pX":0,"skX":108.67},"displayIndex":6},{"transform":{"pY":0,"skY":113.33,"x":-0.85,"scX":0.65,"y":-26.35,"scY":0.65,"pX":0,"skX":113.22},"z":5,"duration":1},{"z":5,"duration":1,"transform":{"pY":0,"skY":117.89,"x":-4.8,"scX":0.65,"y":-19.15,"scY":0.65,"pX":0,"skX":117.78},"colorTransform":{"gO":0,"bO":0,"aM":70,"rM":100,"aO":0,"gM":100,"rO":0,"bM":100}},{"z":5,"duration":1,"transform":{"pY":0,"skY":136.88,"x":-9.1,"scX":0.65,"y":-10.65,"scY":0.65,"pX":0,"skX":136.77},"colorTransform":{"gO":0,"bO":0,"aM":50,"rM":100,"aO":0,"gM":100,"rO":0,"bM":100},"displayIndex":7},{"z":5,"duration":1,"transform":{"pY":0,"skY":141.65,"x":-13.6,"scX":0.64,"y":0.6,"scY":0.64,"pX":0,"skX":141.54},"colorTransform":{"gO":0,"bO":0,"aM":30,"rM":100,"aO":0,"gM":100,"rO":0,"bM":100},"displayIndex":8},{"z":5,"duration":1,"transform":{"pY":0,"skY":146.4,"x":-17.3,"scX":0.65,"y":12.15,"scY":0.64,"pX":0,"skX":146.31},"colorTransform":{"gO":0,"bO":0,"aM":10,"rM":100,"aO":0,"gM":100,"rO":0,"bM":100},"displayIndex":8},{"z":5,"duration":1,"transform":{"pY":0,"skY":146.4,"x":-17.3,"scX":0.65,"y":12.15,"scY":0.64,"pX":0,"skX":146.31},"colorTransform":{"gO":0,"bO":0,"aM":10,"rM":100,"aO":0,"gM":100,"rO":0,"bM":100},"displayIndex":8},{"z":5,"duration":1,"transform":{"pY":0,"skY":146.4,"x":-17.3,"scX":0.65,"y":12.15,"scY":0.64,"pX":0,"skX":146.31},"colorTransform":{"gO":0,"bO":0,"aM":10,"rM":100,"aO":0,"gM":100,"rO":0,"bM":100},"displayIndex":9}],"offset":0},{"name":1,"scale":1,"frame":[{"transform":{"pY":0,"skY":10.25,"x":14.45,"scX":0.65,"y":-16.7,"scY":0.65,"pX":0,"skX":10.36},"z":6,"duration":1},{"z":6,"duration":1,"transform":{"pY":0,"skY":15.02,"x":12.95,"scX":0.65,"y":-27.75,"scY":0.65,"pX":0,"skX":15.14},"displayIndex":1},{"z":6,"duration":1,"transform":{"pY":0,"skY":19.76,"x":10.8,"scX":0.65,"y":-38.5,"scY":0.65,"pX":0,"skX":19.89},"displayIndex":1},{"z":6,"duration":1,"transform":{"pY":0,"skY":43.36,"x":7.8,"scX":0.65,"y":-48.5,"scY":0.65,"pX":0,"skX":43.46},"displayIndex":2},{"z":6,"duration":1,"transform":{"pY":0,"skY":48.14,"x":5.75,"scX":0.64,"y":-51.4,"scY":0.65,"pX":0,"skX":48.21},"displayIndex":2},{"z":6,"duration":1,"transform":{"pY":0,"skY":52.91,"x":2.55,"scX":0.64,"y":-53.1,"scY":0.65,"pX":0,"skX":52.96},"displayIndex":3},{"z":6,"duration":1,"transform":{"pY":0,"skY":57.68,"x":-1.05,"scX":0.64,"y":-51.8,"scY":0.65,"pX":0,"skX":57.72},"displayIndex":3},{"z":6,"duration":1,"transform":{"pY":0,"skY":71.98,"x":-3.65,"scX":0.65,"y":-48.6,"scY":0.65,"pX":0,"skX":71.97},"displayIndex":4},{"z":6,"duration":1,"transform":{"pY":0,"skY":76.75,"x":-5.5,"scX":0.64,"y":-45.8,"scY":0.65,"pX":0,"skX":76.71},"displayIndex":4},{"z":6,"duration":1,"transform":{"pY":0,"skY":81.52,"x":-7.6,"scX":0.64,"y":-42.2,"scY":0.65,"pX":0,"skX":81.46},"displayIndex":5},{"z":6,"duration":1,"transform":{"pY":0,"skY":86.28,"x":-9.8,"scX":0.64,"y":-37.75,"scY":0.65,"pX":0,"skX":86.2},"displayIndex":5},{"z":6,"duration":1,"transform":{"pY":0,"skY":91.04,"x":-12.2,"scX":0.64,"y":-32.55,"scY":0.65,"pX":0,"skX":90.95},"displayIndex":6},{"z":6,"duration":1,"transform":{"pY":0,"skY":95.79,"x":-14.65,"scX":0.65,"y":-26.45,"scY":0.65,"pX":0,"skX":95.69},"displayIndex":6},{"transform":{"pY":0,"skY":100.35,"x":-17.05,"scX":0.65,"y":-19.45,"scY":0.65,"pX":0,"skX":100.24},"z":6,"duration":1},{"transform":{"pY":0,"skY":104.92,"x":-19.3,"scX":0.65,"y":-11.6,"scY":0.65,"pX":0,"skX":104.8},"z":6,"duration":1},{"z":6,"duration":1,"transform":{"pY":0,"skY":123.9,"x":-21.6,"scX":0.65,"y":-2.3,"scY":0.65,"pX":0,"skX":123.79},"colorTransform":{"gO":0,"bO":0,"aM":70,"rM":100,"aO":0,"gM":100,"rO":0,"bM":100},"displayIndex":7},{"z":6,"duration":1,"transform":{"pY":0,"skY":128.67,"x":-23.45,"scX":0.65,"y":9.65,"scY":0.64,"pX":0,"skX":128.56},"colorTransform":{"gO":0,"bO":0,"aM":50,"rM":100,"aO":0,"gM":100,"rO":0,"bM":100},"displayIndex":8},{"z":6,"duration":1,"transform":{"pY":0,"skY":133.42,"x":-24.45,"scX":0.65,"y":21.7,"scY":0.64,"pX":0,"skX":133.33},"colorTransform":{"gO":0,"bO":0,"aM":30,"rM":100,"aO":0,"gM":100,"rO":0,"bM":100},"displayIndex":8},{"z":6,"duration":1,"transform":{"pY":0,"skY":161.95,"x":-25.5,"scX":0.65,"y":34.35,"scY":0.65,"pX":0,"skX":161.97},"colorTransform":{"gO":0,"bO":0,"aM":10,"rM":100,"aO":0,"gM":100,"rO":0,"bM":100},"displayIndex":9},{"z":6,"duration":1,"transform":{"pY":0,"skY":161.95,"x":-25.5,"scX":0.65,"y":34.35,"scY":0.65,"pX":0,"skX":161.97},"colorTransform":{"gO":0,"bO":0,"aM":10,"rM":100,"aO":0,"gM":100,"rO":0,"bM":100},"displayIndex":10},{"duration":5,"displayIndex":-1}],"offset":0}],"duration":25,"scale":1,"loop":1,"tweenEasing":null,"name":"ui_big_money_1","fadeInTime":0},{"autoTween":1,"timeline":[{"name":5,"scale":1,"frame":[{"duration":5,"displayIndex":-1},{"transform":{"pY":0,"skY":-10.26,"x":2.75,"scX":-0.61,"y":-16.5,"scY":0.61,"pX":0,"skX":-10.36},"z":2,"duration":1},{"z":2,"duration":1,"transform":{"pY":0,"skY":-15.02,"x":4.2,"scX":-0.61,"y":-26.9,"scY":0.61,"pX":0,"skX":-15.13},"displayIndex":1},{"z":2,"duration":1,"transform":{"pY":0,"skY":-19.77,"x":6.25,"scX":-0.61,"y":-37.1,"scY":0.61,"pX":0,"skX":-19.88},"displayIndex":1},{"z":2,"duration":1,"transform":{"pY":0,"skY":-43.37,"x":9.1,"scX":-0.61,"y":-46.55,"scY":0.61,"pX":0,"skX":-43.45},"displayIndex":2},{"z":2,"duration":1,"transform":{"pY":0,"skY":-48.14,"x":11.05,"scX":-0.61,"y":-49.25,"scY":0.61,"pX":0,"skX":-48.21},"displayIndex":2},{"z":2,"duration":1,"transform":{"pY":0,"skY":-52.91,"x":14.05,"scX":-0.61,"y":-50.9,"scY":0.61,"pX":0,"skX":-52.96},"displayIndex":3},{"z":2,"duration":1,"transform":{"pY":0,"skY":-57.68,"x":17.4,"scX":-0.61,"y":-49.65,"scY":0.61,"pX":0,"skX":-57.72},"displayIndex":3},{"z":2,"duration":1,"transform":{"pY":0,"skY":-71.98,"x":19.9,"scX":-0.61,"y":-46.6,"scY":0.61,"pX":0,"skX":-71.97},"displayIndex":4},{"z":2,"duration":1,"transform":{"pY":0,"skY":-76.75,"x":21.65,"scX":-0.61,"y":-44,"scY":0.61,"pX":0,"skX":-76.72},"displayIndex":4},{"z":2,"duration":1,"transform":{"pY":0,"skY":-81.52,"x":23.65,"scX":-0.61,"y":-40.55,"scY":0.61,"pX":0,"skX":-81.46},"displayIndex":5},{"z":2,"duration":1,"transform":{"pY":0,"skY":-86.28,"x":25.7,"scX":-0.61,"y":-36.4,"scY":0.61,"pX":0,"skX":-86.21},"displayIndex":5},{"z":2,"duration":1,"transform":{"pY":0,"skY":-91.03,"x":28,"scX":-0.61,"y":-31.45,"scY":0.61,"pX":0,"skX":-90.95},"displayIndex":6},{"z":2,"duration":1,"transform":{"pY":0,"skY":-95.79,"x":30.25,"scX":-0.61,"y":-25.7,"scY":0.61,"pX":0,"skX":-95.69},"displayIndex":6},{"transform":{"pY":0,"skY":-100.35,"x":32.6,"scX":-0.61,"y":-19.1,"scY":0.61,"pX":0,"skX":-100.25},"z":2,"duration":1},{"transform":{"pY":0,"skY":-104.91,"x":34.7,"scX":-0.61,"y":-11.65,"scY":0.61,"pX":0,"skX":-104.8},"z":2,"duration":1},{"z":2,"duration":1,"transform":{"pY":0,"skY":-123.9,"x":36.85,"scX":-0.61,"y":-2.9,"scY":0.61,"pX":0,"skX":-123.79},"colorTransform":{"gO":0,"bO":0,"aM":70,"rM":100,"aO":0,"gM":100,"rO":0,"bM":100},"displayIndex":7},{"z":2,"duration":1,"transform":{"pY":0,"skY":-128.67,"x":38.6,"scX":-0.61,"y":8.45,"scY":0.61,"pX":0,"skX":-128.56},"colorTransform":{"gO":0,"bO":0,"aM":50,"rM":100,"aO":0,"gM":100,"rO":0,"bM":100},"displayIndex":8},{"z":2,"duration":1,"transform":{"pY":0,"skY":-133.42,"x":39.55,"scX":-0.61,"y":19.85,"scY":0.61,"pX":0,"skX":-133.33},"colorTransform":{"gO":0,"bO":0,"aM":30,"rM":100,"aO":0,"gM":100,"rO":0,"bM":100},"displayIndex":8},{"z":2,"duration":1,"transform":{"pY":0,"skY":-161.95,"x":40.55,"scX":-0.61,"y":31.75,"scY":0.61,"pX":0,"skX":-161.97},"colorTransform":{"gO":0,"bO":0,"aM":10,"rM":100,"aO":0,"gM":100,"rO":0,"bM":100},"displayIndex":9},{"z":2,"duration":1,"transform":{"pY":0,"skY":-161.95,"x":40.55,"scX":-0.61,"y":31.75,"scY":0.61,"pX":0,"skX":-161.97},"colorTransform":{"gO":0,"bO":0,"aM":10,"rM":100,"aO":0,"gM":100,"rO":0,"bM":100},"displayIndex":10},{"duration":2,"displayIndex":-1}],"offset":0},{"name":4,"scale":1,"frame":[{"duration":8,"displayIndex":-1},{"transform":{"pY":0,"skY":23.23,"x":22.4,"scX":0.77,"y":-16.65,"scY":0.76,"pX":0,"skX":23.34},"z":3,"duration":1},{"z":3,"duration":1,"transform":{"pY":0,"skY":28,"x":23.55,"scX":0.76,"y":-29.75,"scY":0.76,"pX":0,"skX":28.11},"displayIndex":1},{"z":3,"duration":1,"transform":{"pY":0,"skY":32.74,"x":24,"scX":0.76,"y":-42.75,"scY":0.76,"pX":0,"skX":32.87},"displayIndex":1},{"z":3,"duration":1,"transform":{"pY":0,"skY":56.34,"x":23.1,"scX":0.76,"y":-55.05,"scY":0.76,"pX":0,"skX":56.44},"displayIndex":2},{"z":3,"duration":1,"transform":{"pY":0,"skY":61.12,"x":21.5,"scX":0.76,"y":-58.95,"scY":0.76,"pX":0,"skX":61.2},"displayIndex":2},{"z":3,"duration":1,"transform":{"pY":0,"skY":65.88,"x":18.35,"scX":0.76,"y":-61.75,"scY":0.76,"pX":0,"skX":65.95},"displayIndex":3},{"z":3,"duration":1,"transform":{"pY":0,"skY":70.66,"x":13.85,"scX":0.76,"y":-61.25,"scY":0.76,"pX":0,"skX":70.7},"displayIndex":3},{"z":3,"duration":1,"transform":{"pY":0,"skY":84.96,"x":10,"scX":0.76,"y":-58.25,"scY":0.76,"pX":0,"skX":84.95},"displayIndex":4},{"z":3,"duration":1,"transform":{"pY":0,"skY":89.73,"x":7.1,"scX":0.76,"y":-55.55,"scY":0.76,"pX":0,"skX":89.7},"displayIndex":4},{"z":3,"duration":1,"transform":{"pY":0,"skY":94.5,"x":3.75,"scX":0.76,"y":-51.9,"scY":0.76,"pX":0,"skX":94.44},"displayIndex":5},{"z":3,"duration":1,"transform":{"pY":0,"skY":99.26,"x":0.05,"scX":0.76,"y":-47.4,"scY":0.76,"pX":0,"skX":99.19},"displayIndex":5},{"z":3,"duration":1,"transform":{"pY":0,"skY":104.01,"x":-4.1,"scX":0.76,"y":-42,"scY":0.76,"pX":0,"skX":103.93},"displayIndex":6},{"z":3,"duration":1,"transform":{"pY":0,"skY":108.77,"x":-8.55,"scX":0.76,"y":-35.6,"scY":0.76,"pX":0,"skX":108.67},"displayIndex":6},{"transform":{"pY":0,"skY":113.33,"x":-13.15,"scX":0.76,"y":-28.25,"scY":0.76,"pX":0,"skX":113.23},"z":3,"duration":1},{"z":3,"duration":1,"transform":{"pY":0,"skY":117.9,"x":-17.9,"scX":0.76,"y":-19.75,"scY":0.76,"pX":0,"skX":117.78},"colorTransform":{"gO":0,"bO":0,"aM":70,"rM":100,"aO":0,"gM":100,"rO":0,"bM":100}},{"z":3,"duration":1,"transform":{"pY":0,"skY":136.89,"x":-22.95,"scX":0.76,"y":-9.65,"scY":0.76,"pX":0,"skX":136.77},"colorTransform":{"gO":0,"bO":0,"aM":50,"rM":100,"aO":0,"gM":100,"rO":0,"bM":100},"displayIndex":7},{"z":3,"duration":1,"transform":{"pY":0,"skY":141.65,"x":-28.2,"scX":0.76,"y":3.6,"scY":0.76,"pX":0,"skX":141.54},"colorTransform":{"gO":0,"bO":0,"aM":30,"rM":100,"aO":0,"gM":100,"rO":0,"bM":100},"displayIndex":8},{"z":3,"duration":1,"transform":{"pY":0,"skY":146.41,"x":-32.6,"scX":0.76,"y":17.25,"scY":0.76,"pX":0,"skX":146.31},"colorTransform":{"gO":0,"bO":0,"aM":10,"rM":100,"aO":0,"gM":100,"rO":0,"bM":100},"displayIndex":8},{"z":3,"duration":1,"transform":{"pY":0,"skY":146.41,"x":-32.6,"scX":0.76,"y":17.25,"scY":0.76,"pX":0,"skX":146.31},"colorTransform":{"gO":0,"bO":0,"aM":10,"rM":100,"aO":0,"gM":100,"rO":0,"bM":100},"displayIndex":9}],"offset":0},{"name":3,"scale":1,"frame":[{"duration":1,"displayIndex":-1},{"z":4,"duration":1,"transform":{"pY":0,"skY":79.67,"x":14.6,"scX":-0.77,"y":-18.4,"scY":0.77,"pX":0,"skX":79.79},"displayIndex":1},{"z":4,"duration":1,"transform":{"pY":0,"skY":75.08,"x":20,"scX":-0.76,"y":-28.75,"scY":0.76,"pX":0,"skX":75.2},"displayIndex":1},{"z":4,"duration":1,"transform":{"pY":0,"skY":70.32,"x":26.05,"scX":-0.76,"y":-38.4,"scY":0.76,"pX":0,"skX":70.45},"displayIndex":7},{"z":4,"duration":1,"transform":{"pY":0,"skY":32.28,"x":32.45,"scX":-0.76,"y":-48.35,"scY":0.76,"pX":0,"skX":32.32},"displayIndex":9},{"z":4,"duration":1,"transform":{"pY":0,"skY":27.52,"x":36.75,"scX":-0.76,"y":-51.6,"scY":0.76,"pX":0,"skX":27.54},"displayIndex":9},{"z":4,"duration":1,"transform":{"pY":0,"skY":22.76,"x":41.8,"scX":-0.76,"y":-53.45,"scY":0.76,"pX":0,"skX":22.76},"displayIndex":4},{"transform":{"pY":0,"skY":-5.72,"x":46.05,"scX":-0.76,"y":-53.05,"scY":0.76,"pX":0,"skX":-5.82},"z":4,"duration":1},{"transform":{"pY":0,"skY":-10.28,"x":49.9,"scX":-0.76,"y":-50.8,"scY":0.76,"pX":0,"skX":-10.39},"z":4,"duration":1},{"z":4,"duration":1,"transform":{"pY":0,"skY":-15.02,"x":54.15,"scX":-0.76,"y":-46.5,"scY":0.76,"pX":0,"skX":-15.14},"displayIndex":1},{"z":4,"duration":1,"transform":{"pY":0,"skY":-19.77,"x":58.2,"scX":-0.76,"y":-40.35,"scY":0.76,"pX":0,"skX":-19.89},"displayIndex":1},{"z":4,"duration":1,"transform":{"pY":0,"skY":-24.52,"x":62.2,"scX":-0.76,"y":-32.65,"scY":0.76,"pX":0,"skX":-24.64},"displayIndex":7},{"z":4,"duration":1,"transform":{"pY":0,"skY":-29.27,"x":66.35,"scX":-0.76,"y":-23.5,"scY":0.76,"pX":0,"skX":-29.39},"displayIndex":7},{"z":4,"duration":1,"transform":{"pY":0,"skY":-34.03,"x":70.4,"scX":-0.76,"y":-12.75,"scY":0.76,"pX":0,"skX":-34.14},"displayIndex":8},{"z":4,"duration":1,"transform":{"pY":0,"skY":-57.67,"x":73.6,"scX":-0.76,"y":0.15,"scY":0.76,"pX":0,"skX":-57.71},"displayIndex":3},{"z":4,"duration":1,"transform":{"pY":0,"skY":-62.44,"x":76.45,"scX":-0.76,"y":11.3,"scY":0.76,"pX":0,"skX":-62.46},"colorTransform":{"gO":0,"bO":0,"aM":70,"rM":100,"aO":0,"gM":100,"rO":0,"bM":100},"displayIndex":9},{"z":4,"duration":1,"transform":{"pY":0,"skY":-67.21,"x":78.65,"scX":-0.76,"y":22.75,"scY":0.76,"pX":0,"skX":-67.21},"colorTransform":{"gO":0,"bO":0,"aM":50,"rM":100,"aO":0,"gM":100,"rO":0,"bM":100},"displayIndex":9},{"z":4,"duration":1,"transform":{"pY":0,"skY":-71.98,"x":80.35,"scX":-0.76,"y":34.2,"scY":0.76,"pX":0,"skX":-71.96},"colorTransform":{"gO":0,"bO":0,"aM":30,"rM":100,"aO":0,"gM":100,"rO":0,"bM":100},"displayIndex":4},{"z":4,"duration":1,"transform":{"pY":0,"skY":-114.37,"x":81.7,"scX":-0.77,"y":47.6,"scY":0.77,"pX":0,"skX":-114.24},"colorTransform":{"gO":0,"bO":0,"aM":10,"rM":100,"aO":0,"gM":100,"rO":0,"bM":100},"displayIndex":1},{"z":4,"duration":1,"transform":{"pY":0,"skY":-114.37,"x":81.7,"scX":-0.77,"y":47.6,"scY":0.77,"pX":0,"skX":-114.24},"colorTransform":{"gO":0,"bO":0,"aM":10,"rM":100,"aO":0,"gM":100,"rO":0,"bM":100},"displayIndex":10},{"duration":7,"displayIndex":-1}],"offset":0},{"name":2,"scale":1,"frame":[{"transform":{"pY":0,"skY":10.25,"x":4.9,"scX":0.77,"y":-16.85,"scY":0.76,"pX":0,"skX":10.36},"z":5,"duration":1},{"z":5,"duration":1,"transform":{"pY":0,"skY":15.01,"x":3.15,"scX":0.76,"y":-29.9,"scY":0.76,"pX":0,"skX":15.14},"displayIndex":1},{"z":5,"duration":1,"transform":{"pY":0,"skY":19.76,"x":0.55,"scX":0.76,"y":-42.6,"scY":0.76,"pX":0,"skX":19.89},"displayIndex":1},{"z":5,"duration":1,"transform":{"pY":0,"skY":43.36,"x":-3,"scX":0.76,"y":-54.4,"scY":0.76,"pX":0,"skX":43.46},"displayIndex":2},{"z":5,"duration":1,"transform":{"pY":0,"skY":48.14,"x":-5.4,"scX":0.76,"y":-57.85,"scY":0.76,"pX":0,"skX":48.21},"displayIndex":2},{"z":5,"duration":1,"transform":{"pY":0,"skY":52.91,"x":-9.15,"scX":0.76,"y":-59.85,"scY":0.76,"pX":0,"skX":52.96},"displayIndex":3},{"z":5,"duration":1,"transform":{"pY":0,"skY":57.68,"x":-13.45,"scX":0.76,"y":-58.35,"scY":0.76,"pX":0,"skX":57.72},"displayIndex":3},{"z":5,"duration":1,"transform":{"pY":0,"skY":71.98,"x":-16.5,"scX":0.76,"y":-54.55,"scY":0.76,"pX":0,"skX":71.96},"displayIndex":4},{"z":5,"duration":1,"transform":{"pY":0,"skY":76.75,"x":-18.7,"scX":0.76,"y":-51.3,"scY":0.76,"pX":0,"skX":76.71},"displayIndex":4},{"z":5,"duration":1,"transform":{"pY":0,"skY":81.52,"x":-21.15,"scX":0.76,"y":-47,"scY":0.76,"pX":0,"skX":81.46},"displayIndex":5},{"z":5,"duration":1,"transform":{"pY":0,"skY":86.28,"x":-23.75,"scX":0.76,"y":-41.75,"scY":0.76,"pX":0,"skX":86.2},"displayIndex":5},{"z":5,"duration":1,"transform":{"pY":0,"skY":91.04,"x":-26.6,"scX":0.76,"y":-35.6,"scY":0.76,"pX":0,"skX":90.95},"displayIndex":6},{"z":5,"duration":1,"transform":{"pY":0,"skY":95.79,"x":-29.5,"scX":0.76,"y":-28.4,"scY":0.76,"pX":0,"skX":95.69},"displayIndex":6},{"transform":{"pY":0,"skY":100.36,"x":-32.35,"scX":0.76,"y":-20.15,"scY":0.76,"pX":0,"skX":100.24},"z":5,"duration":1},{"transform":{"pY":0,"skY":104.92,"x":-35.05,"scX":0.76,"y":-10.8,"scY":0.76,"pX":0,"skX":104.8},"z":5,"duration":1},{"z":5,"duration":1,"transform":{"pY":0,"skY":123.9,"x":-37.7,"scX":0.76,"y":0.1,"scY":0.76,"pX":0,"skX":123.79},"colorTransform":{"gO":0,"bO":0,"aM":70,"rM":100,"aO":0,"gM":100,"rO":0,"bM":100},"displayIndex":7},{"z":5,"duration":1,"transform":{"pY":0,"skY":128.67,"x":-39.9,"scX":0.76,"y":14.25,"scY":0.76,"pX":0,"skX":128.56},"colorTransform":{"gO":0,"bO":0,"aM":50,"rM":100,"aO":0,"gM":100,"rO":0,"bM":100},"displayIndex":8},{"z":5,"duration":1,"transform":{"pY":0,"skY":133.42,"x":-41.05,"scX":0.76,"y":28.55,"scY":0.76,"pX":0,"skX":133.33},"colorTransform":{"gO":0,"bO":0,"aM":30,"rM":100,"aO":0,"gM":100,"rO":0,"bM":100},"displayIndex":8},{"z":5,"duration":1,"transform":{"pY":0,"skY":161.95,"x":-42.3,"scX":0.76,"y":43.45,"scY":0.76,"pX":0,"skX":161.97},"colorTransform":{"gO":0,"bO":0,"aM":10,"rM":100,"aO":0,"gM":100,"rO":0,"bM":100},"displayIndex":10},{"z":5,"duration":1,"transform":{"pY":0,"skY":161.95,"x":-42.3,"scX":0.76,"y":43.45,"scY":0.76,"pX":0,"skX":161.97},"colorTransform":{"gO":0,"bO":0,"aM":10,"rM":100,"aO":0,"gM":100,"rO":0,"bM":100},"displayIndex":9},{"duration":7,"displayIndex":-1}],"offset":0},{"name":1,"scale":1,"frame":[{"duration":3,"displayIndex":-1},{"z":6,"duration":1,"transform":{"pY":0,"skY":-79.67,"x":4.05,"scX":0.61,"y":-21.9,"scY":0.61,"pX":0,"skX":-79.78},"displayIndex":1},{"z":6,"duration":1,"transform":{"pY":0,"skY":-75.08,"x":-0.25,"scX":0.61,"y":-30.15,"scY":0.61,"pX":0,"skX":-75.2},"displayIndex":1},{"z":6,"duration":1,"transform":{"pY":0,"skY":-70.33,"x":-5.05,"scX":0.61,"y":-37.9,"scY":0.61,"pX":0,"skX":-70.45},"displayIndex":7},{"z":6,"duration":1,"transform":{"pY":0,"skY":-32.27,"x":-10.2,"scX":0.61,"y":-45.85,"scY":0.61,"pX":0,"skX":-32.32},"displayIndex":9},{"z":6,"duration":1,"transform":{"pY":0,"skY":-27.51,"x":-13.7,"scX":0.61,"y":-48.45,"scY":0.61,"pX":0,"skX":-27.54},"displayIndex":9},{"z":6,"duration":1,"transform":{"pY":0,"skY":-22.76,"x":-17.75,"scX":0.61,"y":-50,"scY":0.61,"pX":0,"skX":-22.76},"displayIndex":4},{"transform":{"pY":0,"skY":5.73,"x":-21.1,"scX":0.61,"y":-49.65,"scY":0.61,"pX":0,"skX":5.82},"z":6,"duration":1},{"transform":{"pY":0,"skY":10.28,"x":-24.25,"scX":0.61,"y":-47.85,"scY":0.61,"pX":0,"skX":10.39},"z":6,"duration":1},{"z":6,"duration":1,"transform":{"pY":0,"skY":15.02,"x":-27.6,"scX":0.61,"y":-44.4,"scY":0.61,"pX":0,"skX":15.14},"displayIndex":1},{"z":6,"duration":1,"transform":{"pY":0,"skY":19.77,"x":-30.85,"scX":0.61,"y":-39.45,"scY":0.61,"pX":0,"skX":19.89},"displayIndex":1},{"z":6,"duration":1,"transform":{"pY":0,"skY":24.52,"x":-34,"scX":0.61,"y":-33.3,"scY":0.61,"pX":0,"skX":24.64},"displayIndex":7},{"z":6,"duration":1,"transform":{"pY":0,"skY":29.27,"x":-37.35,"scX":0.61,"y":-26,"scY":0.61,"pX":0,"skX":29.39},"displayIndex":7},{"z":6,"duration":1,"transform":{"pY":0,"skY":34.03,"x":-40.65,"scX":0.61,"y":-17.4,"scY":0.61,"pX":0,"skX":34.14},"displayIndex":8},{"z":6,"duration":1,"transform":{"pY":0,"skY":57.67,"x":-43.15,"scX":0.61,"y":-7.05,"scY":0.61,"pX":0,"skX":57.72},"displayIndex":3},{"z":6,"duration":1,"transform":{"pY":0,"skY":62.44,"x":-45.45,"scX":0.61,"y":1.9,"scY":0.61,"pX":0,"skX":62.47},"colorTransform":{"gO":0,"bO":0,"aM":70,"rM":100,"aO":0,"gM":100,"rO":0,"bM":100},"displayIndex":9},{"z":6,"duration":1,"transform":{"pY":0,"skY":67.21,"x":-47.2,"scX":0.61,"y":11,"scY":0.61,"pX":0,"skX":67.22},"colorTransform":{"gO":0,"bO":0,"aM":50,"rM":100,"aO":0,"gM":100,"rO":0,"bM":100},"displayIndex":9},{"z":6,"duration":1,"transform":{"pY":0,"skY":71.98,"x":-48.5,"scX":0.61,"y":20.2,"scY":0.61,"pX":0,"skX":71.97},"colorTransform":{"gO":0,"bO":0,"aM":30,"rM":100,"aO":0,"gM":100,"rO":0,"bM":100},"displayIndex":4},{"z":6,"duration":1,"transform":{"pY":0,"skY":114.36,"x":-49.65,"scX":0.61,"y":30.85,"scY":0.61,"pX":0,"skX":114.24},"colorTransform":{"gO":0,"bO":0,"aM":10,"rM":100,"aO":0,"gM":100,"rO":0,"bM":100},"displayIndex":1},{"z":6,"duration":1,"transform":{"pY":0,"skY":114.36,"x":-49.65,"scX":0.61,"y":30.85,"scY":0.61,"pX":0,"skX":114.24},"colorTransform":{"gO":0,"bO":0,"aM":10,"rM":100,"aO":0,"gM":100,"rO":0,"bM":100},"displayIndex":10},{"duration":5,"displayIndex":-1}],"offset":0}],"duration":27,"scale":1,"loop":5,"tweenEasing":null,"name":"ui_big_money_2","fadeInTime":0},{"autoTween":1,"timeline":[{"name":7,"scale":1,"frame":[{"duration":5,"displayIndex":-1},{"transform":{"pY":0,"skY":-10.25,"x":-8,"scX":-0.68,"y":-44.05,"scY":0.68,"pX":0,"skX":-10.36},"z":0,"duration":1},{"z":0,"duration":1,"transform":{"pY":0,"skY":-15.02,"x":-6.4,"scX":-0.68,"y":-55.6,"scY":0.68,"pX":0,"skX":-15.13},"displayIndex":1},{"z":0,"duration":1,"transform":{"pY":0,"skY":-19.77,"x":-4.1,"scX":-0.68,"y":-66.9,"scY":0.68,"pX":0,"skX":-19.88},"displayIndex":1},{"z":0,"duration":1,"transform":{"pY":0,"skY":-43.36,"x":-0.95,"scX":-0.68,"y":-77.4,"scY":0.68,"pX":0,"skX":-43.46},"displayIndex":2},{"z":0,"duration":1,"transform":{"pY":0,"skY":-48.14,"x":1.25,"scX":-0.68,"y":-80.5,"scY":0.68,"pX":0,"skX":-48.21},"displayIndex":2},{"z":0,"duration":1,"transform":{"pY":0,"skY":-52.91,"x":4.55,"scX":-0.68,"y":-82.3,"scY":0.68,"pX":0,"skX":-52.96},"displayIndex":3},{"z":0,"duration":1,"transform":{"pY":0,"skY":-57.68,"x":8.3,"scX":-0.68,"y":-80.9,"scY":0.68,"pX":0,"skX":-57.72},"displayIndex":3},{"z":0,"duration":1,"transform":{"pY":0,"skY":-71.98,"x":11.05,"scX":-0.68,"y":-77.55,"scY":0.68,"pX":0,"skX":-71.97},"displayIndex":4},{"z":0,"duration":1,"transform":{"pY":0,"skY":-76.75,"x":13,"scX":-0.68,"y":-74.65,"scY":0.68,"pX":0,"skX":-76.71},"displayIndex":4},{"z":0,"duration":1,"transform":{"pY":0,"skY":-81.52,"x":15.2,"scX":-0.68,"y":-70.85,"scY":0.68,"pX":0,"skX":-81.46},"displayIndex":5},{"z":0,"duration":1,"transform":{"pY":0,"skY":-86.28,"x":17.5,"scX":-0.68,"y":-66.2,"scY":0.68,"pX":0,"skX":-86.21},"displayIndex":5},{"z":0,"duration":1,"transform":{"pY":0,"skY":-91.03,"x":20.05,"scX":-0.68,"y":-60.7,"scY":0.68,"pX":0,"skX":-90.95},"displayIndex":6},{"z":0,"duration":1,"transform":{"pY":0,"skY":-95.79,"x":22.6,"scX":-0.68,"y":-54.25,"scY":0.68,"pX":0,"skX":-95.69},"displayIndex":6},{"transform":{"pY":0,"skY":-100.35,"x":25.1,"scX":-0.68,"y":-47,"scY":0.68,"pX":0,"skX":-100.25},"z":0,"duration":1},{"transform":{"pY":0,"skY":-104.91,"x":27.5,"scX":-0.68,"y":-38.7,"scY":0.68,"pX":0,"skX":-104.8},"z":0,"duration":1},{"z":0,"duration":1,"transform":{"pY":0,"skY":-123.9,"x":29.9,"scX":-0.68,"y":-28.95,"scY":0.68,"pX":0,"skX":-123.79},"colorTransform":{"gO":0,"bO":0,"aM":70,"rM":100,"aO":0,"gM":100,"rO":0,"bM":100},"displayIndex":7},{"z":0,"duration":1,"transform":{"pY":0,"skY":-128.67,"x":31.8,"scX":-0.68,"y":-16.4,"scY":0.68,"pX":0,"skX":-128.56},"colorTransform":{"gO":0,"bO":0,"aM":50,"rM":100,"aO":0,"gM":100,"rO":0,"bM":100},"displayIndex":8},{"z":0,"duration":1,"transform":{"pY":0,"skY":-133.42,"x":32.9,"scX":-0.68,"y":-3.7,"scY":0.68,"pX":0,"skX":-133.33},"colorTransform":{"gO":0,"bO":0,"aM":30,"rM":100,"aO":0,"gM":100,"rO":0,"bM":100},"displayIndex":8},{"z":0,"duration":1,"transform":{"pY":0,"skY":-161.95,"x":34,"scX":-0.68,"y":9.55,"scY":0.68,"pX":0,"skX":-161.97},"colorTransform":{"gO":0,"bO":0,"aM":30,"rM":100,"aO":0,"gM":100,"rO":0,"bM":100},"displayIndex":9},{"z":0,"duration":1,"transform":{"pY":0,"skY":-161.95,"x":34,"scX":-0.68,"y":9.55,"scY":0.68,"pX":0,"skX":-161.97},"colorTransform":{"gO":0,"bO":0,"aM":30,"rM":100,"aO":0,"gM":100,"rO":0,"bM":100},"displayIndex":10},{"duration":2,"displayIndex":-1}],"offset":0},{"name":6,"scale":1,"frame":[{"duration":8,"displayIndex":-1},{"transform":{"pY":0,"skY":23.23,"x":13.85,"scX":0.85,"y":-44.25,"scY":0.85,"pX":0,"skX":23.34},"z":1,"duration":1},{"z":1,"duration":1,"transform":{"pY":0,"skY":27.99,"x":15.15,"scX":0.85,"y":-58.8,"scY":0.85,"pX":0,"skX":28.11},"displayIndex":1},{"z":1,"duration":1,"transform":{"pY":0,"skY":32.74,"x":15.55,"scX":0.85,"y":-73.2,"scY":0.85,"pX":0,"skX":32.87},"displayIndex":1},{"z":1,"duration":1,"transform":{"pY":0,"skY":56.34,"x":14.6,"scX":0.85,"y":-86.85,"scY":0.85,"pX":0,"skX":56.44},"displayIndex":2},{"z":1,"duration":1,"transform":{"pY":0,"skY":61.11,"x":12.8,"scX":0.85,"y":-91.2,"scY":0.85,"pX":0,"skX":61.2},"displayIndex":2},{"z":1,"duration":1,"transform":{"pY":0,"skY":65.88,"x":9.3,"scX":0.85,"y":-94.3,"scY":0.85,"pX":0,"skX":65.95},"displayIndex":3},{"z":1,"duration":1,"transform":{"pY":0,"skY":70.65,"x":4.35,"scX":0.85,"y":-93.75,"scY":0.85,"pX":0,"skX":70.7},"displayIndex":3},{"z":1,"duration":1,"transform":{"pY":0,"skY":84.96,"x":0.05,"scX":0.85,"y":-90.35,"scY":0.85,"pX":0,"skX":84.95},"displayIndex":4},{"z":1,"duration":1,"transform":{"pY":0,"skY":89.73,"x":-3.15,"scX":0.85,"y":-87.35,"scY":0.85,"pX":0,"skX":89.69},"displayIndex":4},{"z":1,"duration":1,"transform":{"pY":0,"skY":94.5,"x":-6.9,"scX":0.85,"y":-83.35,"scY":0.85,"pX":0,"skX":94.44},"displayIndex":5},{"z":1,"duration":1,"transform":{"pY":0,"skY":99.26,"x":-11.05,"scX":0.85,"y":-78.35,"scY":0.85,"pX":0,"skX":99.18},"displayIndex":5},{"z":1,"duration":1,"transform":{"pY":0,"skY":104.02,"x":-15.65,"scX":0.85,"y":-72.35,"scY":0.85,"pX":0,"skX":103.93},"displayIndex":6},{"z":1,"duration":1,"transform":{"pY":0,"skY":108.77,"x":-20.55,"scX":0.85,"y":-65.3,"scY":0.85,"pX":0,"skX":108.67},"displayIndex":6},{"transform":{"pY":0,"skY":113.33,"x":-25.7,"scX":0.85,"y":-57.05,"scY":0.85,"pX":0,"skX":113.22},"z":1,"duration":1},{"z":1,"duration":1,"transform":{"pY":0,"skY":117.9,"x":-30.9,"scX":0.85,"y":-47.7,"scY":0.85,"pX":0,"skX":117.78},"colorTransform":{"gO":0,"bO":0,"aM":70,"rM":100,"aO":0,"gM":100,"rO":0,"bM":100}},{"z":1,"duration":1,"transform":{"pY":0,"skY":136.89,"x":-36.55,"scX":0.85,"y":-36.45,"scY":0.85,"pX":0,"skX":136.77},"colorTransform":{"gO":0,"bO":0,"aM":50,"rM":100,"aO":0,"gM":100,"rO":0,"bM":100},"displayIndex":7},{"z":1,"duration":1,"transform":{"pY":0,"skY":141.65,"x":-42.45,"scX":0.85,"y":-21.7,"scY":0.85,"pX":0,"skX":141.54},"colorTransform":{"gO":0,"bO":0,"aM":30,"rM":100,"aO":0,"gM":100,"rO":0,"bM":100},"displayIndex":8},{"z":1,"duration":1,"transform":{"pY":0,"skY":146.41,"x":-47.3,"scX":0.85,"y":-6.6,"scY":0.85,"pX":0,"skX":146.31},"colorTransform":{"gO":0,"bO":0,"aM":30,"rM":100,"aO":0,"gM":100,"rO":0,"bM":100},"displayIndex":8},{"z":1,"duration":1,"transform":{"pY":0,"skY":146.41,"x":-47.3,"scX":0.85,"y":-6.6,"scY":0.85,"pX":0,"skX":146.31},"colorTransform":{"gO":0,"bO":0,"aM":30,"rM":100,"aO":0,"gM":100,"rO":0,"bM":100},"displayIndex":9}],"offset":0},{"name":5,"scale":1,"frame":[{"duration":1,"displayIndex":-1},{"z":2,"duration":1,"transform":{"pY":0,"skY":79.67,"x":5.2,"scX":-0.85,"y":-46.15,"scY":0.85,"pX":0,"skX":79.79},"displayIndex":1},{"z":2,"duration":1,"transform":{"pY":0,"skY":75.08,"x":11.1,"scX":-0.85,"y":-57.6,"scY":0.85,"pX":0,"skX":75.2},"displayIndex":1},{"z":2,"duration":1,"transform":{"pY":0,"skY":70.33,"x":17.85,"scX":-0.85,"y":-68.35,"scY":0.85,"pX":0,"skX":70.45},"displayIndex":7},{"z":2,"duration":1,"transform":{"pY":0,"skY":32.28,"x":25,"scX":-0.85,"y":-79.45,"scY":0.85,"pX":0,"skX":32.32},"displayIndex":9},{"z":2,"duration":1,"transform":{"pY":0,"skY":27.52,"x":29.8,"scX":-0.85,"y":-83.05,"scY":0.85,"pX":0,"skX":27.54},"displayIndex":9},{"z":2,"duration":1,"transform":{"pY":0,"skY":22.77,"x":35.4,"scX":-0.85,"y":-85.1,"scY":0.84,"pX":0,"skX":22.76},"displayIndex":4},{"transform":{"pY":0,"skY":-5.72,"x":40.05,"scX":-0.85,"y":-84.65,"scY":0.85,"pX":0,"skX":-5.82},"z":2,"duration":1},{"transform":{"pY":0,"skY":-10.28,"x":44.4,"scX":-0.85,"y":-82.15,"scY":0.85,"pX":0,"skX":-10.39},"z":2,"duration":1},{"z":2,"duration":1,"transform":{"pY":0,"skY":-15.02,"x":49.15,"scX":-0.85,"y":-77.4,"scY":0.85,"pX":0,"skX":-15.14},"displayIndex":1},{"z":2,"duration":1,"transform":{"pY":0,"skY":-19.77,"x":53.65,"scX":-0.85,"y":-70.55,"scY":0.85,"pX":0,"skX":-19.89},"displayIndex":1},{"z":2,"duration":1,"transform":{"pY":0,"skY":-24.52,"x":58.05,"scX":-0.85,"y":-62,"scY":0.85,"pX":0,"skX":-24.64},"displayIndex":7},{"z":2,"duration":1,"transform":{"pY":0,"skY":-29.27,"x":62.7,"scX":-0.85,"y":-51.75,"scY":0.85,"pX":0,"skX":-29.39},"displayIndex":7},{"z":2,"duration":1,"transform":{"pY":0,"skY":-34.03,"x":67.2,"scX":-0.85,"y":-39.85,"scY":0.85,"pX":0,"skX":-34.14},"displayIndex":8},{"z":2,"duration":1,"transform":{"pY":0,"skY":-57.67,"x":70.7,"scX":-0.85,"y":-25.5,"scY":0.85,"pX":0,"skX":-57.71},"displayIndex":3},{"z":2,"duration":1,"transform":{"pY":0,"skY":-62.44,"x":73.85,"scX":-0.85,"y":-13.1,"scY":0.85,"pX":0,"skX":-62.46},"colorTransform":{"gO":0,"bO":0,"aM":70,"rM":100,"aO":0,"gM":100,"rO":0,"bM":100},"displayIndex":9},{"z":2,"duration":1,"transform":{"pY":0,"skY":-67.21,"x":76.3,"scX":-0.85,"y":-0.35,"scY":0.85,"pX":0,"skX":-67.21},"colorTransform":{"gO":0,"bO":0,"aM":50,"rM":100,"aO":0,"gM":100,"rO":0,"bM":100},"displayIndex":9},{"z":2,"duration":1,"transform":{"pY":0,"skY":-71.98,"x":78.2,"scX":-0.85,"y":12.35,"scY":0.85,"pX":0,"skX":-71.96},"colorTransform":{"gO":0,"bO":0,"aM":30,"rM":100,"aO":0,"gM":100,"rO":0,"bM":100},"displayIndex":4},{"z":2,"duration":1,"transform":{"pY":0,"skY":-114.36,"x":79.7,"scX":-0.85,"y":27.2,"scY":0.85,"pX":0,"skX":-114.24},"colorTransform":{"gO":0,"bO":0,"aM":10,"rM":100,"aO":0,"gM":100,"rO":0,"bM":100},"displayIndex":1},{"z":2,"duration":1,"transform":{"pY":0,"skY":-114.36,"x":79.7,"scX":-0.85,"y":27.2,"scY":0.85,"pX":0,"skX":-114.24},"colorTransform":{"gO":0,"bO":0,"aM":10,"rM":100,"aO":0,"gM":100,"rO":0,"bM":100},"displayIndex":10},{"duration":7,"displayIndex":-1}],"offset":0},{"name":4,"scale":1,"frame":[{"transform":{"pY":0,"skY":10.25,"x":-5.55,"scX":0.85,"y":-44.45,"scY":0.85,"pX":0,"skX":10.36},"z":3,"duration":1},{"z":3,"duration":1,"transform":{"pY":0,"skY":15.01,"x":-7.55,"scX":0.85,"y":-58.95,"scY":0.85,"pX":0,"skX":15.13},"displayIndex":1},{"z":3,"duration":1,"transform":{"pY":0,"skY":19.76,"x":-10.35,"scX":0.85,"y":-73.1,"scY":0.85,"pX":0,"skX":19.89},"displayIndex":1},{"z":3,"duration":1,"transform":{"pY":0,"skY":43.36,"x":-14.35,"scX":0.85,"y":-86.15,"scY":0.85,"pX":0,"skX":43.46},"displayIndex":2},{"z":3,"duration":1,"transform":{"pY":0,"skY":48.14,"x":-17.05,"scX":0.85,"y":-90.05,"scY":0.85,"pX":0,"skX":48.21},"displayIndex":2},{"z":3,"duration":1,"transform":{"pY":0,"skY":52.91,"x":-21.2,"scX":0.85,"y":-92.25,"scY":0.85,"pX":0,"skX":52.96},"displayIndex":3},{"z":3,"duration":1,"transform":{"pY":0,"skY":57.68,"x":-25.9,"scX":0.85,"y":-90.55,"scY":0.85,"pX":0,"skX":57.72},"displayIndex":3},{"z":3,"duration":1,"transform":{"pY":0,"skY":71.98,"x":-29.35,"scX":0.85,"y":-86.35,"scY":0.85,"pX":0,"skX":71.96},"displayIndex":4},{"z":3,"duration":1,"transform":{"pY":0,"skY":76.75,"x":-31.8,"scX":0.85,"y":-82.7,"scY":0.85,"pX":0,"skX":76.71},"displayIndex":4},{"z":3,"duration":1,"transform":{"pY":0,"skY":81.52,"x":-34.5,"scX":0.85,"y":-77.95,"scY":0.85,"pX":0,"skX":81.46},"displayIndex":5},{"z":3,"duration":1,"transform":{"pY":0,"skY":86.28,"x":-37.45,"scX":0.85,"y":-72.15,"scY":0.85,"pX":0,"skX":86.2},"displayIndex":5},{"z":3,"duration":1,"transform":{"pY":0,"skY":91.04,"x":-40.55,"scX":0.85,"y":-65.25,"scY":0.85,"pX":0,"skX":90.95},"displayIndex":6},{"z":3,"duration":1,"transform":{"pY":0,"skY":95.79,"x":-43.8,"scX":0.85,"y":-57.3,"scY":0.85,"pX":0,"skX":95.69},"displayIndex":6},{"transform":{"pY":0,"skY":100.36,"x":-46.95,"scX":0.85,"y":-48.15,"scY":0.85,"pX":0,"skX":100.24},"z":3,"duration":1},{"transform":{"pY":0,"skY":104.92,"x":-49.95,"scX":0.85,"y":-37.75,"scY":0.85,"pX":0,"skX":104.8},"z":3,"duration":1},{"z":3,"duration":1,"transform":{"pY":0,"skY":123.9,"x":-52.9,"scX":0.85,"y":-25.6,"scY":0.85,"pX":0,"skX":123.79},"colorTransform":{"gO":0,"bO":0,"aM":70,"rM":100,"aO":0,"gM":100,"rO":0,"bM":100},"displayIndex":7},{"z":3,"duration":1,"transform":{"pY":0,"skY":128.67,"x":-55.35,"scX":0.85,"y":-9.85,"scY":0.85,"pX":0,"skX":128.56},"colorTransform":{"gO":0,"bO":0,"aM":50,"rM":100,"aO":0,"gM":100,"rO":0,"bM":100},"displayIndex":8},{"z":3,"duration":1,"transform":{"pY":0,"skY":133.42,"x":-56.6,"scX":0.85,"y":5.95,"scY":0.85,"pX":0,"skX":133.33},"colorTransform":{"gO":0,"bO":0,"aM":30,"rM":100,"aO":0,"gM":100,"rO":0,"bM":100},"displayIndex":8},{"z":3,"duration":1,"transform":{"pY":0,"skY":161.95,"x":-58,"scX":0.85,"y":22.55,"scY":0.85,"pX":0,"skX":161.97},"colorTransform":{"gO":0,"bO":0,"aM":10,"rM":100,"aO":0,"gM":100,"rO":0,"bM":100},"displayIndex":10},{"z":3,"duration":1,"transform":{"pY":0,"skY":161.95,"x":-58,"scX":0.85,"y":22.55,"scY":0.85,"pX":0,"skX":161.97},"colorTransform":{"gO":0,"bO":0,"aM":10,"rM":100,"aO":0,"gM":100,"rO":0,"bM":100},"displayIndex":9},{"duration":7,"displayIndex":-1}],"offset":0},{"name":3,"scale":1,"frame":[{"duration":3,"displayIndex":-1},{"z":4,"duration":1,"transform":{"pY":0,"skY":-79.67,"x":-6.5,"scX":0.68,"y":-50.1,"scY":0.68,"pX":0,"skX":-79.78},"displayIndex":1},{"z":4,"duration":1,"transform":{"pY":0,"skY":-75.08,"x":-11.25,"scX":0.68,"y":-59.25,"scY":0.68,"pX":0,"skX":-75.2},"displayIndex":1},{"z":4,"duration":1,"transform":{"pY":0,"skY":-70.33,"x":-16.65,"scX":0.68,"y":-67.9,"scY":0.68,"pX":0,"skX":-70.45},"displayIndex":7},{"z":4,"duration":1,"transform":{"pY":0,"skY":-32.27,"x":-22.35,"scX":0.68,"y":-76.7,"scY":0.68,"pX":0,"skX":-32.32},"displayIndex":9},{"z":4,"duration":1,"transform":{"pY":0,"skY":-27.52,"x":-26.2,"scX":0.68,"y":-79.65,"scY":0.68,"pX":0,"skX":-27.54},"displayIndex":9},{"z":4,"duration":1,"transform":{"pY":0,"skY":-22.76,"x":-30.7,"scX":0.68,"y":-81.35,"scY":0.68,"pX":0,"skX":-22.76},"displayIndex":4},{"transform":{"pY":0,"skY":5.72,"x":-34.45,"scX":0.68,"y":-80.95,"scY":0.68,"pX":0,"skX":5.82},"z":4,"duration":1},{"transform":{"pY":0,"skY":10.28,"x":-37.9,"scX":0.68,"y":-78.9,"scY":0.68,"pX":0,"skX":10.39},"z":4,"duration":1},{"z":4,"duration":1,"transform":{"pY":0,"skY":15.02,"x":-41.7,"scX":0.68,"y":-75.1,"scY":0.68,"pX":0,"skX":15.14},"displayIndex":1},{"z":4,"duration":1,"transform":{"pY":0,"skY":19.77,"x":-45.25,"scX":0.68,"y":-69.65,"scY":0.68,"pX":0,"skX":19.89},"displayIndex":1},{"z":4,"duration":1,"transform":{"pY":0,"skY":24.52,"x":-48.8,"scX":0.68,"y":-62.75,"scY":0.68,"pX":0,"skX":24.64},"displayIndex":7},{"z":4,"duration":1,"transform":{"pY":0,"skY":29.27,"x":-52.5,"scX":0.68,"y":-54.6,"scY":0.68,"pX":0,"skX":29.39},"displayIndex":7},{"z":4,"duration":1,"transform":{"pY":0,"skY":34.03,"x":-56.1,"scX":0.68,"y":-45.05,"scY":0.68,"pX":0,"skX":34.14},"displayIndex":8},{"z":4,"duration":1,"transform":{"pY":0,"skY":57.67,"x":-58.95,"scX":0.68,"y":-33.6,"scY":0.68,"pX":0,"skX":57.72},"displayIndex":3},{"z":4,"duration":1,"transform":{"pY":0,"skY":62.44,"x":-61.45,"scX":0.68,"y":-23.7,"scY":0.68,"pX":0,"skX":62.47},"colorTransform":{"gO":0,"bO":0,"aM":70,"rM":100,"aO":0,"gM":100,"rO":0,"bM":100},"displayIndex":9},{"z":4,"duration":1,"transform":{"pY":0,"skY":67.21,"x":-63.45,"scX":0.68,"y":-13.5,"scY":0.68,"pX":0,"skX":67.22},"colorTransform":{"gO":0,"bO":0,"aM":50,"rM":100,"aO":0,"gM":100,"rO":0,"bM":100},"displayIndex":9},{"z":4,"duration":1,"transform":{"pY":0,"skY":71.98,"x":-64.95,"scX":0.68,"y":-3.3,"scY":0.68,"pX":0,"skX":71.97},"colorTransform":{"gO":0,"bO":0,"aM":30,"rM":100,"aO":0,"gM":100,"rO":0,"bM":100},"displayIndex":4},{"z":4,"duration":1,"transform":{"pY":0,"skY":114.36,"x":-66.15,"scX":0.68,"y":8.55,"scY":0.68,"pX":0,"skX":114.24},"colorTransform":{"gO":0,"bO":0,"aM":10,"rM":100,"aO":0,"gM":100,"rO":0,"bM":100},"displayIndex":1},{"z":4,"duration":1,"transform":{"pY":0,"skY":114.36,"x":-66.15,"scX":0.68,"y":8.55,"scY":0.68,"pX":0,"skX":114.24},"colorTransform":{"gO":0,"bO":0,"aM":10,"rM":100,"aO":0,"gM":100,"rO":0,"bM":100},"displayIndex":10},{"duration":5,"displayIndex":-1}],"offset":0},{"name":2,"scale":1,"frame":[{"duration":1,"displayIndex":-1},{"z":5,"duration":1,"transform":{"pY":0,"skY":79.67,"x":-22.85,"scX":-0.85,"y":-8.25,"scY":0.85,"pX":0,"skX":79.79},"displayIndex":1},{"z":5,"duration":1,"transform":{"pY":0,"skY":75.08,"x":-16.95,"scX":-0.85,"y":-19.7,"scY":0.85,"pX":0,"skX":75.2},"displayIndex":1},{"z":5,"duration":1,"transform":{"pY":0,"skY":70.33,"x":-10.2,"scX":-0.85,"y":-30.45,"scY":0.85,"pX":0,"skX":70.45},"displayIndex":7},{"z":5,"duration":1,"transform":{"pY":0,"skY":32.28,"x":-3.05,"scX":-0.85,"y":-41.55,"scY":0.85,"pX":0,"skX":32.32},"displayIndex":10},{"z":5,"duration":1,"transform":{"pY":0,"skY":27.52,"x":1.75,"scX":-0.85,"y":-45.15,"scY":0.85,"pX":0,"skX":27.54},"displayIndex":10},{"z":5,"duration":1,"transform":{"pY":0,"skY":22.77,"x":7.35,"scX":-0.85,"y":-47.2,"scY":0.84,"pX":0,"skX":22.76},"displayIndex":4},{"transform":{"pY":0,"skY":-5.72,"x":12,"scX":-0.85,"y":-46.75,"scY":0.85,"pX":0,"skX":-5.82},"z":5,"duration":1},{"transform":{"pY":0,"skY":-10.28,"x":16.35,"scX":-0.85,"y":-44.25,"scY":0.85,"pX":0,"skX":-10.39},"z":5,"duration":1},{"z":5,"duration":1,"transform":{"pY":0,"skY":-15.02,"x":21.1,"scX":-0.85,"y":-39.5,"scY":0.85,"pX":0,"skX":-15.14},"displayIndex":1},{"z":5,"duration":1,"transform":{"pY":0,"skY":-19.77,"x":25.6,"scX":-0.85,"y":-32.65,"scY":0.85,"pX":0,"skX":-19.89},"displayIndex":1},{"z":5,"duration":1,"transform":{"pY":0,"skY":-24.52,"x":30,"scX":-0.85,"y":-24.1,"scY":0.85,"pX":0,"skX":-24.64},"displayIndex":7},{"z":5,"duration":1,"transform":{"pY":0,"skY":-29.27,"x":34.65,"scX":-0.85,"y":-13.85,"scY":0.85,"pX":0,"skX":-29.39},"displayIndex":7},{"z":5,"duration":1,"transform":{"pY":0,"skY":-34.03,"x":39.15,"scX":-0.85,"y":-1.95,"scY":0.85,"pX":0,"skX":-34.14},"displayIndex":8},{"z":5,"duration":1,"transform":{"pY":0,"skY":-57.67,"x":42.65,"scX":-0.85,"y":12.4,"scY":0.85,"pX":0,"skX":-57.71},"displayIndex":3},{"z":5,"duration":1,"transform":{"pY":0,"skY":-62.44,"x":45.8,"scX":-0.85,"y":24.8,"scY":0.85,"pX":0,"skX":-62.46},"colorTransform":{"gO":0,"bO":0,"aM":70,"rM":100,"aO":0,"gM":100,"rO":0,"bM":100},"displayIndex":10},{"z":5,"duration":1,"transform":{"pY":0,"skY":-67.21,"x":48.25,"scX":-0.85,"y":37.55,"scY":0.85,"pX":0,"skX":-67.21},"colorTransform":{"gO":0,"bO":0,"aM":50,"rM":100,"aO":0,"gM":100,"rO":0,"bM":100},"displayIndex":10},{"z":5,"duration":1,"transform":{"pY":0,"skY":-71.98,"x":50.15,"scX":-0.85,"y":50.25,"scY":0.85,"pX":0,"skX":-71.96},"colorTransform":{"gO":0,"bO":0,"aM":30,"rM":100,"aO":0,"gM":100,"rO":0,"bM":100},"displayIndex":4},{"z":5,"duration":1,"transform":{"pY":0,"skY":-114.36,"x":51.65,"scX":-0.85,"y":65.1,"scY":0.85,"pX":0,"skX":-114.24},"colorTransform":{"gO":0,"bO":0,"aM":10,"rM":100,"aO":0,"gM":100,"rO":0,"bM":100},"displayIndex":1},{"z":5,"duration":1,"transform":{"pY":0,"skY":-114.36,"x":51.65,"scX":-0.85,"y":65.1,"scY":0.85,"pX":0,"skX":-114.24},"colorTransform":{"gO":0,"bO":0,"aM":10,"rM":100,"aO":0,"gM":100,"rO":0,"bM":100},"displayIndex":9},{"duration":7,"displayIndex":-1}],"offset":0},{"name":1,"scale":1,"frame":[{"transform":{"pY":0,"skY":10.25,"x":-33.6,"scX":0.85,"y":-6.55,"scY":0.85,"pX":0,"skX":10.36},"z":6,"duration":1},{"z":6,"duration":1,"transform":{"pY":0,"skY":15.01,"x":-35.6,"scX":0.85,"y":-21.05,"scY":0.85,"pX":0,"skX":15.13},"displayIndex":1},{"z":6,"duration":1,"transform":{"pY":0,"skY":19.76,"x":-38.4,"scX":0.85,"y":-35.2,"scY":0.85,"pX":0,"skX":19.89},"displayIndex":1},{"z":6,"duration":1,"transform":{"pY":0,"skY":43.36,"x":-42.4,"scX":0.85,"y":-48.25,"scY":0.85,"pX":0,"skX":43.46},"displayIndex":2},{"z":6,"duration":1,"transform":{"pY":0,"skY":48.14,"x":-45.1,"scX":0.85,"y":-52.15,"scY":0.85,"pX":0,"skX":48.21},"displayIndex":2},{"z":6,"duration":1,"transform":{"pY":0,"skY":52.91,"x":-49.25,"scX":0.85,"y":-54.35,"scY":0.85,"pX":0,"skX":52.96},"displayIndex":3},{"z":6,"duration":1,"transform":{"pY":0,"skY":57.68,"x":-53.95,"scX":0.85,"y":-52.65,"scY":0.85,"pX":0,"skX":57.72},"displayIndex":3},{"z":6,"duration":1,"transform":{"pY":0,"skY":71.98,"x":-57.4,"scX":0.85,"y":-48.45,"scY":0.85,"pX":0,"skX":71.96},"displayIndex":4},{"z":6,"duration":1,"transform":{"pY":0,"skY":76.75,"x":-59.85,"scX":0.85,"y":-44.8,"scY":0.85,"pX":0,"skX":76.71},"displayIndex":4},{"z":6,"duration":1,"transform":{"pY":0,"skY":81.52,"x":-62.55,"scX":0.85,"y":-40.05,"scY":0.85,"pX":0,"skX":81.46},"displayIndex":5},{"z":6,"duration":1,"transform":{"pY":0,"skY":86.28,"x":-65.5,"scX":0.85,"y":-34.25,"scY":0.85,"pX":0,"skX":86.2},"displayIndex":5},{"z":6,"duration":1,"transform":{"pY":0,"skY":91.04,"x":-68.6,"scX":0.85,"y":-27.35,"scY":0.85,"pX":0,"skX":90.95},"displayIndex":6},{"z":6,"duration":1,"transform":{"pY":0,"skY":95.79,"x":-71.85,"scX":0.85,"y":-19.4,"scY":0.85,"pX":0,"skX":95.69},"displayIndex":6},{"transform":{"pY":0,"skY":100.36,"x":-75,"scX":0.85,"y":-10.25,"scY":0.85,"pX":0,"skX":100.24},"z":6,"duration":1},{"transform":{"pY":0,"skY":104.92,"x":-78,"scX":0.85,"y":0.15,"scY":0.85,"pX":0,"skX":104.8},"z":6,"duration":1},{"z":6,"duration":1,"transform":{"pY":0,"skY":123.9,"x":-80.95,"scX":0.85,"y":12.3,"scY":0.85,"pX":0,"skX":123.79},"colorTransform":{"gO":0,"bO":0,"aM":70,"rM":100,"aO":0,"gM":100,"rO":0,"bM":100},"displayIndex":7},{"z":6,"duration":1,"transform":{"pY":0,"skY":128.67,"x":-83.4,"scX":0.85,"y":28.05,"scY":0.85,"pX":0,"skX":128.56},"colorTransform":{"gO":0,"bO":0,"aM":50,"rM":100,"aO":0,"gM":100,"rO":0,"bM":100},"displayIndex":8},{"z":6,"duration":1,"transform":{"pY":0,"skY":133.42,"x":-84.65,"scX":0.85,"y":43.85,"scY":0.85,"pX":0,"skX":133.33},"colorTransform":{"gO":0,"bO":0,"aM":30,"rM":100,"aO":0,"gM":100,"rO":0,"bM":100},"displayIndex":8},{"z":6,"duration":1,"transform":{"pY":0,"skY":161.95,"x":-86.05,"scX":0.85,"y":60.45,"scY":0.85,"pX":0,"skX":161.97},"colorTransform":{"gO":0,"bO":0,"aM":10,"rM":100,"aO":0,"gM":100,"rO":0,"bM":100},"displayIndex":9},{"z":6,"duration":1,"transform":{"pY":0,"skY":161.95,"x":-86.05,"scX":0.85,"y":60.45,"scY":0.85,"pX":0,"skX":161.97},"colorTransform":{"gO":0,"bO":0,"aM":10,"rM":100,"aO":0,"gM":100,"rO":0,"bM":100},"displayIndex":10},{"duration":7,"displayIndex":-1}],"offset":0}],"duration":27,"scale":1,"loop":1,"tweenEasing":null,"name":"ui_big_money_3","fadeInTime":0}]}],"version":2.3}