{"imagePath":"texture.png","name":"chaoeshouyi","SubTexture":[{"name":"chaoeshouyiku/syjingbi10","x":90,"width":29,"y":0,"height":28},{"name":"chaoeshouyiku/syjingbi1","x":0,"width":29,"y":60,"height":28},{"name":"chaoeshouyiku/syjingbi4","x":60,"width":29,"y":0,"height":28},{"name":"chaoeshouyiku/syjingbi5","x":0,"width":29,"y":30,"height":28},{"name":"chaoeshouyiku/syjingbi7","x":30,"width":29,"y":0,"height":28},{"name":"chaoeshouyiku/syjingbi8","x":60,"width":29,"y":30,"height":28},{"name":"chaoeshouyiku/syjingbi9","x":90,"width":29,"y":30,"height":28},{"name":"chaoeshouyiku/syjingbi2","x":30,"width":29,"y":30,"height":28},{"name":"chaoeshouyiku/syjingbi3","x":30,"width":29,"y":60,"height":28},{"name":"chaoeshouyiku/syjingbi6","x":0,"width":29,"y":0,"height":28},{"name":"chaoeshouyiku/sytoumingdian","x":120,"width":2,"y":0,"height":2}]}