{"frameRate":30,"name":"xzixiao","armature":[{"name":"xzixiaoku/xzixiao","bone":[{"transform":{"skX":0,"scY":1,"x":0.2,"skY":0,"y":-0.7,"scX":1},"name":2},{"transform":{"skX":0,"scY":1,"x":-0.05,"skY":0,"y":0,"scX":1},"name":1},{"transform":{"skX":-136.57,"scY":0.58,"x":-8.85,"skY":-136.47,"y":7.35,"scX":-0.16},"name":17},{"transform":{"skX":42.88,"scY":0.39,"x":-10.65,"skY":42.88,"y":3.75,"scX":-1.33},"name":16},{"transform":{"skX":-136.53,"scY":0.07,"x":-4.5,"skY":-137.71,"y":-2.05,"scX":-0.17},"name":15},{"transform":{"skX":-136.53,"scY":0.07,"x":-16.55,"skY":-137.71,"y":10.8,"scX":-0.17},"name":14},{"transform":{"skX":43.43,"scY":0.58,"x":7.1,"skY":43.53,"y":18.1,"scX":-0.16},"name":13},{"transform":{"skX":-137.12,"scY":0.39,"x":8.85,"skY":-137.12,"y":21.6,"scX":-1.33},"name":12},{"transform":{"skX":43.47,"scY":0.07,"x":2.75,"skY":42.29,"y":27.4,"scX":-0.17},"name":11},{"transform":{"skX":40.52,"scY":0.07,"x":14.9,"skY":39.34,"y":13.8,"scX":-0.17},"name":10},{"transform":{"skX":-43.86,"scY":0.58,"x":-9.3,"skY":-43.96,"y":24.4,"scX":0.16},"name":9},{"transform":{"skX":136.7,"scY":0.39,"x":-11.05,"skY":136.7,"y":28,"scX":1.33},"name":8},{"transform":{"skX":-43.89,"scY":0.07,"x":-4.8,"skY":-42.71,"y":33.7,"scX":0.17},"name":7},{"transform":{"skX":-43.89,"scY":0.07,"x":-17,"skY":-42.71,"y":21.05,"scX":0.17},"name":6},{"transform":{"skX":136.14,"scY":0.58,"x":5.1,"skY":136.04,"y":3.75,"scX":0.16},"name":5},{"transform":{"skX":-43.3,"scY":0.39,"x":6.85,"skY":-43.3,"y":0.2,"scX":1.33},"name":4},{"transform":{"skX":136.11,"scY":0.07,"x":0.65,"skY":137.29,"y":-5.55,"scX":0.17},"name":3}],"skin":[{"slot":[{"name":2,"z":15,"display":[{"transform":{"pY":40,"scY":1,"x":0,"y":0,"skX":0,"skY":0,"pX":40,"scX":1},"name":"xzixiaoku/xzixiaotubiao","type":"image"},{"transform":{"pY":94.95,"scY":1,"x":0,"y":0,"skX":0,"skY":0,"pX":271.95,"scX":1},"name":"xzixiaoku/xzixiaoliang","type":"image"}],"blendMode":"add","parent":2},{"name":1,"z":16,"display":[{"transform":{"pY":31.6,"scY":1,"x":0.05,"y":0.05,"skX":0,"skY":0,"pX":30.85,"scX":1},"name":"xzixiaoku/xzixiaolunkuo","type":"image"},{"transform":{"pY":51.1,"scY":1,"x":0,"y":0,"skX":0,"skY":0,"pX":49.75,"scX":1},"name":"xzixiaoku/xzixiaogaoliang","type":"image"}],"blendMode":"add","parent":1},{"name":17,"z":0,"display":[{"transform":{"pY":94.95,"scY":1,"x":-0.45,"y":-0.1,"skX":0,"skY":0,"pX":271.95,"scX":1},"name":"xzixiaoku/xzixiaoliang","type":"image"}],"blendMode":"add","parent":17},{"name":16,"z":1,"display":[{"transform":{"pY":36.7,"scY":1,"x":0.1,"y":-0.1,"skX":0,"skY":0,"pX":47.3,"scX":1},"name":"xzixiaoku/xzixiaoliangxian","type":"image"}],"parent":16},{"name":15,"z":2,"display":[{"transform":{"pY":94.95,"scY":1,"x":0,"y":0,"skX":0,"skY":0,"pX":271.95,"scX":1},"name":"xzixiaoku/xzixiaoliang","type":"image"}],"blendMode":"add","parent":15},{"name":14,"z":3,"display":[{"transform":{"pY":94.95,"scY":1,"x":0,"y":0,"skX":0,"skY":0,"pX":271.95,"scX":1},"name":"xzixiaoku/xzixiaoliang","type":"image"}],"blendMode":"add","parent":14},{"name":13,"z":4,"display":[{"transform":{"pY":94.95,"scY":1,"x":-0.45,"y":-0.15,"skX":0,"skY":0,"pX":271.95,"scX":1},"name":"xzixiaoku/xzixiaoliang","type":"image"}],"blendMode":"add","parent":13},{"name":12,"z":5,"display":[{"transform":{"pY":36.7,"scY":1,"x":0.15,"y":-0.05,"skX":0,"skY":0,"pX":47.3,"scX":1},"name":"xzixiaoku/xzixiaoliangxian","type":"image"}],"parent":12},{"name":11,"z":6,"display":[{"transform":{"pY":94.95,"scY":1,"x":0,"y":0,"skX":0,"skY":0,"pX":271.95,"scX":1},"name":"xzixiaoku/xzixiaoliang","type":"image"}],"blendMode":"add","parent":11},{"name":10,"z":7,"display":[{"transform":{"pY":94.95,"scY":1,"x":0,"y":0,"skX":0,"skY":0,"pX":271.95,"scX":1},"name":"xzixiaoku/xzixiaoliang","type":"image"}],"blendMode":"add","parent":10},{"name":9,"z":8,"display":[{"transform":{"pY":94.95,"scY":1,"x":-0.45,"y":0,"skX":0,"skY":0,"pX":271.95,"scX":1},"name":"xzixiaoku/xzixiaoliang","type":"image"}],"blendMode":"add","parent":9},{"name":8,"z":9,"display":[{"transform":{"pY":36.7,"scY":1,"x":0.1,"y":-0.2,"skX":0,"skY":0,"pX":47.3,"scX":1},"name":"xzixiaoku/xzixiaoliangxian","type":"image"}],"parent":8},{"name":7,"z":10,"display":[{"transform":{"pY":94.95,"scY":1,"x":0,"y":0,"skX":0,"skY":0,"pX":271.95,"scX":1},"name":"xzixiaoku/xzixiaoliang","type":"image"}],"blendMode":"add","parent":7},{"name":6,"z":11,"display":[{"transform":{"pY":94.95,"scY":1,"x":0,"y":0,"skX":0,"skY":0,"pX":271.95,"scX":1},"name":"xzixiaoku/xzixiaoliang","type":"image"}],"blendMode":"add","parent":6},{"name":5,"z":12,"display":[{"transform":{"pY":94.95,"scY":1,"x":-0.45,"y":-0.1,"skX":0,"skY":0,"pX":271.95,"scX":1},"name":"xzixiaoku/xzixiaoliang","type":"image"}],"blendMode":"add","parent":5},{"name":4,"z":13,"display":[{"transform":{"pY":36.7,"scY":1,"x":0.15,"y":-0.1,"skX":0,"skY":0,"pX":47.3,"scX":1},"name":"xzixiaoku/xzixiaoliangxian","type":"image"}],"parent":4},{"name":3,"z":14,"display":[{"transform":{"pY":94.95,"scY":1,"x":0,"y":0,"skX":0,"skY":0,"pX":271.95,"scX":1},"name":"xzixiaoku/xzixiaoliang","type":"image"}],"blendMode":"add","parent":3}],"name":"default"}],"animation":[{"autoTween":1,"timeline":[{"name":2,"scale":1,"frame":[{"z":15,"duration":3,"transform":{"pY":0,"scY":1,"x":0.2,"y":-0.7,"skX":0,"skY":0,"pX":0,"scX":1},"tweenEasing":0},{"z":15,"duration":3,"transform":{"pY":0,"scY":1.1,"x":0.2,"y":-0.7,"skX":0,"skY":0,"pX":0,"scX":1.1},"tweenEasing":0},{"z":15,"duration":3,"transform":{"pY":0,"scY":0.94,"x":0.2,"y":-0.7,"skX":0,"skY":0,"pX":0,"scX":0.94},"tweenEasing":0},{"z":15,"duration":3,"transform":{"pY":0,"scY":1.04,"x":0.2,"y":-0.7,"skX":0,"skY":0,"pX":0,"scX":1.04},"tweenEasing":0},{"transform":{"pY":0,"scY":1,"x":0.2,"y":-0.7,"skX":0,"skY":0,"pX":0,"scX":1},"z":15,"duration":2},{"transform":{"pY":0,"scY":1,"x":0.2,"y":-0.7,"skX":0,"skY":0,"pX":0,"scX":1},"z":15,"duration":1}],"offset":0},{"name":1,"scale":1,"frame":[{"z":16,"duration":3,"transform":{"pY":0,"scY":1,"x":-0.05,"y":0,"skX":0,"skY":0,"pX":0,"scX":1},"colorTransform":{"aM":0,"rM":100,"aO":0,"gM":100,"rO":0,"bM":100,"gO":0,"bO":0},"tweenEasing":0},{"z":16,"duration":3,"transform":{"pY":0,"scY":1.2,"x":-0.05,"y":0,"skX":0,"skY":0,"pX":0,"scX":1.2},"colorTransform":{"aM":65,"rM":100,"aO":0,"gM":100,"rO":0,"bM":100,"gO":0,"bO":0},"tweenEasing":0},{"z":16,"duration":8,"transform":{"pY":0,"scY":1.32,"x":0,"y":0,"skX":0,"skY":0,"pX":-0.05,"scX":1.32},"colorTransform":{"aM":65,"rM":100,"aO":0,"gM":100,"rO":0,"bM":100,"gO":0,"bO":0},"tweenEasing":0},{"z":16,"duration":1,"transform":{"pY":0,"scY":1.4,"x":-0.05,"y":0,"skX":0,"skY":0,"pX":0,"scX":1.4},"colorTransform":{"aM":0,"rM":100,"aO":0,"gM":100,"rO":0,"bM":100,"gO":0,"bO":0}}],"offset":0}],"duration":15,"scale":1,"loop":1,"tweenEasing":null,"name":"skill_x_state","fadeInTime":0},{"autoTween":1,"timeline":[{"name":17,"scale":1,"frame":[{"duration":3,"displayIndex":-1},{"z":0,"duration":3,"transform":{"pY":0,"scY":0.58,"x":-8.85,"y":7.35,"skX":-136.57,"skY":-136.47,"pX":0,"scX":-0.16},"colorTransform":{"aM":44,"rM":100,"aO":0,"gM":100,"rO":0,"bM":100,"gO":0,"bO":0},"tweenEasing":0},{"z":0,"duration":5,"transform":{"pY":0.05,"scY":0.75,"x":-23.15,"y":-5.9,"skX":-136.38,"skY":-136.63,"pX":0.1,"scX":-0.28},"colorTransform":{"aM":44,"rM":100,"aO":0,"gM":100,"rO":0,"bM":100,"gO":0,"bO":0},"tweenEasing":0},{"z":0,"duration":1,"transform":{"pY":-0.1,"scY":0.76,"x":-43.05,"y":-24.55,"skX":-136.38,"skY":-136.63,"pX":0.05,"scX":-0.34},"colorTransform":{"aM":0,"rM":100,"aO":0,"gM":100,"rO":0,"bM":100,"gO":0,"bO":0}}],"offset":0},{"name":16,"scale":1,"frame":[{"duration":3,"displayIndex":-1},{"z":1,"duration":3,"transform":{"pY":0,"scY":0.39,"x":-10.65,"y":3.75,"skX":42.88,"skY":42.88,"pX":0,"scX":-1.33},"tweenEasing":0},{"z":1,"duration":5,"transform":{"pY":0,"scY":0.39,"x":-38.05,"y":-21.65,"skX":42.88,"skY":42.88,"pX":0,"scX":-2.13},"tweenEasing":0},{"z":1,"duration":1,"transform":{"pY":0.05,"scY":0.27,"x":-52.05,"y":-34.7,"skX":42.88,"skY":42.88,"pX":0,"scX":-3.58},"colorTransform":{"aM":0,"rM":100,"aO":0,"gM":100,"rO":0,"bM":100,"gO":0,"bO":0}}],"offset":0},{"name":15,"scale":1,"frame":[{"duration":3,"displayIndex":-1},{"z":2,"duration":3,"transform":{"pY":0,"scY":0.07,"x":-4.5,"y":-2.05,"skX":-136.53,"skY":-137.71,"pX":0,"scX":-0.17},"tweenEasing":0},{"z":2,"duration":5,"transform":{"pY":0,"scY":0.07,"x":-26.7,"y":-22.7,"skX":-136.21,"skY":-137.5,"pX":0,"scX":-0.26},"tweenEasing":0},{"z":2,"duration":1,"transform":{"pY":0,"scY":0.07,"x":-36.55,"y":-31.8,"skX":-136.21,"skY":-137.51,"pX":0,"scX":-0.4},"colorTransform":{"aM":0,"rM":100,"aO":0,"gM":100,"rO":0,"bM":100,"gO":0,"bO":0}}],"offset":0},{"name":14,"scale":1,"frame":[{"duration":3,"displayIndex":-1},{"z":3,"duration":3,"transform":{"pY":0,"scY":0.07,"x":-16.55,"y":10.8,"skX":-136.53,"skY":-137.71,"pX":0,"scX":-0.17},"tweenEasing":0},{"z":3,"duration":5,"transform":{"pY":0,"scY":0.07,"x":-38.85,"y":-9.9,"skX":-136.21,"skY":-137.5,"pX":0,"scX":-0.26},"tweenEasing":0},{"z":3,"duration":1,"transform":{"pY":0,"scY":0.07,"x":-48.65,"y":-18.95,"skX":-136.21,"skY":-137.5,"pX":0,"scX":-0.45},"colorTransform":{"aM":0,"rM":100,"aO":0,"gM":100,"rO":0,"bM":100,"gO":0,"bO":0}}],"offset":0},{"name":13,"scale":1,"frame":[{"duration":3,"displayIndex":-1},{"z":4,"duration":3,"transform":{"pY":0,"scY":0.58,"x":7.1,"y":18.1,"skX":43.43,"skY":43.53,"pX":0,"scX":-0.16},"colorTransform":{"aM":44,"rM":100,"aO":0,"gM":100,"rO":0,"bM":100,"gO":0,"bO":0},"tweenEasing":0},{"z":4,"duration":5,"transform":{"pY":0.05,"scY":0.75,"x":21.4,"y":31.35,"skX":43.62,"skY":43.37,"pX":0.2,"scX":-0.28},"colorTransform":{"aM":44,"rM":100,"aO":0,"gM":100,"rO":0,"bM":100,"gO":0,"bO":0},"tweenEasing":0},{"z":4,"duration":1,"transform":{"pY":0,"scY":0.76,"x":41.35,"y":50,"skX":43.62,"skY":43.37,"pX":0.15,"scX":-0.34},"colorTransform":{"aM":0,"rM":100,"aO":0,"gM":100,"rO":0,"bM":100,"gO":0,"bO":0}}],"offset":0},{"name":12,"scale":1,"frame":[{"duration":3,"displayIndex":-1},{"z":5,"duration":3,"transform":{"pY":0,"scY":0.39,"x":8.85,"y":21.6,"skX":-137.12,"skY":-137.12,"pX":0,"scX":-1.33},"tweenEasing":0},{"z":5,"duration":5,"transform":{"pY":0.1,"scY":0.39,"x":36.3,"y":47.15,"skX":-137.12,"skY":-137.12,"pX":-0.1,"scX":-2.13},"tweenEasing":0},{"z":5,"duration":1,"transform":{"pY":0,"scY":0.27,"x":50.25,"y":60.1,"skX":-137.12,"skY":-137.12,"pX":-0.05,"scX":-3.58},"colorTransform":{"aM":0,"rM":100,"aO":0,"gM":100,"rO":0,"bM":100,"gO":0,"bO":0}}],"offset":0},{"name":11,"scale":1,"frame":[{"duration":3,"displayIndex":-1},{"z":6,"duration":3,"transform":{"pY":0,"scY":0.07,"x":2.75,"y":27.4,"skX":43.47,"skY":42.29,"pX":0,"scX":-0.17},"tweenEasing":0},{"z":6,"duration":5,"transform":{"pY":0,"scY":0.07,"x":24.95,"y":48.15,"skX":43.79,"skY":42.5,"pX":0,"scX":-0.26},"tweenEasing":0},{"z":6,"duration":1,"transform":{"pY":0,"scY":0.07,"x":34.75,"y":57.15,"skX":43.79,"skY":42.49,"pX":0,"scX":-0.4},"colorTransform":{"aM":0,"rM":100,"aO":0,"gM":100,"rO":0,"bM":100,"gO":0,"bO":0}}],"offset":0},{"name":10,"scale":1,"frame":[{"duration":3,"displayIndex":-1},{"z":7,"duration":3,"transform":{"pY":0,"scY":0.07,"x":14.9,"y":13.8,"skX":40.52,"skY":39.34,"pX":0,"scX":-0.17},"tweenEasing":0},{"z":7,"duration":5,"transform":{"pY":0,"scY":0.07,"x":38.2,"y":33.25,"skX":40.84,"skY":39.54,"pX":0,"scX":-0.26},"tweenEasing":0},{"z":7,"duration":1,"transform":{"pY":0,"scY":0.07,"x":48.45,"y":41.85,"skX":40.84,"skY":39.55,"pX":0,"scX":-0.45},"colorTransform":{"aM":0,"rM":100,"aO":0,"gM":100,"rO":0,"bM":100,"gO":0,"bO":0}}],"offset":0},{"name":9,"scale":1,"frame":[{"duration":3,"displayIndex":-1},{"z":8,"duration":3,"transform":{"pY":0,"scY":0.58,"x":-9.3,"y":24.4,"skX":-43.86,"skY":-43.96,"pX":0,"scX":0.16},"colorTransform":{"aM":44,"rM":100,"aO":0,"gM":100,"rO":0,"bM":100,"gO":0,"bO":0},"tweenEasing":0},{"z":8,"duration":5,"transform":{"pY":-0.05,"scY":0.75,"x":-23.1,"y":29.65,"skX":-44.04,"skY":-43.8,"pX":0.05,"scX":0.28},"colorTransform":{"aM":44,"rM":100,"aO":0,"gM":100,"rO":0,"bM":100,"gO":0,"bO":0},"tweenEasing":0},{"z":8,"duration":1,"transform":{"pY":-0.2,"scY":0.76,"x":-42.85,"y":48.45,"skX":-44.04,"skY":-43.79,"pX":0,"scX":0.34},"colorTransform":{"aM":0,"rM":100,"aO":0,"gM":100,"rO":0,"bM":100,"gO":0,"bO":0}}],"offset":0},{"name":8,"scale":1,"frame":[{"duration":3,"displayIndex":-1},{"z":9,"duration":3,"transform":{"pY":0,"scY":0.39,"x":-11.05,"y":28,"skX":136.7,"skY":136.7,"pX":0,"scX":1.33},"tweenEasing":0},{"z":9,"duration":5,"transform":{"pY":0.25,"scY":0.39,"x":-37.8,"y":45.55,"skX":136.7,"skY":136.7,"pX":0,"scX":2.13},"tweenEasing":0},{"z":9,"duration":1,"transform":{"pY":0.3,"scY":0.27,"x":-51.75,"y":58.65,"skX":136.7,"skY":136.7,"pX":-0.05,"scX":3.58},"colorTransform":{"aM":0,"rM":100,"aO":0,"gM":100,"rO":0,"bM":100,"gO":0,"bO":0}}],"offset":0},{"name":7,"scale":1,"frame":[{"duration":3,"displayIndex":-1},{"z":10,"duration":3,"transform":{"pY":0,"scY":0.07,"x":-4.8,"y":33.7,"skX":-43.89,"skY":-42.71,"pX":0,"scX":0.17},"tweenEasing":0},{"z":10,"duration":5,"transform":{"pY":0,"scY":0.07,"x":-26.5,"y":46.45,"skX":-44.22,"skY":-42.92,"pX":0,"scX":0.26},"tweenEasing":0},{"z":10,"duration":1,"transform":{"pY":0,"scY":0.07,"x":-36.2,"y":55.65,"skX":-44.22,"skY":-42.92,"pX":0,"scX":0.4},"colorTransform":{"aM":0,"rM":100,"aO":0,"gM":100,"rO":0,"bM":100,"gO":0,"bO":0}}],"offset":0},{"name":6,"scale":1,"frame":[{"duration":3,"displayIndex":-1},{"z":11,"duration":3,"transform":{"pY":0,"scY":0.07,"x":-17,"y":21.05,"skX":-43.89,"skY":-42.71,"pX":0,"scX":0.17},"tweenEasing":0},{"z":11,"duration":5,"transform":{"pY":0,"scY":0.07,"x":-38.65,"y":33.7,"skX":-44.22,"skY":-42.92,"pX":0,"scX":0.26},"tweenEasing":0},{"z":11,"duration":1,"transform":{"pY":0,"scY":0.07,"x":-48.45,"y":42.85,"skX":-44.22,"skY":-42.92,"pX":0,"scX":0.45},"colorTransform":{"aM":0,"rM":100,"aO":0,"gM":100,"rO":0,"bM":100,"gO":0,"bO":0}}],"offset":0},{"name":5,"scale":1,"frame":[{"duration":3,"displayIndex":-1},{"z":12,"duration":3,"transform":{"pY":0,"scY":0.58,"x":5.1,"y":3.75,"skX":136.14,"skY":136.04,"pX":0,"scX":0.16},"colorTransform":{"aM":44,"rM":100,"aO":0,"gM":100,"rO":0,"bM":100,"gO":0,"bO":0},"tweenEasing":0},{"z":12,"duration":5,"transform":{"pY":0.05,"scY":0.75,"x":19.35,"y":-9.6,"skX":135.96,"skY":136.2,"pX":0,"scX":0.28},"colorTransform":{"aM":44,"rM":100,"aO":0,"gM":100,"rO":0,"bM":100,"gO":0,"bO":0},"tweenEasing":0},{"z":12,"duration":1,"transform":{"pY":-0.05,"scY":0.76,"x":39.1,"y":-28.4,"skX":135.96,"skY":136.21,"pX":0.15,"scX":0.34},"colorTransform":{"aM":0,"rM":100,"aO":0,"gM":100,"rO":0,"bM":100,"gO":0,"bO":0}}],"offset":0},{"name":4,"scale":1,"frame":[{"duration":3,"displayIndex":-1},{"z":13,"duration":3,"transform":{"pY":0,"scY":0.39,"x":6.85,"y":0.2,"skX":-43.3,"skY":-43.3,"pX":0,"scX":1.33},"tweenEasing":0},{"z":13,"duration":5,"transform":{"pY":0.15,"scY":0.39,"x":34.05,"y":-25.55,"skX":-43.3,"skY":-43.3,"pX":-0.05,"scX":2.13},"tweenEasing":0},{"z":13,"duration":1,"transform":{"pY":0.2,"scY":0.27,"x":48,"y":-38.65,"skX":-43.3,"skY":-43.3,"pX":-0.05,"scX":3.58},"colorTransform":{"aM":0,"rM":100,"aO":0,"gM":100,"rO":0,"bM":100,"gO":0,"bO":0}}],"offset":0},{"name":3,"scale":1,"frame":[{"duration":3,"displayIndex":-1},{"z":14,"duration":3,"transform":{"pY":0,"scY":0.07,"x":0.65,"y":-5.55,"skX":136.11,"skY":137.29,"pX":0,"scX":0.17},"tweenEasing":0},{"z":14,"duration":5,"transform":{"pY":0,"scY":0.07,"x":22.8,"y":-26.5,"skX":135.78,"skY":137.08,"pX":0,"scX":0.26},"tweenEasing":0},{"z":14,"duration":1,"transform":{"pY":0,"scY":0.07,"x":32.5,"y":-35.6,"skX":135.78,"skY":137.08,"pX":0,"scX":0.4},"colorTransform":{"aM":0,"rM":100,"aO":0,"gM":100,"rO":0,"bM":100,"gO":0,"bO":0}}],"offset":0},{"name":2,"scale":1,"frame":[{"duration":3,"displayIndex":-1},{"z":15,"duration":3,"transform":{"pY":0,"scY":0.07,"x":12.85,"y":7.15,"skX":136.11,"skY":137.29,"pX":0,"scX":0.17},"displayIndex":1,"tweenEasing":0},{"z":15,"duration":5,"transform":{"pY":0,"scY":0.07,"x":34.95,"y":-13.65,"skX":135.78,"skY":137.08,"pX":0,"scX":0.26},"displayIndex":1,"tweenEasing":0},{"z":15,"duration":1,"transform":{"pY":0,"scY":0.07,"x":44.65,"y":-22.9,"skX":135.78,"skY":137.08,"pX":0,"scX":0.45},"colorTransform":{"aM":0,"rM":100,"aO":0,"gM":100,"rO":0,"bM":100,"gO":0,"bO":0},"displayIndex":1}],"offset":0},{"name":1,"scale":1,"frame":[{"z":16,"duration":3,"transform":{"pY":0,"scY":1,"x":-0.1,"y":1.05,"skX":0,"skY":0,"pX":0,"scX":1},"displayIndex":1,"tweenEasing":0},{"z":16,"duration":3,"transform":{"pY":0,"scY":1.57,"x":-0.1,"y":1.05,"skX":0,"skY":0,"pX":0,"scX":1.57},"displayIndex":1,"tweenEasing":0},{"z":16,"duration":5,"transform":{"pY":0,"scY":2.89,"x":-0.1,"y":1.05,"skX":0,"skY":0,"pX":0,"scX":2.89},"displayIndex":1,"tweenEasing":0},{"z":16,"duration":1,"transform":{"pY":0,"scY":2.87,"x":-0.1,"y":1.05,"skX":0,"skY":0,"pX":0,"scX":2.87},"colorTransform":{"aM":0,"rM":100,"aO":0,"gM":100,"rO":0,"bM":100,"gO":0,"bO":0},"displayIndex":1}],"offset":0}],"duration":12,"scale":1,"loop":1,"tweenEasing":null,"name":"skill_x_blast","fadeInTime":0}]}],"version":2.3}