{"frameRate":30,"name":"suijimanbu","armature":[{"name":"suijimanbuku/suijimanbu","bone":[{"transform":{"skX":0,"scY":1,"x":6.7,"skY":0,"y":-12.7,"scX":1},"name":3},{"transform":{"skX":11.74,"scY":2.08,"x":10,"skY":11.74,"y":-20,"scX":2.08},"name":1}],"skin":[{"slot":[{"name":3,"z":0,"display":[{"transform":{"pY":28,"scY":1,"x":0,"y":0,"skX":0,"skY":0,"pX":26,"scX":1},"name":"suijixiaoshandian1","type":"image"},{"transform":{"pY":46.75,"scY":1,"x":0,"y":0,"skX":0,"skY":0,"pX":34.75,"scX":1},"name":"suijixiaoshandian2","type":"image"},{"transform":{"pY":56.05,"scY":1,"x":0,"y":0,"skX":0,"skY":0,"pX":34.65,"scX":1},"name":"suijixiaoshandian3","type":"image"},{"transform":{"pY":58.4,"scY":1,"x":0,"y":0,"skX":0,"skY":0,"pX":37.1,"scX":1},"name":"suijixiaoshandian4","type":"image"},{"transform":{"pY":58.8,"scY":1,"x":0,"y":0,"skX":0,"skY":0,"pX":25.25,"scX":1},"name":"suijixiaoshandian5","type":"image"},{"transform":{"pY":58.2,"scY":1,"x":0,"y":0,"skX":0,"skY":0,"pX":39.8,"scX":1},"name":"suijixiaoshandian6","type":"image"},{"transform":{"pY":58.2,"scY":1,"x":0,"y":0,"skX":0,"skY":0,"pX":17.7,"scX":1},"name":"suijixiaoshandian7","type":"image"},{"transform":{"pY":39.5,"scY":1,"x":0,"y":0,"skX":0,"skY":0,"pX":24,"scX":1},"name":"suijixiaoshandian8","type":"image"},{"transform":{"pY":25.45,"scY":1,"x":0,"y":0,"skX":0,"skY":0,"pX":21.55,"scX":1},"name":"suijixiaoshandian9","type":"image"},{"transform":{"pY":18.35,"scY":1,"x":0,"y":0,"skX":0,"skY":0,"pX":22.15,"scX":1},"name":"suijixiaoshandian10","type":"image"},{"transform":{"pY":8.55,"scY":1,"x":0,"y":0,"skX":0,"skY":0,"pX":27.75,"scX":1},"name":"suijixiaoshandian11","type":"image"}],"parent":3},{"name":1,"z":1,"display":[{"transform":{"pY":26.15,"scY":1,"x":0,"y":0,"skX":0,"skY":0,"pX":25.9,"scX":1},"name":"suijimanbuku/suijixiaogaoliang","type":"image"}],"blendMode":"add","parent":1}],"name":"default"}],"animation":[{"autoTween":1,"timeline":[{"name":3,"scale":1,"frame":[{"transform":{"pY":0,"scY":1,"x":6.7,"y":-12.7,"skX":0,"skY":0,"pX":0,"scX":1},"z":0,"duration":1},{"z":0,"duration":1,"transform":{"pY":0,"scY":1,"x":6.7,"y":-12.7,"skX":0,"skY":0,"pX":0,"scX":1},"displayIndex":1},{"z":0,"duration":1,"transform":{"pY":0,"scY":1,"x":6.7,"y":-12.7,"skX":0,"skY":0,"pX":0,"scX":1},"colorTransform":{"aM":0,"rM":100,"aO":0,"gM":100,"rO":0,"bM":100,"gO":0,"bO":0},"displayIndex":1},{"z":0,"duration":1,"transform":{"pY":0,"scY":1,"x":6.7,"y":-12.7,"skX":0,"skY":0,"pX":0,"scX":1},"displayIndex":2},{"z":0,"duration":1,"transform":{"pY":0,"scY":1,"x":6.7,"y":-12.7,"skX":0,"skY":0,"pX":0,"scX":1},"displayIndex":3},{"z":0,"duration":1,"transform":{"pY":0,"scY":1,"x":6.7,"y":-12.7,"skX":0,"skY":0,"pX":0,"scX":1},"displayIndex":4},{"z":0,"duration":1,"transform":{"pY":0,"scY":1,"x":6.7,"y":-12.7,"skX":0,"skY":0,"pX":0,"scX":1},"displayIndex":5},{"z":0,"duration":1,"transform":{"pY":0,"scY":1,"x":6.7,"y":-12.7,"skX":0,"skY":0,"pX":0,"scX":1},"displayIndex":6},{"z":0,"duration":1,"transform":{"pY":0,"scY":1,"x":6.7,"y":-12.7,"skX":0,"skY":0,"pX":0,"scX":1},"colorTransform":{"aM":0,"rM":100,"aO":0,"gM":100,"rO":0,"bM":100,"gO":0,"bO":0},"displayIndex":6},{"duration":1,"displayIndex":-1}],"offset":0},{"name":1,"scale":1,"frame":[{"z":1,"duration":4,"transform":{"pY":0,"scY":2.08,"x":10,"y":-20,"skX":11.74,"skY":11.74,"pX":0,"scX":2.08},"colorTransform":{"aM":0,"rM":100,"aO":0,"gM":100,"rO":0,"bM":100,"gO":0,"bO":0},"tweenEasing":0},{"z":1,"duration":5,"transform":{"pY":0,"scY":2.86,"x":10,"y":-20,"skX":11.74,"skY":11.74,"pX":0,"scX":2.86},"colorTransform":{"aM":45,"rM":100,"aO":0,"gM":100,"rO":0,"bM":100,"gO":0,"bO":0},"tweenEasing":0},{"z":1,"duration":1,"transform":{"pY":0,"scY":2.03,"x":10,"y":-20,"skX":11.74,"skY":11.74,"pX":0,"scX":2.03},"colorTransform":{"aM":0,"rM":100,"aO":0,"gM":100,"rO":0,"bM":100,"gO":0,"bO":0}}],"offset":0}],"duration":10,"scale":1,"loop":1,"tweenEasing":null,"name":"bonus_03_05_cast_1","fadeInTime":0},{"autoTween":1,"timeline":[{"name":3,"scale":1,"frame":[{"z":0,"duration":1,"transform":{"pY":0,"scY":1,"x":5.85,"y":-1.2,"skX":0,"skY":0,"pX":0,"scX":1},"displayIndex":7},{"z":0,"duration":1,"transform":{"pY":0,"scY":1,"x":5.85,"y":-1.2,"skX":0,"skY":0,"pX":0,"scX":1},"displayIndex":8},{"z":0,"duration":1,"transform":{"pY":0,"scY":1,"x":5.85,"y":-1.2,"skX":0,"skY":0,"pX":0,"scX":1},"displayIndex":9},{"z":0,"duration":1,"transform":{"pY":0,"scY":1,"x":5.85,"y":-1.2,"skX":0,"skY":0,"pX":0,"scX":1},"displayIndex":10},{"z":0,"duration":1,"transform":{"pY":0,"scY":1,"x":5.85,"y":-1.2,"skX":0,"skY":0,"pX":0,"scX":1},"displayIndex":10}],"offset":0}],"duration":5,"scale":1,"loop":1,"tweenEasing":null,"name":"bonus_03_05_cast_2","fadeInTime":0}]}],"version":2.3}