{"name":"suijimanbu","SubTexture":[{"name":"suijixiaoshandian1","x":52,"width":52,"y":237,"height":56},{"name":"suijixiaoshandian2","x":178,"width":73,"y":80,"height":77},{"name":"suijixiaoshandian3","x":0,"width":78,"y":90,"height":86},{"name":"suijixiaoshandian4","x":91,"width":85,"y":0,"height":88},{"name":"suijixiaoshandian5","x":178,"width":74,"y":0,"height":78},{"name":"suijixiaoshandian6","x":0,"width":89,"y":0,"height":88},{"name":"suijixiaoshandian7","x":80,"width":67,"y":90,"height":64},{"name":"suijixiaoshandian8","x":131,"width":48,"y":159,"height":79},{"name":"suijixiaoshandian9","x":80,"width":49,"y":156,"height":79},{"name":"suijixiaoshandian10","x":181,"width":46,"y":159,"height":77},{"name":"suijixiaoshandian11","x":0,"width":50,"y":178,"height":71},{"name":"suijimanbuku/suijixiaogaoliang","x":181,"width":52,"y":238,"height":54}],"imagePath":"texture.png"}